00:16:06 INFO  : Registering command handlers for Vitis TCF services
00:16:07 INFO  : Launching XSCT server: xsct -n  -interactive /home/chethana/XILINX/New_IP_Accelerator/terrain_robot_hardware/temp_xsdb_launch_script.tcl
00:16:13 INFO  : XSCT server has started successfully.
00:16:14 INFO  : Platform repository initialization has completed.
00:16:40 INFO  : Successfully done setting XSCT server connection channel  
00:16:40 INFO  : plnx-install-location is set to ''
00:16:40 INFO  : Successfully done query RDI_DATADIR 
00:16:40 INFO  : Successfully done setting workspace for the tool. 
00:18:06 INFO  : Result from executing command 'getProjects': terrain_platform
00:18:06 INFO  : Result from executing command 'getPlatforms': 
00:39:17 INFO  : Hardware specification for platform project 'terrain_platform' is updated.
00:39:43 INFO  : Hardware specification for platform project 'terrain_platform' is updated.
00:42:10 INFO  : Result from executing command 'getProjects': terrain_platform1
00:42:10 INFO  : Result from executing command 'getPlatforms': 
00:49:27 INFO  : Connected to target on host '127.0.0.1' and port '3121'.
00:49:28 INFO  : Jtag cable 'Digilent JTAG-HS1 210512180081' is selected.
00:49:28 INFO  : 'jtag frequency' command is executed.
00:49:28 INFO  : Context for 'APU' is selected.
00:49:28 INFO  : System reset is completed.
00:49:31 INFO  : 'after 3000' command is executed.
00:49:31 INFO  : 'targets -set -filter {jtag_cable_name =~ "Digilent JTAG-HS1 210512180081" && level==0 && jtag_device_ctx=="jsn-JTAG-HS1-210512180081-23727093-0"}' command is executed.
00:49:34 INFO  : Device configured successfully with "/home/chethana/XILINX/New_IP_Accelerator/terrain_robot_hardware/terrain_test_app/_ide/bitstream/design_1_wrapper.bit"
00:49:34 INFO  : Context for 'APU' is selected.
00:49:34 INFO  : Hardware design and registers information is loaded from '/home/chethana/XILINX/New_IP_Accelerator/terrain_robot_hardware/terrain_platform1/export/terrain_platform1/hw/design_1_wrapper.xsa'.
00:49:34 INFO  : 'configparams force-mem-access 1' command is executed.
00:49:34 INFO  : Context for 'APU' is selected.
00:49:34 INFO  : Sourcing of '/home/chethana/XILINX/New_IP_Accelerator/terrain_robot_hardware/terrain_test_app/_ide/psinit/ps7_init.tcl' is done.
00:49:35 INFO  : 'ps7_init' command is executed.
00:49:35 INFO  : 'ps7_post_config' command is executed.
00:49:35 INFO  : 'configparams force-mem-access 0' command is executed.
00:49:35 INFO  : ----------------XSDB Script----------------
connect -url tcp:127.0.0.1:3121
targets -set -nocase -filter {name =~"APU*"}
rst -system
after 3000
targets -set -filter {jtag_cable_name =~ "Digilent JTAG-HS1 210512180081" && level==0 && jtag_device_ctx=="jsn-JTAG-HS1-210512180081-23727093-0"}
fpga -file /home/chethana/XILINX/New_IP_Accelerator/terrain_robot_hardware/terrain_test_app/_ide/bitstream/design_1_wrapper.bit
targets -set -nocase -filter {name =~"APU*"}
loadhw -hw /home/chethana/XILINX/New_IP_Accelerator/terrain_robot_hardware/terrain_platform1/export/terrain_platform1/hw/design_1_wrapper.xsa -mem-ranges [list {0x40000000 0xbfffffff}] -regs
configparams force-mem-access 1
targets -set -nocase -filter {name =~"APU*"}
source /home/chethana/XILINX/New_IP_Accelerator/terrain_robot_hardware/terrain_test_app/_ide/psinit/ps7_init.tcl
ps7_init
ps7_post_config
configparams force-mem-access 0
----------------End of Script----------------

00:49:35 INFO  : Launch script is exported to file '/home/chethana/XILINX/New_IP_Accelerator/terrain_robot_hardware/terrain_test_app_system/_ide/scripts/systemdebugger_terrain_test_app_system_standalone.tcl'
00:52:25 INFO  : Result from executing command 'getProjects': terrain_platform1
00:52:25 INFO  : Result from executing command 'getPlatforms': terrain_platform1|/home/chethana/XILINX/New_IP_Accelerator/terrain_robot_hardware/terrain_platform1/export/terrain_platform1/terrain_platform1.xpfm
00:52:28 INFO  : Checking for BSP changes to sync application flags for project 'terrain_test_app'...
00:54:14 INFO  : Checking for BSP changes to sync application flags for project 'terrain_test_app'...
00:55:38 INFO  : Checking for BSP changes to sync application flags for project 'terrain_test_app'...
00:58:18 INFO  : Connected to target on host '127.0.0.1' and port '3121'.
00:58:18 INFO  : Jtag cable 'Digilent JTAG-HS1 210512180081' is selected.
00:58:18 INFO  : 'jtag frequency' command is executed.
00:58:18 INFO  : Context for 'APU' is selected.
00:58:18 INFO  : System reset is completed.
00:58:21 INFO  : 'after 3000' command is executed.
00:58:21 INFO  : 'targets -set -filter {jtag_cable_name =~ "Digilent JTAG-HS1 210512180081" && level==0 && jtag_device_ctx=="jsn-JTAG-HS1-210512180081-23727093-0"}' command is executed.
00:58:25 INFO  : Device configured successfully with "/home/chethana/XILINX/New_IP_Accelerator/terrain_robot_hardware/terrain_test_app/_ide/bitstream/design_1_wrapper.bit"
00:58:25 INFO  : Context for 'APU' is selected.
00:58:25 INFO  : Hardware design and registers information is loaded from '/home/chethana/XILINX/New_IP_Accelerator/terrain_robot_hardware/terrain_platform1/export/terrain_platform1/hw/design_1_wrapper.xsa'.
00:58:25 INFO  : 'configparams force-mem-access 1' command is executed.
00:58:25 INFO  : Context for 'APU' is selected.
00:58:25 INFO  : Sourcing of '/home/chethana/XILINX/New_IP_Accelerator/terrain_robot_hardware/terrain_test_app/_ide/psinit/ps7_init.tcl' is done.
00:58:25 INFO  : 'ps7_init' command is executed.
00:58:25 INFO  : 'ps7_post_config' command is executed.
00:58:25 INFO  : Context for processor 'ps7_cortexa9_0' is selected.
00:58:25 INFO  : The application '/home/chethana/XILINX/New_IP_Accelerator/terrain_robot_hardware/terrain_test_app/Debug/terrain_test_app.elf' is downloaded to processor 'ps7_cortexa9_0'.
00:58:25 INFO  : 'configparams force-mem-access 0' command is executed.
00:58:25 INFO  : ----------------XSDB Script----------------
connect -url tcp:127.0.0.1:3121
targets -set -nocase -filter {name =~"APU*"}
rst -system
after 3000
targets -set -filter {jtag_cable_name =~ "Digilent JTAG-HS1 210512180081" && level==0 && jtag_device_ctx=="jsn-JTAG-HS1-210512180081-23727093-0"}
fpga -file /home/chethana/XILINX/New_IP_Accelerator/terrain_robot_hardware/terrain_test_app/_ide/bitstream/design_1_wrapper.bit
targets -set -nocase -filter {name =~"APU*"}
loadhw -hw /home/chethana/XILINX/New_IP_Accelerator/terrain_robot_hardware/terrain_platform1/export/terrain_platform1/hw/design_1_wrapper.xsa -mem-ranges [list {0x40000000 0xbfffffff}] -regs
configparams force-mem-access 1
targets -set -nocase -filter {name =~"APU*"}
source /home/chethana/XILINX/New_IP_Accelerator/terrain_robot_hardware/terrain_test_app/_ide/psinit/ps7_init.tcl
ps7_init
ps7_post_config
targets -set -nocase -filter {name =~ "*A9*#0"}
dow /home/chethana/XILINX/New_IP_Accelerator/terrain_robot_hardware/terrain_test_app/Debug/terrain_test_app.elf
configparams force-mem-access 0
----------------End of Script----------------

00:58:25 INFO  : Context for processor 'ps7_cortexa9_0' is selected.
00:58:25 INFO  : 'con' command is executed.
00:58:25 INFO  : ----------------XSDB Script (After Launch)----------------
targets -set -nocase -filter {name =~ "*A9*#0"}
con
----------------End of Script----------------

00:58:25 INFO  : Launch script is exported to file '/home/chethana/XILINX/New_IP_Accelerator/terrain_robot_hardware/terrain_test_app_system/_ide/scripts/debugger_terrain_test_app-default.tcl'
01:00:19 INFO  : Disconnected from the channel tcfchan#1.
01:00:20 INFO  : Connected to target on host '127.0.0.1' and port '3121'.
01:00:20 INFO  : Jtag cable 'Digilent JTAG-HS1 210512180081' is selected.
01:00:20 INFO  : 'jtag frequency' command is executed.
01:00:20 INFO  : Context for 'APU' is selected.
01:00:20 INFO  : System reset is completed.
01:00:23 INFO  : 'after 3000' command is executed.
01:00:23 INFO  : 'targets -set -filter {jtag_cable_name =~ "Digilent JTAG-HS1 210512180081" && level==0 && jtag_device_ctx=="jsn-JTAG-HS1-210512180081-23727093-0"}' command is executed.
01:00:27 INFO  : Device configured successfully with "/home/chethana/XILINX/New_IP_Accelerator/terrain_robot_hardware/terrain_test_app/_ide/bitstream/design_1_wrapper.bit"
01:00:27 INFO  : Context for 'APU' is selected.
01:00:27 INFO  : Hardware design and registers information is loaded from '/home/chethana/XILINX/New_IP_Accelerator/terrain_robot_hardware/terrain_platform1/export/terrain_platform1/hw/design_1_wrapper.xsa'.
01:00:27 INFO  : 'configparams force-mem-access 1' command is executed.
01:00:27 INFO  : Context for 'APU' is selected.
01:00:27 INFO  : Sourcing of '/home/chethana/XILINX/New_IP_Accelerator/terrain_robot_hardware/terrain_test_app/_ide/psinit/ps7_init.tcl' is done.
01:00:27 INFO  : 'ps7_init' command is executed.
01:00:27 INFO  : 'ps7_post_config' command is executed.
01:00:27 INFO  : Context for processor 'ps7_cortexa9_0' is selected.
01:00:27 INFO  : The application '/home/chethana/XILINX/New_IP_Accelerator/terrain_robot_hardware/terrain_test_app/Debug/terrain_test_app.elf' is downloaded to processor 'ps7_cortexa9_0'.
01:00:27 INFO  : 'configparams force-mem-access 0' command is executed.
01:00:27 INFO  : ----------------XSDB Script----------------
connect -url tcp:127.0.0.1:3121
targets -set -nocase -filter {name =~"APU*"}
rst -system
after 3000
targets -set -filter {jtag_cable_name =~ "Digilent JTAG-HS1 210512180081" && level==0 && jtag_device_ctx=="jsn-JTAG-HS1-210512180081-23727093-0"}
fpga -file /home/chethana/XILINX/New_IP_Accelerator/terrain_robot_hardware/terrain_test_app/_ide/bitstream/design_1_wrapper.bit
targets -set -nocase -filter {name =~"APU*"}
loadhw -hw /home/chethana/XILINX/New_IP_Accelerator/terrain_robot_hardware/terrain_platform1/export/terrain_platform1/hw/design_1_wrapper.xsa -mem-ranges [list {0x40000000 0xbfffffff}] -regs
configparams force-mem-access 1
targets -set -nocase -filter {name =~"APU*"}
source /home/chethana/XILINX/New_IP_Accelerator/terrain_robot_hardware/terrain_test_app/_ide/psinit/ps7_init.tcl
ps7_init
ps7_post_config
targets -set -nocase -filter {name =~ "*A9*#0"}
dow /home/chethana/XILINX/New_IP_Accelerator/terrain_robot_hardware/terrain_test_app/Debug/terrain_test_app.elf
configparams force-mem-access 0
----------------End of Script----------------

01:00:27 INFO  : Context for processor 'ps7_cortexa9_0' is selected.
01:00:27 INFO  : 'con' command is executed.
01:00:27 INFO  : ----------------XSDB Script (After Launch)----------------
targets -set -nocase -filter {name =~ "*A9*#0"}
con
----------------End of Script----------------

01:00:27 INFO  : Launch script is exported to file '/home/chethana/XILINX/New_IP_Accelerator/terrain_robot_hardware/terrain_test_app_system/_ide/scripts/debugger_terrain_test_app-default.tcl'
01:06:40 INFO  : Disconnected from the channel tcfchan#6.
01:06:41 INFO  : Connected to target on host '127.0.0.1' and port '3121'.
01:06:59 INFO  : ----------------XSDB Script----------------
connect -url tcp:127.0.0.1:3121
----------------End of Script----------------

01:06:59 ERROR : Could not find ARM device on the board for connection 'Local'.
Check if the target is in:
1. Split JTAG - No operations are possible with ARM DAP.
2. Non JTAG bootmode - Bootrom may need time to enable DAP.
Please try again.


Troubleshooting hints:
1. Check whether board is connected to system properly.
2. In case of zynq board, check whether Digilent/Xilinx cable switch settings are correct.
3. If you are using Xilinx Platform Cable USB, ensure that status LED is green.
01:07:24 WARN  : channel "tcfchan#1" closed
01:07:25 INFO  : Connected to target on host '127.0.0.1' and port '3121'.
01:07:43 INFO  : ----------------XSDB Script----------------
connect -url tcp:127.0.0.1:3121
----------------End of Script----------------

01:07:43 ERROR : Could not find ARM device on the board for connection 'Local'.
Check if the target is in:
1. Split JTAG - No operations are possible with ARM DAP.
2. Non JTAG bootmode - Bootrom may need time to enable DAP.
Please try again.


Troubleshooting hints:
1. Check whether board is connected to system properly.
2. In case of zynq board, check whether Digilent/Xilinx cable switch settings are correct.
3. If you are using Xilinx Platform Cable USB, ensure that status LED is green.
01:08:04 INFO  : Connected to target on host '127.0.0.1' and port '3121'.
01:08:05 INFO  : Jtag cable 'Digilent JTAG-HS1 210512180081' is selected.
01:08:05 INFO  : 'jtag frequency' command is executed.
01:08:05 INFO  : Context for 'APU' is selected.
01:08:05 INFO  : System reset is completed.
01:08:08 INFO  : 'after 3000' command is executed.
01:08:08 INFO  : 'targets -set -filter {jtag_cable_name =~ "Digilent JTAG-HS1 210512180081" && level==0 && jtag_device_ctx=="jsn-JTAG-HS1-210512180081-23727093-0"}' command is executed.
01:08:11 INFO  : Device configured successfully with "/home/chethana/XILINX/New_IP_Accelerator/terrain_robot_hardware/terrain_test_app/_ide/bitstream/design_1_wrapper.bit"
01:08:11 INFO  : Context for 'APU' is selected.
01:08:11 INFO  : Hardware design and registers information is loaded from '/home/chethana/XILINX/New_IP_Accelerator/terrain_robot_hardware/terrain_platform1/export/terrain_platform1/hw/design_1_wrapper.xsa'.
01:08:11 INFO  : 'configparams force-mem-access 1' command is executed.
01:08:11 INFO  : Context for 'APU' is selected.
01:08:11 INFO  : Sourcing of '/home/chethana/XILINX/New_IP_Accelerator/terrain_robot_hardware/terrain_test_app/_ide/psinit/ps7_init.tcl' is done.
01:08:11 INFO  : 'ps7_init' command is executed.
01:08:11 INFO  : 'ps7_post_config' command is executed.
01:08:11 INFO  : Context for processor 'ps7_cortexa9_0' is selected.
01:08:11 INFO  : The application '/home/chethana/XILINX/New_IP_Accelerator/terrain_robot_hardware/terrain_test_app/Debug/terrain_test_app.elf' is downloaded to processor 'ps7_cortexa9_0'.
01:08:11 INFO  : 'configparams force-mem-access 0' command is executed.
01:08:11 INFO  : ----------------XSDB Script----------------
connect -url tcp:127.0.0.1:3121
targets -set -nocase -filter {name =~"APU*"}
rst -system
after 3000
targets -set -filter {jtag_cable_name =~ "Digilent JTAG-HS1 210512180081" && level==0 && jtag_device_ctx=="jsn-JTAG-HS1-210512180081-23727093-0"}
fpga -file /home/chethana/XILINX/New_IP_Accelerator/terrain_robot_hardware/terrain_test_app/_ide/bitstream/design_1_wrapper.bit
targets -set -nocase -filter {name =~"APU*"}
loadhw -hw /home/chethana/XILINX/New_IP_Accelerator/terrain_robot_hardware/terrain_platform1/export/terrain_platform1/hw/design_1_wrapper.xsa -mem-ranges [list {0x40000000 0xbfffffff}] -regs
configparams force-mem-access 1
targets -set -nocase -filter {name =~"APU*"}
source /home/chethana/XILINX/New_IP_Accelerator/terrain_robot_hardware/terrain_test_app/_ide/psinit/ps7_init.tcl
ps7_init
ps7_post_config
targets -set -nocase -filter {name =~ "*A9*#0"}
dow /home/chethana/XILINX/New_IP_Accelerator/terrain_robot_hardware/terrain_test_app/Debug/terrain_test_app.elf
configparams force-mem-access 0
----------------End of Script----------------

01:08:11 INFO  : Context for processor 'ps7_cortexa9_0' is selected.
01:08:11 INFO  : 'con' command is executed.
01:08:11 INFO  : ----------------XSDB Script (After Launch)----------------
targets -set -nocase -filter {name =~ "*A9*#0"}
con
----------------End of Script----------------

01:08:11 INFO  : Launch script is exported to file '/home/chethana/XILINX/New_IP_Accelerator/terrain_robot_hardware/terrain_test_app_system/_ide/scripts/debugger_terrain_test_app-default.tcl'
01:09:43 INFO  : Connected to target on host '127.0.0.1' and port '3121'.
01:09:49 INFO  : Disconnected from the channel tcfchan#7.
01:09:50 INFO  : Connected to target on host '127.0.0.1' and port '3121'.
01:09:50 INFO  : Jtag cable 'Digilent JTAG-HS1 210512180081' is selected.
01:09:50 INFO  : 'jtag frequency' command is executed.
01:09:50 INFO  : Context for 'APU' is selected.
01:09:50 INFO  : System reset is completed.
01:09:53 INFO  : 'after 3000' command is executed.
01:09:53 INFO  : 'targets -set -filter {jtag_cable_name =~ "Digilent JTAG-HS1 210512180081" && level==0 && jtag_device_ctx=="jsn-JTAG-HS1-210512180081-23727093-0"}' command is executed.
01:09:57 INFO  : Device configured successfully with "/home/chethana/XILINX/New_IP_Accelerator/terrain_robot_hardware/terrain_test_app/_ide/bitstream/design_1_wrapper.bit"
01:09:57 INFO  : Context for 'APU' is selected.
01:09:57 INFO  : Hardware design and registers information is loaded from '/home/chethana/XILINX/New_IP_Accelerator/terrain_robot_hardware/terrain_platform1/export/terrain_platform1/hw/design_1_wrapper.xsa'.
01:09:57 INFO  : 'configparams force-mem-access 1' command is executed.
01:09:57 INFO  : Context for 'APU' is selected.
01:09:57 INFO  : Sourcing of '/home/chethana/XILINX/New_IP_Accelerator/terrain_robot_hardware/terrain_test_app/_ide/psinit/ps7_init.tcl' is done.
01:09:57 INFO  : 'ps7_init' command is executed.
01:09:57 INFO  : 'ps7_post_config' command is executed.
01:09:57 INFO  : Context for processor 'ps7_cortexa9_0' is selected.
01:09:57 INFO  : The application '/home/chethana/XILINX/New_IP_Accelerator/terrain_robot_hardware/terrain_test_app/Debug/terrain_test_app.elf' is downloaded to processor 'ps7_cortexa9_0'.
01:09:57 INFO  : 'configparams force-mem-access 0' command is executed.
01:09:57 INFO  : ----------------XSDB Script----------------
connect -url tcp:127.0.0.1:3121
targets -set -nocase -filter {name =~"APU*"}
rst -system
after 3000
targets -set -filter {jtag_cable_name =~ "Digilent JTAG-HS1 210512180081" && level==0 && jtag_device_ctx=="jsn-JTAG-HS1-210512180081-23727093-0"}
fpga -file /home/chethana/XILINX/New_IP_Accelerator/terrain_robot_hardware/terrain_test_app/_ide/bitstream/design_1_wrapper.bit
targets -set -nocase -filter {name =~"APU*"}
loadhw -hw /home/chethana/XILINX/New_IP_Accelerator/terrain_robot_hardware/terrain_platform1/export/terrain_platform1/hw/design_1_wrapper.xsa -mem-ranges [list {0x40000000 0xbfffffff}] -regs
configparams force-mem-access 1
targets -set -nocase -filter {name =~"APU*"}
source /home/chethana/XILINX/New_IP_Accelerator/terrain_robot_hardware/terrain_test_app/_ide/psinit/ps7_init.tcl
ps7_init
ps7_post_config
targets -set -nocase -filter {name =~ "*A9*#0"}
dow /home/chethana/XILINX/New_IP_Accelerator/terrain_robot_hardware/terrain_test_app/Debug/terrain_test_app.elf
configparams force-mem-access 0
----------------End of Script----------------

01:09:57 INFO  : Context for processor 'ps7_cortexa9_0' is selected.
01:09:57 INFO  : 'con' command is executed.
01:09:57 INFO  : ----------------XSDB Script (After Launch)----------------
targets -set -nocase -filter {name =~ "*A9*#0"}
con
----------------End of Script----------------

01:09:57 INFO  : Launch script is exported to file '/home/chethana/XILINX/New_IP_Accelerator/terrain_robot_hardware/terrain_test_app_system/_ide/scripts/debugger_terrain_test_app-default.tcl'
01:11:10 INFO  : Disconnected from the channel tcfchan#8.
01:11:11 INFO  : Connected to target on host '127.0.0.1' and port '3121'.
01:11:11 INFO  : Jtag cable 'Digilent JTAG-HS1 210512180081' is selected.
01:11:11 INFO  : 'jtag frequency' command is executed.
01:11:11 INFO  : Context for 'APU' is selected.
01:11:11 INFO  : System reset is completed.
01:11:14 INFO  : 'after 3000' command is executed.
01:11:14 INFO  : 'targets -set -filter {jtag_cable_name =~ "Digilent JTAG-HS1 210512180081" && level==0 && jtag_device_ctx=="jsn-JTAG-HS1-210512180081-23727093-0"}' command is executed.
01:11:17 INFO  : Device configured successfully with "/home/chethana/XILINX/New_IP_Accelerator/terrain_robot_hardware/terrain_test_app/_ide/bitstream/design_1_wrapper.bit"
01:11:17 INFO  : Context for 'APU' is selected.
01:11:17 INFO  : Hardware design and registers information is loaded from '/home/chethana/XILINX/New_IP_Accelerator/terrain_robot_hardware/terrain_platform1/export/terrain_platform1/hw/design_1_wrapper.xsa'.
01:11:17 INFO  : 'configparams force-mem-access 1' command is executed.
01:11:17 INFO  : Context for 'APU' is selected.
01:11:17 INFO  : Sourcing of '/home/chethana/XILINX/New_IP_Accelerator/terrain_robot_hardware/terrain_test_app/_ide/psinit/ps7_init.tcl' is done.
01:11:17 INFO  : 'ps7_init' command is executed.
01:11:17 INFO  : 'ps7_post_config' command is executed.
01:11:17 INFO  : Context for processor 'ps7_cortexa9_0' is selected.
01:11:17 INFO  : The application '/home/chethana/XILINX/New_IP_Accelerator/terrain_robot_hardware/terrain_test_app/Debug/terrain_test_app.elf' is downloaded to processor 'ps7_cortexa9_0'.
01:11:17 INFO  : 'configparams force-mem-access 0' command is executed.
01:11:17 INFO  : ----------------XSDB Script----------------
connect -url tcp:127.0.0.1:3121
targets -set -nocase -filter {name =~"APU*"}
rst -system
after 3000
targets -set -filter {jtag_cable_name =~ "Digilent JTAG-HS1 210512180081" && level==0 && jtag_device_ctx=="jsn-JTAG-HS1-210512180081-23727093-0"}
fpga -file /home/chethana/XILINX/New_IP_Accelerator/terrain_robot_hardware/terrain_test_app/_ide/bitstream/design_1_wrapper.bit
targets -set -nocase -filter {name =~"APU*"}
loadhw -hw /home/chethana/XILINX/New_IP_Accelerator/terrain_robot_hardware/terrain_platform1/export/terrain_platform1/hw/design_1_wrapper.xsa -mem-ranges [list {0x40000000 0xbfffffff}] -regs
configparams force-mem-access 1
targets -set -nocase -filter {name =~"APU*"}
source /home/chethana/XILINX/New_IP_Accelerator/terrain_robot_hardware/terrain_test_app/_ide/psinit/ps7_init.tcl
ps7_init
ps7_post_config
targets -set -nocase -filter {name =~ "*A9*#0"}
dow /home/chethana/XILINX/New_IP_Accelerator/terrain_robot_hardware/terrain_test_app/Debug/terrain_test_app.elf
configparams force-mem-access 0
----------------End of Script----------------

01:11:17 INFO  : Context for processor 'ps7_cortexa9_0' is selected.
01:11:17 INFO  : 'con' command is executed.
01:11:17 INFO  : ----------------XSDB Script (After Launch)----------------
targets -set -nocase -filter {name =~ "*A9*#0"}
con
----------------End of Script----------------

01:11:17 INFO  : Launch script is exported to file '/home/chethana/XILINX/New_IP_Accelerator/terrain_robot_hardware/terrain_test_app_system/_ide/scripts/debugger_terrain_test_app-default.tcl'
01:17:22 INFO  : Disconnected from the channel tcfchan#9.
01:17:23 INFO  : Connected to target on host '127.0.0.1' and port '3121'.
01:17:23 INFO  : Jtag cable 'Digilent JTAG-HS1 210512180081' is selected.
01:17:23 INFO  : 'jtag frequency' command is executed.
01:17:23 INFO  : Context for 'APU' is selected.
01:17:23 INFO  : System reset is completed.
01:17:26 INFO  : 'after 3000' command is executed.
01:17:26 INFO  : 'targets -set -filter {jtag_cable_name =~ "Digilent JTAG-HS1 210512180081" && level==0 && jtag_device_ctx=="jsn-JTAG-HS1-210512180081-23727093-0"}' command is executed.
01:17:29 INFO  : Device configured successfully with "/home/chethana/XILINX/New_IP_Accelerator/terrain_robot_hardware/terrain_test_app/_ide/bitstream/design_1_wrapper.bit"
01:17:29 INFO  : Context for 'APU' is selected.
01:17:29 INFO  : Hardware design and registers information is loaded from '/home/chethana/XILINX/New_IP_Accelerator/terrain_robot_hardware/terrain_platform1/export/terrain_platform1/hw/design_1_wrapper.xsa'.
01:17:29 INFO  : 'configparams force-mem-access 1' command is executed.
01:17:29 INFO  : Context for 'APU' is selected.
01:17:29 INFO  : Sourcing of '/home/chethana/XILINX/New_IP_Accelerator/terrain_robot_hardware/terrain_test_app/_ide/psinit/ps7_init.tcl' is done.
01:17:29 INFO  : 'ps7_init' command is executed.
01:17:29 INFO  : 'ps7_post_config' command is executed.
01:17:29 INFO  : Context for processor 'ps7_cortexa9_0' is selected.
01:17:30 INFO  : The application '/home/chethana/XILINX/New_IP_Accelerator/terrain_robot_hardware/terrain_test_app/Debug/terrain_test_app.elf' is downloaded to processor 'ps7_cortexa9_0'.
01:17:30 INFO  : 'configparams force-mem-access 0' command is executed.
01:17:30 INFO  : ----------------XSDB Script----------------
connect -url tcp:127.0.0.1:3121
targets -set -nocase -filter {name =~"APU*"}
rst -system
after 3000
targets -set -filter {jtag_cable_name =~ "Digilent JTAG-HS1 210512180081" && level==0 && jtag_device_ctx=="jsn-JTAG-HS1-210512180081-23727093-0"}
fpga -file /home/chethana/XILINX/New_IP_Accelerator/terrain_robot_hardware/terrain_test_app/_ide/bitstream/design_1_wrapper.bit
targets -set -nocase -filter {name =~"APU*"}
loadhw -hw /home/chethana/XILINX/New_IP_Accelerator/terrain_robot_hardware/terrain_platform1/export/terrain_platform1/hw/design_1_wrapper.xsa -mem-ranges [list {0x40000000 0xbfffffff}] -regs
configparams force-mem-access 1
targets -set -nocase -filter {name =~"APU*"}
source /home/chethana/XILINX/New_IP_Accelerator/terrain_robot_hardware/terrain_test_app/_ide/psinit/ps7_init.tcl
ps7_init
ps7_post_config
targets -set -nocase -filter {name =~ "*A9*#0"}
dow /home/chethana/XILINX/New_IP_Accelerator/terrain_robot_hardware/terrain_test_app/Debug/terrain_test_app.elf
configparams force-mem-access 0
----------------End of Script----------------

01:17:30 INFO  : Context for processor 'ps7_cortexa9_0' is selected.
01:17:30 INFO  : 'con' command is executed.
01:17:30 INFO  : ----------------XSDB Script (After Launch)----------------
targets -set -nocase -filter {name =~ "*A9*#0"}
con
----------------End of Script----------------

01:17:30 INFO  : Launch script is exported to file '/home/chethana/XILINX/New_IP_Accelerator/terrain_robot_hardware/terrain_test_app_system/_ide/scripts/debugger_terrain_test_app-default.tcl'
01:18:15 INFO  : Connected to target on host '127.0.0.1' and port '3121'.
01:18:15 INFO  : 'targets -set -filter {jtag_cable_name =~ "Digilent JTAG-HS1 210512180081" && level==0 && jtag_device_ctx=="jsn-JTAG-HS1-210512180081-23727093-0"}' command is executed.
01:18:18 INFO  : Device configured successfully with "/home/chethana/XILINX/New_IP_Accelerator/terrain_robot_hardware/terrain_test_app/_ide/bitstream/design_1_wrapper.bit"
01:18:51 INFO  : Disconnected from the channel tcfchan#10.
01:18:52 INFO  : Connected to target on host '127.0.0.1' and port '3121'.
01:18:52 INFO  : Jtag cable 'Digilent JTAG-HS1 210512180081' is selected.
01:18:52 INFO  : 'jtag frequency' command is executed.
01:18:52 INFO  : Context for 'APU' is selected.
01:18:52 INFO  : System reset is completed.
01:18:55 INFO  : 'after 3000' command is executed.
01:18:55 INFO  : 'targets -set -filter {jtag_cable_name =~ "Digilent JTAG-HS1 210512180081" && level==0 && jtag_device_ctx=="jsn-JTAG-HS1-210512180081-23727093-0"}' command is executed.
01:18:58 INFO  : Device configured successfully with "/home/chethana/XILINX/New_IP_Accelerator/terrain_robot_hardware/terrain_test_app/_ide/bitstream/design_1_wrapper.bit"
01:18:58 INFO  : Context for 'APU' is selected.
01:18:58 INFO  : Hardware design and registers information is loaded from '/home/chethana/XILINX/New_IP_Accelerator/terrain_robot_hardware/terrain_platform1/export/terrain_platform1/hw/design_1_wrapper.xsa'.
01:18:58 INFO  : 'configparams force-mem-access 1' command is executed.
01:18:58 INFO  : Context for 'APU' is selected.
01:18:58 INFO  : Sourcing of '/home/chethana/XILINX/New_IP_Accelerator/terrain_robot_hardware/terrain_test_app/_ide/psinit/ps7_init.tcl' is done.
01:18:58 INFO  : 'ps7_init' command is executed.
01:18:58 INFO  : 'ps7_post_config' command is executed.
01:18:58 INFO  : Context for processor 'ps7_cortexa9_0' is selected.
01:18:58 INFO  : The application '/home/chethana/XILINX/New_IP_Accelerator/terrain_robot_hardware/terrain_test_app/Debug/terrain_test_app.elf' is downloaded to processor 'ps7_cortexa9_0'.
01:18:58 INFO  : 'configparams force-mem-access 0' command is executed.
01:18:58 INFO  : ----------------XSDB Script----------------
connect -url tcp:127.0.0.1:3121
targets -set -nocase -filter {name =~"APU*"}
rst -system
after 3000
targets -set -filter {jtag_cable_name =~ "Digilent JTAG-HS1 210512180081" && level==0 && jtag_device_ctx=="jsn-JTAG-HS1-210512180081-23727093-0"}
fpga -file /home/chethana/XILINX/New_IP_Accelerator/terrain_robot_hardware/terrain_test_app/_ide/bitstream/design_1_wrapper.bit
targets -set -nocase -filter {name =~"APU*"}
loadhw -hw /home/chethana/XILINX/New_IP_Accelerator/terrain_robot_hardware/terrain_platform1/export/terrain_platform1/hw/design_1_wrapper.xsa -mem-ranges [list {0x40000000 0xbfffffff}] -regs
configparams force-mem-access 1
targets -set -nocase -filter {name =~"APU*"}
source /home/chethana/XILINX/New_IP_Accelerator/terrain_robot_hardware/terrain_test_app/_ide/psinit/ps7_init.tcl
ps7_init
ps7_post_config
targets -set -nocase -filter {name =~ "*A9*#0"}
dow /home/chethana/XILINX/New_IP_Accelerator/terrain_robot_hardware/terrain_test_app/Debug/terrain_test_app.elf
configparams force-mem-access 0
----------------End of Script----------------

01:18:58 INFO  : Context for processor 'ps7_cortexa9_0' is selected.
01:18:58 INFO  : 'con' command is executed.
01:18:58 INFO  : ----------------XSDB Script (After Launch)----------------
targets -set -nocase -filter {name =~ "*A9*#0"}
con
----------------End of Script----------------

01:18:58 INFO  : Launch script is exported to file '/home/chethana/XILINX/New_IP_Accelerator/terrain_robot_hardware/terrain_test_app_system/_ide/scripts/systemdebugger_terrain_test_app_system_standalone.tcl'
01:19:06 INFO  : Checking for BSP changes to sync application flags for project 'terrain_test_app'...
01:19:14 INFO  : Disconnected from the channel tcfchan#11.
01:19:14 INFO  : Connected to target on host '127.0.0.1' and port '3121'.
01:19:14 INFO  : Jtag cable 'Digilent JTAG-HS1 210512180081' is selected.
01:19:14 INFO  : 'jtag frequency' command is executed.
01:19:14 INFO  : Context for 'APU' is selected.
01:19:14 INFO  : System reset is completed.
01:19:17 INFO  : 'after 3000' command is executed.
01:19:17 INFO  : 'targets -set -filter {jtag_cable_name =~ "Digilent JTAG-HS1 210512180081" && level==0 && jtag_device_ctx=="jsn-JTAG-HS1-210512180081-23727093-0"}' command is executed.
01:19:20 INFO  : Device configured successfully with "/home/chethana/XILINX/New_IP_Accelerator/terrain_robot_hardware/terrain_test_app/_ide/bitstream/design_1_wrapper.bit"
01:19:20 INFO  : Context for 'APU' is selected.
01:19:20 INFO  : Hardware design and registers information is loaded from '/home/chethana/XILINX/New_IP_Accelerator/terrain_robot_hardware/terrain_platform1/export/terrain_platform1/hw/design_1_wrapper.xsa'.
01:19:20 INFO  : 'configparams force-mem-access 1' command is executed.
01:19:20 INFO  : Context for 'APU' is selected.
01:19:20 INFO  : Sourcing of '/home/chethana/XILINX/New_IP_Accelerator/terrain_robot_hardware/terrain_test_app/_ide/psinit/ps7_init.tcl' is done.
01:19:20 INFO  : 'ps7_init' command is executed.
01:19:20 INFO  : 'ps7_post_config' command is executed.
01:19:20 INFO  : Context for processor 'ps7_cortexa9_0' is selected.
01:19:20 INFO  : The application '/home/chethana/XILINX/New_IP_Accelerator/terrain_robot_hardware/terrain_test_app/Debug/terrain_test_app.elf' is downloaded to processor 'ps7_cortexa9_0'.
01:19:20 INFO  : 'configparams force-mem-access 0' command is executed.
01:19:20 INFO  : ----------------XSDB Script----------------
connect -url tcp:127.0.0.1:3121
targets -set -nocase -filter {name =~"APU*"}
rst -system
after 3000
targets -set -filter {jtag_cable_name =~ "Digilent JTAG-HS1 210512180081" && level==0 && jtag_device_ctx=="jsn-JTAG-HS1-210512180081-23727093-0"}
fpga -file /home/chethana/XILINX/New_IP_Accelerator/terrain_robot_hardware/terrain_test_app/_ide/bitstream/design_1_wrapper.bit
targets -set -nocase -filter {name =~"APU*"}
loadhw -hw /home/chethana/XILINX/New_IP_Accelerator/terrain_robot_hardware/terrain_platform1/export/terrain_platform1/hw/design_1_wrapper.xsa -mem-ranges [list {0x40000000 0xbfffffff}] -regs
configparams force-mem-access 1
targets -set -nocase -filter {name =~"APU*"}
source /home/chethana/XILINX/New_IP_Accelerator/terrain_robot_hardware/terrain_test_app/_ide/psinit/ps7_init.tcl
ps7_init
ps7_post_config
targets -set -nocase -filter {name =~ "*A9*#0"}
dow /home/chethana/XILINX/New_IP_Accelerator/terrain_robot_hardware/terrain_test_app/Debug/terrain_test_app.elf
configparams force-mem-access 0
----------------End of Script----------------

01:19:20 INFO  : Context for processor 'ps7_cortexa9_0' is selected.
01:19:20 INFO  : 'con' command is executed.
01:19:20 INFO  : ----------------XSDB Script (After Launch)----------------
targets -set -nocase -filter {name =~ "*A9*#0"}
con
----------------End of Script----------------

01:19:20 INFO  : Launch script is exported to file '/home/chethana/XILINX/New_IP_Accelerator/terrain_robot_hardware/terrain_test_app_system/_ide/scripts/systemdebugger_terrain_test_app_system_standalone.tcl'
01:19:37 INFO  : Disconnected from the channel tcfchan#13.
01:19:37 INFO  : Connected to target on host '127.0.0.1' and port '3121'.
01:19:38 INFO  : Jtag cable 'Digilent JTAG-HS1 210512180081' is selected.
01:19:38 INFO  : 'jtag frequency' command is executed.
01:19:38 INFO  : Context for 'APU' is selected.
01:19:38 INFO  : System reset is completed.
01:19:41 INFO  : 'after 3000' command is executed.
01:19:41 INFO  : 'targets -set -filter {jtag_cable_name =~ "Digilent JTAG-HS1 210512180081" && level==0 && jtag_device_ctx=="jsn-JTAG-HS1-210512180081-23727093-0"}' command is executed.
01:19:44 INFO  : Device configured successfully with "/home/chethana/XILINX/New_IP_Accelerator/terrain_robot_hardware/terrain_test_app/_ide/bitstream/design_1_wrapper.bit"
01:19:44 INFO  : Connected to target on host '127.0.0.1' and port '3121'.
01:19:44 INFO  : Context for 'APU' is selected.
01:19:44 INFO  : Hardware design and registers information is loaded from '/home/chethana/XILINX/New_IP_Accelerator/terrain_robot_hardware/terrain_platform1/export/terrain_platform1/hw/design_1_wrapper.xsa'.
01:19:44 INFO  : 'configparams force-mem-access 1' command is executed.
01:19:44 INFO  : Context for 'APU' is selected.
01:19:44 INFO  : Sourcing of '/home/chethana/XILINX/New_IP_Accelerator/terrain_robot_hardware/terrain_test_app/_ide/psinit/ps7_init.tcl' is done.
01:19:44 INFO  : 'ps7_init' command is executed.
01:19:44 INFO  : 'ps7_post_config' command is executed.
01:19:44 INFO  : Context for processor 'ps7_cortexa9_0' is selected.
01:19:44 INFO  : The application '/home/chethana/XILINX/New_IP_Accelerator/terrain_robot_hardware/terrain_test_app/Debug/terrain_test_app.elf' is downloaded to processor 'ps7_cortexa9_0'.
01:19:44 INFO  : 'configparams force-mem-access 0' command is executed.
01:19:44 INFO  : ----------------XSDB Script----------------
connect -url tcp:127.0.0.1:3121
targets -set -nocase -filter {name =~"APU*"}
rst -system
after 3000
targets -set -filter {jtag_cable_name =~ "Digilent JTAG-HS1 210512180081" && level==0 && jtag_device_ctx=="jsn-JTAG-HS1-210512180081-23727093-0"}
fpga -file /home/chethana/XILINX/New_IP_Accelerator/terrain_robot_hardware/terrain_test_app/_ide/bitstream/design_1_wrapper.bit
targets -set -nocase -filter {name =~"APU*"}
loadhw -hw /home/chethana/XILINX/New_IP_Accelerator/terrain_robot_hardware/terrain_platform1/export/terrain_platform1/hw/design_1_wrapper.xsa -mem-ranges [list {0x40000000 0xbfffffff}] -regs
configparams force-mem-access 1
targets -set -nocase -filter {name =~"APU*"}
source /home/chethana/XILINX/New_IP_Accelerator/terrain_robot_hardware/terrain_test_app/_ide/psinit/ps7_init.tcl
ps7_init
ps7_post_config
targets -set -nocase -filter {name =~ "*A9*#0"}
dow /home/chethana/XILINX/New_IP_Accelerator/terrain_robot_hardware/terrain_test_app/Debug/terrain_test_app.elf
configparams force-mem-access 0
----------------End of Script----------------

01:19:44 INFO  : Context for processor 'ps7_cortexa9_0' is selected.
01:19:44 INFO  : Jtag cable 'Digilent JTAG-HS1 210512180081' is selected.
01:19:44 INFO  : 'con' command is executed.
01:19:44 INFO  : ----------------XSDB Script (After Launch)----------------
targets -set -nocase -filter {name =~ "*A9*#0"}
con
----------------End of Script----------------

01:19:44 INFO  : Launch script is exported to file '/home/chethana/XILINX/New_IP_Accelerator/terrain_robot_hardware/terrain_test_app_system/_ide/scripts/systemdebugger_terrain_test_app_system_standalone.tcl'
01:19:44 INFO  : 'jtag frequency' command is executed.
01:19:44 INFO  : Context for 'APU' is selected.
01:19:45 INFO  : System reset is completed.
01:19:48 INFO  : 'after 3000' command is executed.
01:19:48 INFO  : 'targets -set -filter {jtag_cable_name =~ "Digilent JTAG-HS1 210512180081" && level==0 && jtag_device_ctx=="jsn-JTAG-HS1-210512180081-23727093-0"}' command is executed.
01:19:51 INFO  : Device configured successfully with "/home/chethana/XILINX/New_IP_Accelerator/terrain_robot_hardware/terrain_test_app/_ide/bitstream/design_1_wrapper.bit"
01:19:51 INFO  : Context for 'APU' is selected.
01:19:51 INFO  : Hardware design and registers information is loaded from '/home/chethana/XILINX/New_IP_Accelerator/terrain_robot_hardware/terrain_platform1/export/terrain_platform1/hw/design_1_wrapper.xsa'.
01:19:51 INFO  : 'configparams force-mem-access 1' command is executed.
01:19:51 INFO  : Context for 'APU' is selected.
01:19:51 INFO  : Sourcing of '/home/chethana/XILINX/New_IP_Accelerator/terrain_robot_hardware/terrain_test_app/_ide/psinit/ps7_init.tcl' is done.
01:19:51 INFO  : 'ps7_init' command is executed.
01:19:51 INFO  : 'ps7_post_config' command is executed.
01:19:51 INFO  : Context for processor 'ps7_cortexa9_0' is selected.
01:19:51 INFO  : The application '/home/chethana/XILINX/New_IP_Accelerator/terrain_robot_hardware/terrain_test_app/Debug/terrain_test_app.elf' is downloaded to processor 'ps7_cortexa9_0'.
01:19:51 INFO  : 'configparams force-mem-access 0' command is executed.
01:19:51 INFO  : ----------------XSDB Script----------------
connect -url tcp:127.0.0.1:3121
targets -set -nocase -filter {name =~"APU*"}
rst -system
after 3000
targets -set -filter {jtag_cable_name =~ "Digilent JTAG-HS1 210512180081" && level==0 && jtag_device_ctx=="jsn-JTAG-HS1-210512180081-23727093-0"}
fpga -file /home/chethana/XILINX/New_IP_Accelerator/terrain_robot_hardware/terrain_test_app/_ide/bitstream/design_1_wrapper.bit
targets -set -nocase -filter {name =~"APU*"}
loadhw -hw /home/chethana/XILINX/New_IP_Accelerator/terrain_robot_hardware/terrain_platform1/export/terrain_platform1/hw/design_1_wrapper.xsa -mem-ranges [list {0x40000000 0xbfffffff}] -regs
configparams force-mem-access 1
targets -set -nocase -filter {name =~"APU*"}
source /home/chethana/XILINX/New_IP_Accelerator/terrain_robot_hardware/terrain_test_app/_ide/psinit/ps7_init.tcl
ps7_init
ps7_post_config
targets -set -nocase -filter {name =~ "*A9*#0"}
dow /home/chethana/XILINX/New_IP_Accelerator/terrain_robot_hardware/terrain_test_app/Debug/terrain_test_app.elf
configparams force-mem-access 0
----------------End of Script----------------

01:19:51 INFO  : Context for processor 'ps7_cortexa9_0' is selected.
01:19:51 INFO  : 'con' command is executed.
01:19:51 INFO  : ----------------XSDB Script (After Launch)----------------
targets -set -nocase -filter {name =~ "*A9*#0"}
con
----------------End of Script----------------

01:19:51 INFO  : Launch script is exported to file '/home/chethana/XILINX/New_IP_Accelerator/terrain_robot_hardware/terrain_test_app_system/_ide/scripts/systemdebugger_terrain_test_app_system_standalone.tcl'
01:21:31 INFO  : Connected to target on host '127.0.0.1' and port '3121'.
01:21:31 INFO  : 'targets -set -filter {jtag_cable_name =~ "Digilent JTAG-HS1 210512180081" && level==0 && jtag_device_ctx=="jsn-JTAG-HS1-210512180081-23727093-0"}' command is executed.
01:21:35 INFO  : Device configured successfully with "/home/chethana/XILINX/New_IP_Accelerator/terrain_robot_hardware/terrain_test_app/_ide/bitstream/design_1_wrapper.bit"
01:23:14 INFO  : Disconnected from the channel tcfchan#14.
01:23:14 INFO  : Connected to target on host '127.0.0.1' and port '3121'.
01:23:14 INFO  : Jtag cable 'Digilent JTAG-HS1 210512180081' is selected.
01:23:14 INFO  : 'jtag frequency' command is executed.
01:23:14 INFO  : Context for 'APU' is selected.
01:23:14 INFO  : System reset is completed.
01:23:17 INFO  : 'after 3000' command is executed.
01:23:17 INFO  : 'targets -set -filter {jtag_cable_name =~ "Digilent JTAG-HS1 210512180081" && level==0 && jtag_device_ctx=="jsn-JTAG-HS1-210512180081-23727093-0"}' command is executed.
01:23:21 INFO  : Device configured successfully with "/home/chethana/XILINX/New_IP_Accelerator/terrain_robot_hardware/terrain_test_app/_ide/bitstream/design_1_wrapper.bit"
01:23:21 INFO  : Context for 'APU' is selected.
01:23:21 INFO  : Hardware design and registers information is loaded from '/home/chethana/XILINX/New_IP_Accelerator/terrain_robot_hardware/terrain_platform1/export/terrain_platform1/hw/design_1_wrapper.xsa'.
01:23:21 INFO  : 'configparams force-mem-access 1' command is executed.
01:23:21 INFO  : Context for 'APU' is selected.
01:23:21 INFO  : Sourcing of '/home/chethana/XILINX/New_IP_Accelerator/terrain_robot_hardware/terrain_test_app/_ide/psinit/ps7_init.tcl' is done.
01:23:21 INFO  : 'ps7_init' command is executed.
01:23:21 INFO  : 'ps7_post_config' command is executed.
01:23:21 INFO  : Context for processor 'ps7_cortexa9_0' is selected.
01:23:21 INFO  : The application '/home/chethana/XILINX/New_IP_Accelerator/terrain_robot_hardware/terrain_test_app/Debug/terrain_test_app.elf' is downloaded to processor 'ps7_cortexa9_0'.
01:23:21 INFO  : 'configparams force-mem-access 0' command is executed.
01:23:21 INFO  : ----------------XSDB Script----------------
connect -url tcp:127.0.0.1:3121
targets -set -nocase -filter {name =~"APU*"}
rst -system
after 3000
targets -set -filter {jtag_cable_name =~ "Digilent JTAG-HS1 210512180081" && level==0 && jtag_device_ctx=="jsn-JTAG-HS1-210512180081-23727093-0"}
fpga -file /home/chethana/XILINX/New_IP_Accelerator/terrain_robot_hardware/terrain_test_app/_ide/bitstream/design_1_wrapper.bit
targets -set -nocase -filter {name =~"APU*"}
loadhw -hw /home/chethana/XILINX/New_IP_Accelerator/terrain_robot_hardware/terrain_platform1/export/terrain_platform1/hw/design_1_wrapper.xsa -mem-ranges [list {0x40000000 0xbfffffff}] -regs
configparams force-mem-access 1
targets -set -nocase -filter {name =~"APU*"}
source /home/chethana/XILINX/New_IP_Accelerator/terrain_robot_hardware/terrain_test_app/_ide/psinit/ps7_init.tcl
ps7_init
ps7_post_config
targets -set -nocase -filter {name =~ "*A9*#0"}
dow /home/chethana/XILINX/New_IP_Accelerator/terrain_robot_hardware/terrain_test_app/Debug/terrain_test_app.elf
configparams force-mem-access 0
----------------End of Script----------------

01:23:21 INFO  : Context for processor 'ps7_cortexa9_0' is selected.
01:23:21 INFO  : 'con' command is executed.
01:23:21 INFO  : ----------------XSDB Script (After Launch)----------------
targets -set -nocase -filter {name =~ "*A9*#0"}
con
----------------End of Script----------------

01:23:21 INFO  : Launch script is exported to file '/home/chethana/XILINX/New_IP_Accelerator/terrain_robot_hardware/terrain_test_app_system/_ide/scripts/systemdebugger_terrain_test_app_system_standalone.tcl'
01:32:41 INFO  : Hardware specification for platform project 'terrain_platform1' is updated.
01:33:04 INFO  : Disconnected from the channel tcfchan#15.
01:33:04 INFO  : Connected to target on host '127.0.0.1' and port '3121'.
01:33:04 INFO  : Jtag cable 'Digilent JTAG-HS1 210512180081' is selected.
01:33:04 INFO  : 'jtag frequency' command is executed.
01:33:04 INFO  : Context for 'APU' is selected.
01:33:04 INFO  : System reset is completed.
01:33:07 INFO  : 'after 3000' command is executed.
01:33:07 INFO  : 'targets -set -filter {jtag_cable_name =~ "Digilent JTAG-HS1 210512180081" && level==0 && jtag_device_ctx=="jsn-JTAG-HS1-210512180081-23727093-0"}' command is executed.
01:33:11 INFO  : Device configured successfully with "/home/chethana/XILINX/New_IP_Accelerator/terrain_robot_hardware/terrain_test_app/_ide/bitstream/design_1_wrapper.bit"
01:33:11 INFO  : Context for 'APU' is selected.
01:33:11 INFO  : Hardware design and registers information is loaded from '/home/chethana/XILINX/New_IP_Accelerator/terrain_robot_hardware/terrain_platform1/export/terrain_platform1/hw/design_1_wrapper.xsa'.
01:33:11 INFO  : 'configparams force-mem-access 1' command is executed.
01:33:11 INFO  : Context for 'APU' is selected.
01:33:11 INFO  : Sourcing of '/home/chethana/XILINX/New_IP_Accelerator/terrain_robot_hardware/terrain_test_app/_ide/psinit/ps7_init.tcl' is done.
01:33:11 INFO  : 'ps7_init' command is executed.
01:33:11 INFO  : 'ps7_post_config' command is executed.
01:33:11 INFO  : Context for processor 'ps7_cortexa9_0' is selected.
01:33:11 INFO  : The application '/home/chethana/XILINX/New_IP_Accelerator/terrain_robot_hardware/terrain_test_app/Debug/terrain_test_app.elf' is downloaded to processor 'ps7_cortexa9_0'.
01:33:11 INFO  : 'configparams force-mem-access 0' command is executed.
01:33:11 INFO  : ----------------XSDB Script----------------
connect -url tcp:127.0.0.1:3121
targets -set -nocase -filter {name =~"APU*"}
rst -system
after 3000
targets -set -filter {jtag_cable_name =~ "Digilent JTAG-HS1 210512180081" && level==0 && jtag_device_ctx=="jsn-JTAG-HS1-210512180081-23727093-0"}
fpga -file /home/chethana/XILINX/New_IP_Accelerator/terrain_robot_hardware/terrain_test_app/_ide/bitstream/design_1_wrapper.bit
targets -set -nocase -filter {name =~"APU*"}
loadhw -hw /home/chethana/XILINX/New_IP_Accelerator/terrain_robot_hardware/terrain_platform1/export/terrain_platform1/hw/design_1_wrapper.xsa -mem-ranges [list {0x40000000 0xbfffffff}] -regs
configparams force-mem-access 1
targets -set -nocase -filter {name =~"APU*"}
source /home/chethana/XILINX/New_IP_Accelerator/terrain_robot_hardware/terrain_test_app/_ide/psinit/ps7_init.tcl
ps7_init
ps7_post_config
targets -set -nocase -filter {name =~ "*A9*#0"}
dow /home/chethana/XILINX/New_IP_Accelerator/terrain_robot_hardware/terrain_test_app/Debug/terrain_test_app.elf
configparams force-mem-access 0
----------------End of Script----------------

01:33:11 INFO  : Context for processor 'ps7_cortexa9_0' is selected.
01:33:11 INFO  : 'con' command is executed.
01:33:11 INFO  : ----------------XSDB Script (After Launch)----------------
targets -set -nocase -filter {name =~ "*A9*#0"}
con
----------------End of Script----------------

01:33:11 INFO  : Launch script is exported to file '/home/chethana/XILINX/New_IP_Accelerator/terrain_robot_hardware/terrain_test_app_system/_ide/scripts/systemdebugger_terrain_test_app_system_standalone.tcl'
01:42:37 INFO  : Disconnected from the channel tcfchan#16.
01:42:38 INFO  : Connected to target on host '127.0.0.1' and port '3121'.
01:42:38 INFO  : Jtag cable 'Digilent JTAG-HS1 210512180081' is selected.
01:42:38 INFO  : 'jtag frequency' command is executed.
01:42:38 INFO  : Context for 'APU' is selected.
01:42:38 INFO  : System reset is completed.
01:42:41 INFO  : 'after 3000' command is executed.
01:42:41 INFO  : 'targets -set -filter {jtag_cable_name =~ "Digilent JTAG-HS1 210512180081" && level==0 && jtag_device_ctx=="jsn-JTAG-HS1-210512180081-23727093-0"}' command is executed.
01:42:45 INFO  : Device configured successfully with "/home/chethana/XILINX/New_IP_Accelerator/terrain_robot_hardware/terrain_test_app/_ide/bitstream/design_1_wrapper.bit"
01:42:45 INFO  : Context for 'APU' is selected.
01:42:45 INFO  : Hardware design and registers information is loaded from '/home/chethana/XILINX/New_IP_Accelerator/terrain_robot_hardware/terrain_platform1/export/terrain_platform1/hw/design_1_wrapper.xsa'.
01:42:45 INFO  : 'configparams force-mem-access 1' command is executed.
01:42:45 INFO  : Context for 'APU' is selected.
01:42:45 INFO  : Sourcing of '/home/chethana/XILINX/New_IP_Accelerator/terrain_robot_hardware/terrain_test_app/_ide/psinit/ps7_init.tcl' is done.
01:42:45 INFO  : 'ps7_init' command is executed.
01:42:45 INFO  : 'ps7_post_config' command is executed.
01:42:45 INFO  : Context for processor 'ps7_cortexa9_0' is selected.
01:42:45 INFO  : The application '/home/chethana/XILINX/New_IP_Accelerator/terrain_robot_hardware/terrain_test_app/Debug/terrain_test_app.elf' is downloaded to processor 'ps7_cortexa9_0'.
01:42:45 INFO  : 'configparams force-mem-access 0' command is executed.
01:42:45 INFO  : ----------------XSDB Script----------------
connect -url tcp:127.0.0.1:3121
targets -set -nocase -filter {name =~"APU*"}
rst -system
after 3000
targets -set -filter {jtag_cable_name =~ "Digilent JTAG-HS1 210512180081" && level==0 && jtag_device_ctx=="jsn-JTAG-HS1-210512180081-23727093-0"}
fpga -file /home/chethana/XILINX/New_IP_Accelerator/terrain_robot_hardware/terrain_test_app/_ide/bitstream/design_1_wrapper.bit
targets -set -nocase -filter {name =~"APU*"}
loadhw -hw /home/chethana/XILINX/New_IP_Accelerator/terrain_robot_hardware/terrain_platform1/export/terrain_platform1/hw/design_1_wrapper.xsa -mem-ranges [list {0x40000000 0xbfffffff}] -regs
configparams force-mem-access 1
targets -set -nocase -filter {name =~"APU*"}
source /home/chethana/XILINX/New_IP_Accelerator/terrain_robot_hardware/terrain_test_app/_ide/psinit/ps7_init.tcl
ps7_init
ps7_post_config
targets -set -nocase -filter {name =~ "*A9*#0"}
dow /home/chethana/XILINX/New_IP_Accelerator/terrain_robot_hardware/terrain_test_app/Debug/terrain_test_app.elf
configparams force-mem-access 0
----------------End of Script----------------

01:42:45 INFO  : Context for processor 'ps7_cortexa9_0' is selected.
01:42:45 INFO  : 'con' command is executed.
01:42:45 INFO  : ----------------XSDB Script (After Launch)----------------
targets -set -nocase -filter {name =~ "*A9*#0"}
con
----------------End of Script----------------

01:42:45 INFO  : Launch script is exported to file '/home/chethana/XILINX/New_IP_Accelerator/terrain_robot_hardware/terrain_test_app_system/_ide/scripts/debugger_terrain_test_app-default.tcl'
01:43:02 INFO  : Disconnected from the channel tcfchan#17.
12:08:27 INFO  : Launching XSCT server: xsct -n  -interactive /home/chethana/XILINX/New_IP_Accelerator/terrain_robot_hardware/temp_xsdb_launch_script.tcl
12:08:34 INFO  : XSCT server has started successfully.
12:08:34 INFO  : plnx-install-location is set to ''
12:08:34 INFO  : Successfully done setting XSCT server connection channel  
12:08:34 INFO  : Successfully done setting workspace for the tool. 
12:08:41 INFO  : Platform repository initialization has completed.
12:08:42 INFO  : Registering command handlers for Vitis TCF services
12:09:22 INFO  : Successfully done query RDI_DATADIR 
12:09:22 INFO  : Result from executing command 'getProjects': terrain_platform1
12:09:22 INFO  : Result from executing command 'getPlatforms': terrain_platform1|/home/chethana/XILINX/New_IP_Accelerator/terrain_robot_hardware/terrain_platform1/export/terrain_platform1/terrain_platform1.xpfm
12:09:25 INFO  : Checking for BSP changes to sync application flags for project 'terrain_test_app'...
12:09:30 INFO  : The hardware specfication used by project 'terrain_test_app' is out of sync with the platform. Resource files extracted from the hardware specfiication will be updated.
12:09:30 INFO  : The file '/home/chethana/XILINX/New_IP_Accelerator/terrain_robot_hardware/terrain_test_app/_ide/bitstream/design_1_wrapper.bit' stored in project is removed.
12:09:30 INFO  : The updated bitstream files are copied from platform to folder '/home/chethana/XILINX/New_IP_Accelerator/terrain_robot_hardware/terrain_test_app/_ide/bitstream' in project 'terrain_test_app'.
12:09:30 INFO  : The file '/home/chethana/XILINX/New_IP_Accelerator/terrain_robot_hardware/terrain_test_app/_ide/psinit/ps7_init.tcl' stored in project is removed.
12:09:32 INFO  : The updated ps init files are copied from platform to folder '/home/chethana/XILINX/New_IP_Accelerator/terrain_robot_hardware/terrain_test_app/_ide/psinit' in project 'terrain_test_app'.
12:09:59 INFO  : Connected to target on host '127.0.0.1' and port '3121'.
12:10:00 INFO  : Jtag cable 'Digilent JTAG-HS1 210512180081' is selected.
12:10:00 INFO  : 'jtag frequency' command is executed.
12:10:00 INFO  : Context for 'APU' is selected.
12:10:00 INFO  : System reset is completed.
12:10:03 INFO  : 'after 3000' command is executed.
12:10:03 INFO  : 'targets -set -filter {jtag_cable_name =~ "Digilent JTAG-HS1 210512180081" && level==0 && jtag_device_ctx=="jsn-JTAG-HS1-210512180081-23727093-0"}' command is executed.
12:10:07 INFO  : Device configured successfully with "/home/chethana/XILINX/New_IP_Accelerator/terrain_robot_hardware/terrain_test_app/_ide/bitstream/design_1_wrapper.bit"
12:10:07 INFO  : Context for 'APU' is selected.
12:10:07 INFO  : Hardware design and registers information is loaded from '/home/chethana/XILINX/New_IP_Accelerator/terrain_robot_hardware/terrain_platform1/export/terrain_platform1/hw/design_1_wrapper.xsa'.
12:10:07 INFO  : 'configparams force-mem-access 1' command is executed.
12:10:07 INFO  : Context for 'APU' is selected.
12:10:07 INFO  : Sourcing of '/home/chethana/XILINX/New_IP_Accelerator/terrain_robot_hardware/terrain_test_app/_ide/psinit/ps7_init.tcl' is done.
12:10:07 INFO  : 'ps7_init' command is executed.
12:10:07 INFO  : 'ps7_post_config' command is executed.
12:10:07 INFO  : Context for processor 'ps7_cortexa9_0' is selected.
12:10:07 INFO  : The application '/home/chethana/XILINX/New_IP_Accelerator/terrain_robot_hardware/terrain_test_app/Debug/terrain_test_app.elf' is downloaded to processor 'ps7_cortexa9_0'.
12:10:07 INFO  : 'configparams force-mem-access 0' command is executed.
12:10:07 INFO  : ----------------XSDB Script----------------
connect -url tcp:127.0.0.1:3121
targets -set -nocase -filter {name =~"APU*"}
rst -system
after 3000
targets -set -filter {jtag_cable_name =~ "Digilent JTAG-HS1 210512180081" && level==0 && jtag_device_ctx=="jsn-JTAG-HS1-210512180081-23727093-0"}
fpga -file /home/chethana/XILINX/New_IP_Accelerator/terrain_robot_hardware/terrain_test_app/_ide/bitstream/design_1_wrapper.bit
targets -set -nocase -filter {name =~"APU*"}
loadhw -hw /home/chethana/XILINX/New_IP_Accelerator/terrain_robot_hardware/terrain_platform1/export/terrain_platform1/hw/design_1_wrapper.xsa -mem-ranges [list {0x40000000 0xbfffffff}] -regs
configparams force-mem-access 1
targets -set -nocase -filter {name =~"APU*"}
source /home/chethana/XILINX/New_IP_Accelerator/terrain_robot_hardware/terrain_test_app/_ide/psinit/ps7_init.tcl
ps7_init
ps7_post_config
targets -set -nocase -filter {name =~ "*A9*#0"}
dow /home/chethana/XILINX/New_IP_Accelerator/terrain_robot_hardware/terrain_test_app/Debug/terrain_test_app.elf
configparams force-mem-access 0
----------------End of Script----------------

12:10:07 INFO  : Context for processor 'ps7_cortexa9_0' is selected.
12:10:07 INFO  : 'con' command is executed.
12:10:07 INFO  : ----------------XSDB Script (After Launch)----------------
targets -set -nocase -filter {name =~ "*A9*#0"}
con
----------------End of Script----------------

12:10:07 INFO  : Launch script is exported to file '/home/chethana/XILINX/New_IP_Accelerator/terrain_robot_hardware/terrain_test_app_system/_ide/scripts/systemdebugger_terrain_test_app_system_standalone.tcl'
12:12:14 INFO  : Disconnected from the channel tcfchan#3.
12:12:14 INFO  : Connected to target on host '127.0.0.1' and port '3121'.
12:12:14 INFO  : Jtag cable 'Digilent JTAG-HS1 210512180081' is selected.
12:12:14 INFO  : 'jtag frequency' command is executed.
12:12:14 INFO  : Context for 'APU' is selected.
12:12:14 INFO  : System reset is completed.
12:12:17 INFO  : 'after 3000' command is executed.
12:12:17 INFO  : 'targets -set -filter {jtag_cable_name =~ "Digilent JTAG-HS1 210512180081" && level==0 && jtag_device_ctx=="jsn-JTAG-HS1-210512180081-23727093-0"}' command is executed.
12:12:20 INFO  : Device configured successfully with "/home/chethana/XILINX/New_IP_Accelerator/terrain_robot_hardware/terrain_test_app/_ide/bitstream/design_1_wrapper.bit"
12:12:20 INFO  : Context for 'APU' is selected.
12:12:20 INFO  : Hardware design and registers information is loaded from '/home/chethana/XILINX/New_IP_Accelerator/terrain_robot_hardware/terrain_platform1/export/terrain_platform1/hw/design_1_wrapper.xsa'.
12:12:20 INFO  : 'configparams force-mem-access 1' command is executed.
12:12:20 INFO  : Context for 'APU' is selected.
12:12:20 INFO  : Sourcing of '/home/chethana/XILINX/New_IP_Accelerator/terrain_robot_hardware/terrain_test_app/_ide/psinit/ps7_init.tcl' is done.
12:12:21 INFO  : 'ps7_init' command is executed.
12:12:21 INFO  : 'ps7_post_config' command is executed.
12:12:21 INFO  : Context for processor 'ps7_cortexa9_0' is selected.
12:12:21 INFO  : The application '/home/chethana/XILINX/New_IP_Accelerator/terrain_robot_hardware/terrain_test_app/Debug/terrain_test_app.elf' is downloaded to processor 'ps7_cortexa9_0'.
12:12:21 INFO  : 'configparams force-mem-access 0' command is executed.
12:12:21 INFO  : ----------------XSDB Script----------------
connect -url tcp:127.0.0.1:3121
targets -set -nocase -filter {name =~"APU*"}
rst -system
after 3000
targets -set -filter {jtag_cable_name =~ "Digilent JTAG-HS1 210512180081" && level==0 && jtag_device_ctx=="jsn-JTAG-HS1-210512180081-23727093-0"}
fpga -file /home/chethana/XILINX/New_IP_Accelerator/terrain_robot_hardware/terrain_test_app/_ide/bitstream/design_1_wrapper.bit
targets -set -nocase -filter {name =~"APU*"}
loadhw -hw /home/chethana/XILINX/New_IP_Accelerator/terrain_robot_hardware/terrain_platform1/export/terrain_platform1/hw/design_1_wrapper.xsa -mem-ranges [list {0x40000000 0xbfffffff}] -regs
configparams force-mem-access 1
targets -set -nocase -filter {name =~"APU*"}
source /home/chethana/XILINX/New_IP_Accelerator/terrain_robot_hardware/terrain_test_app/_ide/psinit/ps7_init.tcl
ps7_init
ps7_post_config
targets -set -nocase -filter {name =~ "*A9*#0"}
dow /home/chethana/XILINX/New_IP_Accelerator/terrain_robot_hardware/terrain_test_app/Debug/terrain_test_app.elf
configparams force-mem-access 0
----------------End of Script----------------

12:12:21 INFO  : Context for processor 'ps7_cortexa9_0' is selected.
12:12:21 INFO  : 'con' command is executed.
12:12:21 INFO  : ----------------XSDB Script (After Launch)----------------
targets -set -nocase -filter {name =~ "*A9*#0"}
con
----------------End of Script----------------

12:12:21 INFO  : Launch script is exported to file '/home/chethana/XILINX/New_IP_Accelerator/terrain_robot_hardware/terrain_test_app_system/_ide/scripts/systemdebugger_terrain_test_app_system_standalone.tcl'
12:13:38 INFO  : Disconnected from the channel tcfchan#4.
12:13:39 INFO  : Connected to target on host '127.0.0.1' and port '3121'.
12:13:40 INFO  : Jtag cable 'Digilent JTAG-HS1 210512180081' is selected.
12:13:40 INFO  : 'jtag frequency' command is executed.
12:13:40 INFO  : Context for 'APU' is selected.
12:13:40 INFO  : System reset is completed.
12:13:43 INFO  : 'after 3000' command is executed.
12:13:43 INFO  : 'targets -set -filter {jtag_cable_name =~ "Digilent JTAG-HS1 210512180081" && level==0 && jtag_device_ctx=="jsn-JTAG-HS1-210512180081-23727093-0"}' command is executed.
12:13:46 INFO  : Device configured successfully with "/home/chethana/XILINX/New_IP_Accelerator/terrain_robot_hardware/terrain_test_app/_ide/bitstream/design_1_wrapper.bit"
12:13:46 INFO  : Context for 'APU' is selected.
12:13:46 INFO  : Hardware design and registers information is loaded from '/home/chethana/XILINX/New_IP_Accelerator/terrain_robot_hardware/terrain_platform1/export/terrain_platform1/hw/design_1_wrapper.xsa'.
12:13:46 INFO  : 'configparams force-mem-access 1' command is executed.
12:13:46 INFO  : Context for 'APU' is selected.
12:13:46 INFO  : Sourcing of '/home/chethana/XILINX/New_IP_Accelerator/terrain_robot_hardware/terrain_test_app/_ide/psinit/ps7_init.tcl' is done.
12:13:46 INFO  : 'ps7_init' command is executed.
12:13:46 INFO  : 'ps7_post_config' command is executed.
12:13:46 INFO  : Context for processor 'ps7_cortexa9_0' is selected.
12:13:46 INFO  : The application '/home/chethana/XILINX/New_IP_Accelerator/terrain_robot_hardware/terrain_test_app/Debug/terrain_test_app.elf' is downloaded to processor 'ps7_cortexa9_0'.
12:13:46 INFO  : 'configparams force-mem-access 0' command is executed.
12:13:46 INFO  : ----------------XSDB Script----------------
connect -url tcp:127.0.0.1:3121
targets -set -nocase -filter {name =~"APU*"}
rst -system
after 3000
targets -set -filter {jtag_cable_name =~ "Digilent JTAG-HS1 210512180081" && level==0 && jtag_device_ctx=="jsn-JTAG-HS1-210512180081-23727093-0"}
fpga -file /home/chethana/XILINX/New_IP_Accelerator/terrain_robot_hardware/terrain_test_app/_ide/bitstream/design_1_wrapper.bit
targets -set -nocase -filter {name =~"APU*"}
loadhw -hw /home/chethana/XILINX/New_IP_Accelerator/terrain_robot_hardware/terrain_platform1/export/terrain_platform1/hw/design_1_wrapper.xsa -mem-ranges [list {0x40000000 0xbfffffff}] -regs
configparams force-mem-access 1
targets -set -nocase -filter {name =~"APU*"}
source /home/chethana/XILINX/New_IP_Accelerator/terrain_robot_hardware/terrain_test_app/_ide/psinit/ps7_init.tcl
ps7_init
ps7_post_config
targets -set -nocase -filter {name =~ "*A9*#0"}
dow /home/chethana/XILINX/New_IP_Accelerator/terrain_robot_hardware/terrain_test_app/Debug/terrain_test_app.elf
configparams force-mem-access 0
----------------End of Script----------------

12:13:46 INFO  : Context for processor 'ps7_cortexa9_0' is selected.
12:13:46 INFO  : 'con' command is executed.
12:13:46 INFO  : ----------------XSDB Script (After Launch)----------------
targets -set -nocase -filter {name =~ "*A9*#0"}
con
----------------End of Script----------------

12:13:46 INFO  : Launch script is exported to file '/home/chethana/XILINX/New_IP_Accelerator/terrain_robot_hardware/terrain_test_app_system/_ide/scripts/debugger_terrain_test_app-default.tcl'
12:14:07 INFO  : Checking for BSP changes to sync application flags for project 'terrain_test_app'...
12:14:18 INFO  : Disconnected from the channel tcfchan#5.
12:14:19 INFO  : Connected to target on host '127.0.0.1' and port '3121'.
12:14:19 INFO  : Jtag cable 'Digilent JTAG-HS1 210512180081' is selected.
12:14:19 INFO  : 'jtag frequency' command is executed.
12:14:19 INFO  : Context for 'APU' is selected.
12:14:19 INFO  : System reset is completed.
12:14:22 INFO  : 'after 3000' command is executed.
12:14:22 INFO  : 'targets -set -filter {jtag_cable_name =~ "Digilent JTAG-HS1 210512180081" && level==0 && jtag_device_ctx=="jsn-JTAG-HS1-210512180081-23727093-0"}' command is executed.
12:14:26 INFO  : Device configured successfully with "/home/chethana/XILINX/New_IP_Accelerator/terrain_robot_hardware/terrain_test_app/_ide/bitstream/design_1_wrapper.bit"
12:14:26 INFO  : Context for 'APU' is selected.
12:14:26 INFO  : Hardware design and registers information is loaded from '/home/chethana/XILINX/New_IP_Accelerator/terrain_robot_hardware/terrain_platform1/export/terrain_platform1/hw/design_1_wrapper.xsa'.
12:14:26 INFO  : 'configparams force-mem-access 1' command is executed.
12:14:26 INFO  : Context for 'APU' is selected.
12:14:26 INFO  : Sourcing of '/home/chethana/XILINX/New_IP_Accelerator/terrain_robot_hardware/terrain_test_app/_ide/psinit/ps7_init.tcl' is done.
12:14:26 INFO  : 'ps7_init' command is executed.
12:14:26 INFO  : 'ps7_post_config' command is executed.
12:14:26 INFO  : Context for processor 'ps7_cortexa9_0' is selected.
12:14:26 INFO  : The application '/home/chethana/XILINX/New_IP_Accelerator/terrain_robot_hardware/terrain_test_app/Debug/terrain_test_app.elf' is downloaded to processor 'ps7_cortexa9_0'.
12:14:26 INFO  : 'configparams force-mem-access 0' command is executed.
12:14:26 INFO  : ----------------XSDB Script----------------
connect -url tcp:127.0.0.1:3121
targets -set -nocase -filter {name =~"APU*"}
rst -system
after 3000
targets -set -filter {jtag_cable_name =~ "Digilent JTAG-HS1 210512180081" && level==0 && jtag_device_ctx=="jsn-JTAG-HS1-210512180081-23727093-0"}
fpga -file /home/chethana/XILINX/New_IP_Accelerator/terrain_robot_hardware/terrain_test_app/_ide/bitstream/design_1_wrapper.bit
targets -set -nocase -filter {name =~"APU*"}
loadhw -hw /home/chethana/XILINX/New_IP_Accelerator/terrain_robot_hardware/terrain_platform1/export/terrain_platform1/hw/design_1_wrapper.xsa -mem-ranges [list {0x40000000 0xbfffffff}] -regs
configparams force-mem-access 1
targets -set -nocase -filter {name =~"APU*"}
source /home/chethana/XILINX/New_IP_Accelerator/terrain_robot_hardware/terrain_test_app/_ide/psinit/ps7_init.tcl
ps7_init
ps7_post_config
targets -set -nocase -filter {name =~ "*A9*#0"}
dow /home/chethana/XILINX/New_IP_Accelerator/terrain_robot_hardware/terrain_test_app/Debug/terrain_test_app.elf
configparams force-mem-access 0
----------------End of Script----------------

12:14:26 INFO  : Context for processor 'ps7_cortexa9_0' is selected.
12:14:26 INFO  : 'con' command is executed.
12:14:26 INFO  : ----------------XSDB Script (After Launch)----------------
targets -set -nocase -filter {name =~ "*A9*#0"}
con
----------------End of Script----------------

12:14:26 INFO  : Launch script is exported to file '/home/chethana/XILINX/New_IP_Accelerator/terrain_robot_hardware/terrain_test_app_system/_ide/scripts/debugger_terrain_test_app-default.tcl'
18:19:36 INFO  : Launching XSCT server: xsct -n  -interactive /home/chethana/XILINX/New_IP_Accelerator/terrain_robot_hardware/temp_xsdb_launch_script.tcl
18:19:41 INFO  : XSCT server has started successfully.
18:19:41 INFO  : Successfully done setting XSCT server connection channel  
18:19:41 INFO  : plnx-install-location is set to ''
18:19:41 INFO  : Successfully done setting workspace for the tool. 
18:19:46 INFO  : Registering command handlers for Vitis TCF services
18:19:47 INFO  : Platform repository initialization has completed.
18:20:14 INFO  : Successfully done query RDI_DATADIR 
18:25:48 INFO  : Connected to target on host '127.0.0.1' and port '3121'.
18:25:48 INFO  : Jtag cable 'Digilent JTAG-HS1 210512180081' is selected.
18:25:48 INFO  : 'jtag frequency' command is executed.
18:25:48 INFO  : Context for 'APU' is selected.
18:25:48 INFO  : System reset is completed.
18:25:51 INFO  : 'after 3000' command is executed.
18:25:51 INFO  : Connected to target on host '127.0.0.1' and port '3121'.
18:25:51 INFO  : Jtag cable 'Digilent JTAG-HS1 210512180081' is selected.
18:25:51 INFO  : 'jtag frequency' command is executed.
18:25:51 INFO  : Context for 'APU' is selected.
18:25:51 INFO  : System reset is completed.
18:25:54 INFO  : 'after 3000' command is executed.
18:25:54 INFO  : 'targets -set -filter {jtag_cable_name =~ "Digilent JTAG-HS1 210512180081" && level==0 && jtag_device_ctx=="jsn-JTAG-HS1-210512180081-23727093-0"}' command is executed.
18:25:58 INFO  : Device configured successfully with "/home/chethana/XILINX/New_IP_Accelerator/terrain_robot_hardware/terrain_test_app/_ide/bitstream/design_1_wrapper.bit"
18:25:58 INFO  : 'targets -set -filter {jtag_cable_name =~ "Digilent JTAG-HS1 210512180081" && level==0 && jtag_device_ctx=="jsn-JTAG-HS1-210512180081-23727093-0"}' command is executed.
18:26:01 INFO  : Device configured successfully with "/home/chethana/XILINX/New_IP_Accelerator/terrain_robot_hardware/terrain_test_app/_ide/bitstream/design_1_wrapper.bit"
18:26:01 INFO  : Context for 'APU' is selected.
18:26:01 INFO  : Hardware design and registers information is loaded from '/home/chethana/XILINX/New_IP_Accelerator/terrain_robot_hardware/terrain_platform1/export/terrain_platform1/hw/design_1_wrapper.xsa'.
18:26:01 INFO  : Context for 'APU' is selected.
18:26:01 INFO  : 'configparams force-mem-access 1' command is executed.
18:26:01 INFO  : Hardware design and registers information is loaded from '/home/chethana/XILINX/New_IP_Accelerator/terrain_robot_hardware/terrain_platform1/export/terrain_platform1/hw/design_1_wrapper.xsa'.
18:26:01 INFO  : Context for 'APU' is selected.
18:26:01 INFO  : 'configparams force-mem-access 1' command is executed.
18:26:01 INFO  : Sourcing of '/home/chethana/XILINX/New_IP_Accelerator/terrain_robot_hardware/terrain_test_app/_ide/psinit/ps7_init.tcl' is done.
18:26:01 INFO  : Context for 'APU' is selected.
18:26:02 INFO  : 'ps7_init' command is executed.
18:26:02 INFO  : Sourcing of '/home/chethana/XILINX/New_IP_Accelerator/terrain_robot_hardware/terrain_test_app/_ide/psinit/ps7_init.tcl' is done.
18:26:02 INFO  : 'ps7_post_config' command is executed.
18:26:02 INFO  : 'ps7_init' command is executed.
18:26:02 INFO  : Context for processor 'ps7_cortexa9_0' is selected.
18:26:02 INFO  : 'ps7_post_config' command is executed.
18:26:02 INFO  : The application '/home/chethana/XILINX/New_IP_Accelerator/terrain_robot_hardware/terrain_test_app/Debug/terrain_test_app.elf' is downloaded to processor 'ps7_cortexa9_0'.
18:26:02 INFO  : Context for processor 'ps7_cortexa9_0' is selected.
18:26:02 INFO  : 'configparams force-mem-access 0' command is executed.
18:26:02 INFO  : ----------------XSDB Script----------------
connect -url tcp:127.0.0.1:3121
targets -set -nocase -filter {name =~"APU*"}
rst -system
after 3000
targets -set -filter {jtag_cable_name =~ "Digilent JTAG-HS1 210512180081" && level==0 && jtag_device_ctx=="jsn-JTAG-HS1-210512180081-23727093-0"}
fpga -file /home/chethana/XILINX/New_IP_Accelerator/terrain_robot_hardware/terrain_test_app/_ide/bitstream/design_1_wrapper.bit
targets -set -nocase -filter {name =~"APU*"}
loadhw -hw /home/chethana/XILINX/New_IP_Accelerator/terrain_robot_hardware/terrain_platform1/export/terrain_platform1/hw/design_1_wrapper.xsa -mem-ranges [list {0x40000000 0xbfffffff}] -regs
configparams force-mem-access 1
targets -set -nocase -filter {name =~"APU*"}
source /home/chethana/XILINX/New_IP_Accelerator/terrain_robot_hardware/terrain_test_app/_ide/psinit/ps7_init.tcl
ps7_init
ps7_post_config
targets -set -nocase -filter {name =~ "*A9*#0"}
dow /home/chethana/XILINX/New_IP_Accelerator/terrain_robot_hardware/terrain_test_app/Debug/terrain_test_app.elf
configparams force-mem-access 0
----------------End of Script----------------

18:26:02 INFO  : The application '/home/chethana/XILINX/New_IP_Accelerator/terrain_robot_hardware/terrain_test_app/Debug/terrain_test_app.elf' is downloaded to processor 'ps7_cortexa9_0'.
18:26:02 INFO  : 'configparams force-mem-access 0' command is executed.
18:26:02 INFO  : ----------------XSDB Script----------------
connect -url tcp:127.0.0.1:3121
targets -set -nocase -filter {name =~"APU*"}
rst -system
after 3000
targets -set -filter {jtag_cable_name =~ "Digilent JTAG-HS1 210512180081" && level==0 && jtag_device_ctx=="jsn-JTAG-HS1-210512180081-23727093-0"}
fpga -file /home/chethana/XILINX/New_IP_Accelerator/terrain_robot_hardware/terrain_test_app/_ide/bitstream/design_1_wrapper.bit
targets -set -nocase -filter {name =~"APU*"}
loadhw -hw /home/chethana/XILINX/New_IP_Accelerator/terrain_robot_hardware/terrain_platform1/export/terrain_platform1/hw/design_1_wrapper.xsa -mem-ranges [list {0x40000000 0xbfffffff}] -regs
configparams force-mem-access 1
targets -set -nocase -filter {name =~"APU*"}
source /home/chethana/XILINX/New_IP_Accelerator/terrain_robot_hardware/terrain_test_app/_ide/psinit/ps7_init.tcl
ps7_init
ps7_post_config
targets -set -nocase -filter {name =~ "*A9*#0"}
dow /home/chethana/XILINX/New_IP_Accelerator/terrain_robot_hardware/terrain_test_app/Debug/terrain_test_app.elf
configparams force-mem-access 0
----------------End of Script----------------

18:26:02 INFO  : Context for processor 'ps7_cortexa9_0' is selected.
18:26:02 INFO  : 'con' command is executed.
18:26:02 INFO  : ----------------XSDB Script (After Launch)----------------
targets -set -nocase -filter {name =~ "*A9*#0"}
con
----------------End of Script----------------

18:26:02 INFO  : Launch script is exported to file '/home/chethana/XILINX/New_IP_Accelerator/terrain_robot_hardware/terrain_test_app_system/_ide/scripts/debugger_terrain_test_app-default.tcl'
18:26:02 INFO  : Context for processor 'ps7_cortexa9_0' is selected.
18:26:02 ERROR : Already running
18:26:16 INFO  : Disconnected from the channel tcfchan#1.
18:26:17 INFO  : Connected to target on host '127.0.0.1' and port '3121'.
18:26:17 INFO  : Jtag cable 'Digilent JTAG-HS1 210512180081' is selected.
18:26:17 INFO  : 'jtag frequency' command is executed.
18:26:17 INFO  : Context for 'APU' is selected.
18:26:17 INFO  : System reset is completed.
18:26:20 INFO  : 'after 3000' command is executed.
18:26:20 INFO  : 'targets -set -filter {jtag_cable_name =~ "Digilent JTAG-HS1 210512180081" && level==0 && jtag_device_ctx=="jsn-JTAG-HS1-210512180081-23727093-0"}' command is executed.
18:26:24 INFO  : Device configured successfully with "/home/chethana/XILINX/New_IP_Accelerator/terrain_robot_hardware/terrain_test_app/_ide/bitstream/design_1_wrapper.bit"
18:26:24 INFO  : Context for 'APU' is selected.
18:26:24 INFO  : Hardware design and registers information is loaded from '/home/chethana/XILINX/New_IP_Accelerator/terrain_robot_hardware/terrain_platform1/export/terrain_platform1/hw/design_1_wrapper.xsa'.
18:26:24 INFO  : 'configparams force-mem-access 1' command is executed.
18:26:24 INFO  : Context for 'APU' is selected.
18:26:24 INFO  : Sourcing of '/home/chethana/XILINX/New_IP_Accelerator/terrain_robot_hardware/terrain_test_app/_ide/psinit/ps7_init.tcl' is done.
18:26:25 INFO  : 'ps7_init' command is executed.
18:26:25 INFO  : 'ps7_post_config' command is executed.
18:26:25 INFO  : Context for processor 'ps7_cortexa9_0' is selected.
18:26:25 INFO  : The application '/home/chethana/XILINX/New_IP_Accelerator/terrain_robot_hardware/terrain_test_app/Debug/terrain_test_app.elf' is downloaded to processor 'ps7_cortexa9_0'.
18:26:25 INFO  : 'configparams force-mem-access 0' command is executed.
18:26:25 INFO  : ----------------XSDB Script----------------
connect -url tcp:127.0.0.1:3121
targets -set -nocase -filter {name =~"APU*"}
rst -system
after 3000
targets -set -filter {jtag_cable_name =~ "Digilent JTAG-HS1 210512180081" && level==0 && jtag_device_ctx=="jsn-JTAG-HS1-210512180081-23727093-0"}
fpga -file /home/chethana/XILINX/New_IP_Accelerator/terrain_robot_hardware/terrain_test_app/_ide/bitstream/design_1_wrapper.bit
targets -set -nocase -filter {name =~"APU*"}
loadhw -hw /home/chethana/XILINX/New_IP_Accelerator/terrain_robot_hardware/terrain_platform1/export/terrain_platform1/hw/design_1_wrapper.xsa -mem-ranges [list {0x40000000 0xbfffffff}] -regs
configparams force-mem-access 1
targets -set -nocase -filter {name =~"APU*"}
source /home/chethana/XILINX/New_IP_Accelerator/terrain_robot_hardware/terrain_test_app/_ide/psinit/ps7_init.tcl
ps7_init
ps7_post_config
targets -set -nocase -filter {name =~ "*A9*#0"}
dow /home/chethana/XILINX/New_IP_Accelerator/terrain_robot_hardware/terrain_test_app/Debug/terrain_test_app.elf
configparams force-mem-access 0
----------------End of Script----------------

18:26:25 INFO  : Context for processor 'ps7_cortexa9_0' is selected.
18:26:25 INFO  : 'con' command is executed.
18:26:25 INFO  : ----------------XSDB Script (After Launch)----------------
targets -set -nocase -filter {name =~ "*A9*#0"}
con
----------------End of Script----------------

18:26:25 INFO  : Launch script is exported to file '/home/chethana/XILINX/New_IP_Accelerator/terrain_robot_hardware/terrain_test_app_system/_ide/scripts/debugger_terrain_test_app-default.tcl'
18:57:11 INFO  : Disconnected from the channel tcfchan#2.
18:57:12 INFO  : Connected to target on host '127.0.0.1' and port '3121'.
18:57:12 INFO  : Jtag cable 'Digilent JTAG-HS1 210512180081' is selected.
18:57:12 INFO  : 'jtag frequency' command is executed.
18:57:12 INFO  : Context for 'APU' is selected.
18:57:12 INFO  : System reset is completed.
18:57:15 INFO  : 'after 3000' command is executed.
18:57:15 INFO  : 'targets -set -filter {jtag_cable_name =~ "Digilent JTAG-HS1 210512180081" && level==0 && jtag_device_ctx=="jsn-JTAG-HS1-210512180081-23727093-0"}' command is executed.
18:57:19 INFO  : Device configured successfully with "/home/chethana/XILINX/New_IP_Accelerator/terrain_robot_hardware/terrain_test_app/_ide/bitstream/design_1_wrapper.bit"
18:57:19 INFO  : Context for 'APU' is selected.
18:57:20 INFO  : Hardware design and registers information is loaded from '/home/chethana/XILINX/New_IP_Accelerator/terrain_robot_hardware/terrain_platform1/export/terrain_platform1/hw/design_1_wrapper.xsa'.
18:57:20 INFO  : 'configparams force-mem-access 1' command is executed.
18:57:20 INFO  : Context for 'APU' is selected.
18:57:20 INFO  : Sourcing of '/home/chethana/XILINX/New_IP_Accelerator/terrain_robot_hardware/terrain_test_app/_ide/psinit/ps7_init.tcl' is done.
18:57:21 INFO  : 'ps7_init' command is executed.
18:57:21 INFO  : 'ps7_post_config' command is executed.
18:57:21 INFO  : Context for processor 'ps7_cortexa9_0' is selected.
18:57:21 INFO  : The application '/home/chethana/XILINX/New_IP_Accelerator/terrain_robot_hardware/terrain_test_app/Debug/terrain_test_app.elf' is downloaded to processor 'ps7_cortexa9_0'.
18:57:21 INFO  : 'configparams force-mem-access 0' command is executed.
18:57:21 INFO  : ----------------XSDB Script----------------
connect -url tcp:127.0.0.1:3121
targets -set -nocase -filter {name =~"APU*"}
rst -system
after 3000
targets -set -filter {jtag_cable_name =~ "Digilent JTAG-HS1 210512180081" && level==0 && jtag_device_ctx=="jsn-JTAG-HS1-210512180081-23727093-0"}
fpga -file /home/chethana/XILINX/New_IP_Accelerator/terrain_robot_hardware/terrain_test_app/_ide/bitstream/design_1_wrapper.bit
targets -set -nocase -filter {name =~"APU*"}
loadhw -hw /home/chethana/XILINX/New_IP_Accelerator/terrain_robot_hardware/terrain_platform1/export/terrain_platform1/hw/design_1_wrapper.xsa -mem-ranges [list {0x40000000 0xbfffffff}] -regs
configparams force-mem-access 1
targets -set -nocase -filter {name =~"APU*"}
source /home/chethana/XILINX/New_IP_Accelerator/terrain_robot_hardware/terrain_test_app/_ide/psinit/ps7_init.tcl
ps7_init
ps7_post_config
targets -set -nocase -filter {name =~ "*A9*#0"}
dow /home/chethana/XILINX/New_IP_Accelerator/terrain_robot_hardware/terrain_test_app/Debug/terrain_test_app.elf
configparams force-mem-access 0
----------------End of Script----------------

18:57:21 INFO  : Context for processor 'ps7_cortexa9_0' is selected.
18:57:21 INFO  : 'con' command is executed.
18:57:21 INFO  : ----------------XSDB Script (After Launch)----------------
targets -set -nocase -filter {name =~ "*A9*#0"}
con
----------------End of Script----------------

18:57:21 INFO  : Launch script is exported to file '/home/chethana/XILINX/New_IP_Accelerator/terrain_robot_hardware/terrain_test_app_system/_ide/scripts/debugger_terrain_test_app-default.tcl'
19:50:38 INFO  : Launching XSCT server: xsct -n  -interactive /home/chethana/XILINX/New_IP_Accelerator/terrain_robot_hardware/temp_xsdb_launch_script.tcl
19:50:44 INFO  : XSCT server has started successfully.
19:50:44 INFO  : Successfully done setting XSCT server connection channel  
19:50:44 INFO  : plnx-install-location is set to ''
19:50:44 INFO  : Successfully done setting workspace for the tool. 
19:50:49 INFO  : Platform repository initialization has completed.
19:50:50 INFO  : Registering command handlers for Vitis TCF services
19:50:56 INFO  : Successfully done query RDI_DATADIR 
19:51:30 INFO  : Connected to target on host '127.0.0.1' and port '3121'.
19:51:30 INFO  : Jtag cable 'Digilent JTAG-HS1 210512180081' is selected.
19:51:30 INFO  : 'jtag frequency' command is executed.
19:51:30 INFO  : Context for 'APU' is selected.
19:51:30 INFO  : System reset is completed.
19:51:33 INFO  : 'after 3000' command is executed.
19:51:33 INFO  : 'targets -set -filter {jtag_cable_name =~ "Digilent JTAG-HS1 210512180081" && level==0 && jtag_device_ctx=="jsn-JTAG-HS1-210512180081-23727093-0"}' command is executed.
19:51:37 INFO  : Device configured successfully with "/home/chethana/XILINX/New_IP_Accelerator/terrain_robot_hardware/terrain_test_app/_ide/bitstream/design_1_wrapper.bit"
19:51:37 INFO  : Context for 'APU' is selected.
19:51:37 INFO  : Hardware design and registers information is loaded from '/home/chethana/XILINX/New_IP_Accelerator/terrain_robot_hardware/terrain_platform1/export/terrain_platform1/hw/design_1_wrapper.xsa'.
19:51:37 INFO  : 'configparams force-mem-access 1' command is executed.
19:51:37 INFO  : Context for 'APU' is selected.
19:51:37 INFO  : Sourcing of '/home/chethana/XILINX/New_IP_Accelerator/terrain_robot_hardware/terrain_test_app/_ide/psinit/ps7_init.tcl' is done.
19:51:37 INFO  : 'ps7_init' command is executed.
19:51:37 INFO  : 'ps7_post_config' command is executed.
19:51:37 INFO  : Context for processor 'ps7_cortexa9_0' is selected.
19:51:37 INFO  : The application '/home/chethana/XILINX/New_IP_Accelerator/terrain_robot_hardware/terrain_test_app/Debug/terrain_test_app.elf' is downloaded to processor 'ps7_cortexa9_0'.
19:51:37 INFO  : 'configparams force-mem-access 0' command is executed.
19:51:37 INFO  : ----------------XSDB Script----------------
connect -url tcp:127.0.0.1:3121
targets -set -nocase -filter {name =~"APU*"}
rst -system
after 3000
targets -set -filter {jtag_cable_name =~ "Digilent JTAG-HS1 210512180081" && level==0 && jtag_device_ctx=="jsn-JTAG-HS1-210512180081-23727093-0"}
fpga -file /home/chethana/XILINX/New_IP_Accelerator/terrain_robot_hardware/terrain_test_app/_ide/bitstream/design_1_wrapper.bit
targets -set -nocase -filter {name =~"APU*"}
loadhw -hw /home/chethana/XILINX/New_IP_Accelerator/terrain_robot_hardware/terrain_platform1/export/terrain_platform1/hw/design_1_wrapper.xsa -mem-ranges [list {0x40000000 0xbfffffff}] -regs
configparams force-mem-access 1
targets -set -nocase -filter {name =~"APU*"}
source /home/chethana/XILINX/New_IP_Accelerator/terrain_robot_hardware/terrain_test_app/_ide/psinit/ps7_init.tcl
ps7_init
ps7_post_config
targets -set -nocase -filter {name =~ "*A9*#0"}
dow /home/chethana/XILINX/New_IP_Accelerator/terrain_robot_hardware/terrain_test_app/Debug/terrain_test_app.elf
configparams force-mem-access 0
----------------End of Script----------------

19:51:37 INFO  : Context for processor 'ps7_cortexa9_0' is selected.
19:51:37 INFO  : 'con' command is executed.
19:51:37 INFO  : ----------------XSDB Script (After Launch)----------------
targets -set -nocase -filter {name =~ "*A9*#0"}
con
----------------End of Script----------------

19:51:37 INFO  : Launch script is exported to file '/home/chethana/XILINX/New_IP_Accelerator/terrain_robot_hardware/terrain_test_app_system/_ide/scripts/systemdebugger_terrain_test_app_system_standalone.tcl'
19:52:30 INFO  : Disconnected from the channel tcfchan#1.
19:52:31 INFO  : Connected to target on host '127.0.0.1' and port '3121'.
19:52:31 INFO  : Jtag cable 'Digilent JTAG-HS1 210512180081' is selected.
19:52:31 INFO  : 'jtag frequency' command is executed.
19:52:31 INFO  : Context for 'APU' is selected.
19:52:31 INFO  : System reset is completed.
19:52:34 INFO  : 'after 3000' command is executed.
19:52:34 INFO  : 'targets -set -filter {jtag_cable_name =~ "Digilent JTAG-HS1 210512180081" && level==0 && jtag_device_ctx=="jsn-JTAG-HS1-210512180081-23727093-0"}' command is executed.
19:52:38 ERROR : (XSDB Server)-code 1 -level 0 -errorcode NONE -errorinfo {Code 1 Time 1775226158349 Format {JTAG node is not accessible}
    while executing
"error [lindex $data 0]"
    invoked from within
"if { [lindex $data 0] != "" } {
		    error [lindex $data 0]
		}"
    ("eval" body line 2)
    invoked from within
"eval $script"} -errorline 12

19:52:38 ERROR : JTAG node is not accessible
19:52:38 ERROR : Exception occured while running Program Device.
java.lang.RuntimeException: JTAG node is not accessible
19:52:38 INFO  : ----------------XSDB Script----------------
connect -url tcp:127.0.0.1:3121
targets -set -nocase -filter {name =~"APU*"}
rst -system
after 3000
----------------End of Script----------------

19:52:38 ERROR : JTAG node is not accessible
19:52:52 INFO  : Connected to target on host '127.0.0.1' and port '3121'.
19:52:52 INFO  : Jtag cable 'Digilent JTAG-HS1 210512180081' is selected.
19:52:52 INFO  : 'jtag frequency' command is executed.
19:52:52 INFO  : Context for 'APU' is selected.
19:52:52 INFO  : System reset is completed.
19:52:55 INFO  : 'after 3000' command is executed.
19:52:56 INFO  : 'targets -set -filter {jtag_cable_name =~ "Digilent JTAG-HS1 210512180081" && level==0 && jtag_device_ctx=="jsn-JTAG-HS1-210512180081-23727093-0"}' command is executed.
19:52:59 INFO  : Device configured successfully with "/home/chethana/XILINX/New_IP_Accelerator/terrain_robot_hardware/terrain_test_app/_ide/bitstream/design_1_wrapper.bit"
19:52:59 INFO  : Context for 'APU' is selected.
19:53:00 INFO  : Hardware design and registers information is loaded from '/home/chethana/XILINX/New_IP_Accelerator/terrain_robot_hardware/terrain_platform1/export/terrain_platform1/hw/design_1_wrapper.xsa'.
19:53:00 INFO  : 'configparams force-mem-access 1' command is executed.
19:53:00 INFO  : Context for 'APU' is selected.
19:53:00 INFO  : Sourcing of '/home/chethana/XILINX/New_IP_Accelerator/terrain_robot_hardware/terrain_test_app/_ide/psinit/ps7_init.tcl' is done.
19:53:00 INFO  : 'ps7_init' command is executed.
19:53:00 INFO  : 'ps7_post_config' command is executed.
19:53:00 INFO  : Context for processor 'ps7_cortexa9_0' is selected.
19:53:00 INFO  : The application '/home/chethana/XILINX/New_IP_Accelerator/terrain_robot_hardware/terrain_test_app/Debug/terrain_test_app.elf' is downloaded to processor 'ps7_cortexa9_0'.
19:53:00 INFO  : 'configparams force-mem-access 0' command is executed.
19:53:00 INFO  : ----------------XSDB Script----------------
connect -url tcp:127.0.0.1:3121
targets -set -nocase -filter {name =~"APU*"}
rst -system
after 3000
targets -set -filter {jtag_cable_name =~ "Digilent JTAG-HS1 210512180081" && level==0 && jtag_device_ctx=="jsn-JTAG-HS1-210512180081-23727093-0"}
fpga -file /home/chethana/XILINX/New_IP_Accelerator/terrain_robot_hardware/terrain_test_app/_ide/bitstream/design_1_wrapper.bit
targets -set -nocase -filter {name =~"APU*"}
loadhw -hw /home/chethana/XILINX/New_IP_Accelerator/terrain_robot_hardware/terrain_platform1/export/terrain_platform1/hw/design_1_wrapper.xsa -mem-ranges [list {0x40000000 0xbfffffff}] -regs
configparams force-mem-access 1
targets -set -nocase -filter {name =~"APU*"}
source /home/chethana/XILINX/New_IP_Accelerator/terrain_robot_hardware/terrain_test_app/_ide/psinit/ps7_init.tcl
ps7_init
ps7_post_config
targets -set -nocase -filter {name =~ "*A9*#0"}
dow /home/chethana/XILINX/New_IP_Accelerator/terrain_robot_hardware/terrain_test_app/Debug/terrain_test_app.elf
configparams force-mem-access 0
----------------End of Script----------------

19:53:00 INFO  : Context for processor 'ps7_cortexa9_0' is selected.
19:53:00 INFO  : 'con' command is executed.
19:53:00 INFO  : ----------------XSDB Script (After Launch)----------------
targets -set -nocase -filter {name =~ "*A9*#0"}
con
----------------End of Script----------------

19:53:00 INFO  : Connected to target on host '127.0.0.1' and port '3121'.
19:53:00 INFO  : Launch script is exported to file '/home/chethana/XILINX/New_IP_Accelerator/terrain_robot_hardware/terrain_test_app_system/_ide/scripts/debugger_terrain_test_app-default.tcl'
19:53:00 INFO  : Jtag cable 'Digilent JTAG-HS1 210512180081' is selected.
19:53:00 INFO  : 'jtag frequency' command is executed.
19:53:00 INFO  : Context for 'APU' is selected.
19:53:00 INFO  : System reset is completed.
19:53:03 INFO  : 'after 3000' command is executed.
19:53:03 INFO  : 'targets -set -filter {jtag_cable_name =~ "Digilent JTAG-HS1 210512180081" && level==0 && jtag_device_ctx=="jsn-JTAG-HS1-210512180081-23727093-0"}' command is executed.
19:53:07 INFO  : Device configured successfully with "/home/chethana/XILINX/New_IP_Accelerator/terrain_robot_hardware/terrain_test_app/_ide/bitstream/design_1_wrapper.bit"
19:53:07 INFO  : Context for 'APU' is selected.
19:53:07 INFO  : Hardware design and registers information is loaded from '/home/chethana/XILINX/New_IP_Accelerator/terrain_robot_hardware/terrain_platform1/export/terrain_platform1/hw/design_1_wrapper.xsa'.
19:53:07 INFO  : 'configparams force-mem-access 1' command is executed.
19:53:07 INFO  : Context for 'APU' is selected.
19:53:07 INFO  : Sourcing of '/home/chethana/XILINX/New_IP_Accelerator/terrain_robot_hardware/terrain_test_app/_ide/psinit/ps7_init.tcl' is done.
19:53:07 INFO  : 'ps7_init' command is executed.
19:53:07 INFO  : 'ps7_post_config' command is executed.
19:53:07 INFO  : Context for processor 'ps7_cortexa9_0' is selected.
19:53:07 INFO  : The application '/home/chethana/XILINX/New_IP_Accelerator/terrain_robot_hardware/terrain_test_app/Debug/terrain_test_app.elf' is downloaded to processor 'ps7_cortexa9_0'.
19:53:07 INFO  : 'configparams force-mem-access 0' command is executed.
19:53:07 INFO  : ----------------XSDB Script----------------
connect -url tcp:127.0.0.1:3121
targets -set -nocase -filter {name =~"APU*"}
rst -system
after 3000
targets -set -filter {jtag_cable_name =~ "Digilent JTAG-HS1 210512180081" && level==0 && jtag_device_ctx=="jsn-JTAG-HS1-210512180081-23727093-0"}
fpga -file /home/chethana/XILINX/New_IP_Accelerator/terrain_robot_hardware/terrain_test_app/_ide/bitstream/design_1_wrapper.bit
targets -set -nocase -filter {name =~"APU*"}
loadhw -hw /home/chethana/XILINX/New_IP_Accelerator/terrain_robot_hardware/terrain_platform1/export/terrain_platform1/hw/design_1_wrapper.xsa -mem-ranges [list {0x40000000 0xbfffffff}] -regs
configparams force-mem-access 1
targets -set -nocase -filter {name =~"APU*"}
source /home/chethana/XILINX/New_IP_Accelerator/terrain_robot_hardware/terrain_test_app/_ide/psinit/ps7_init.tcl
ps7_init
ps7_post_config
targets -set -nocase -filter {name =~ "*A9*#0"}
dow /home/chethana/XILINX/New_IP_Accelerator/terrain_robot_hardware/terrain_test_app/Debug/terrain_test_app.elf
configparams force-mem-access 0
----------------End of Script----------------

19:53:07 INFO  : Context for processor 'ps7_cortexa9_0' is selected.
19:53:07 INFO  : 'con' command is executed.
19:53:07 INFO  : ----------------XSDB Script (After Launch)----------------
targets -set -nocase -filter {name =~ "*A9*#0"}
con
----------------End of Script----------------

19:53:07 INFO  : Launch script is exported to file '/home/chethana/XILINX/New_IP_Accelerator/terrain_robot_hardware/terrain_test_app_system/_ide/scripts/debugger_terrain_test_app-default.tcl'
19:53:41 INFO  : Disconnected from the channel tcfchan#2.
13:05:43 INFO  : Launching XSCT server: xsct -n  -interactive /home/chethana/XILINX/New_IP_Accelerator/terrain_robot_hardware/temp_xsdb_launch_script.tcl
13:05:48 INFO  : XSCT server has started successfully.
13:05:48 INFO  : Successfully done setting XSCT server connection channel  
13:05:48 INFO  : plnx-install-location is set to ''
13:05:48 INFO  : Successfully done setting workspace for the tool. 
13:05:54 INFO  : Registering command handlers for Vitis TCF services
13:05:54 INFO  : Platform repository initialization has completed.
13:06:27 INFO  : Successfully done query RDI_DATADIR 
13:15:57 INFO  : Result from executing command 'getProjects': terrain_platform1
13:15:57 INFO  : Result from executing command 'getPlatforms': terrain_platform1|/home/chethana/XILINX/New_IP_Accelerator/terrain_robot_hardware/terrain_platform1/export/terrain_platform1/terrain_platform1.xpfm
13:16:01 INFO  : Checking for BSP changes to sync application flags for project 'terrain_test_app'...
23:26:16 INFO  : Launching XSCT server: xsct -n  -interactive /home/chethana/XILINX/New_IP_Accelerator/terrain_robot_hardware/temp_xsdb_launch_script.tcl
23:26:20 INFO  : XSCT server has started successfully.
23:26:20 INFO  : plnx-install-location is set to ''
23:26:20 INFO  : Successfully done setting XSCT server connection channel  
23:26:20 INFO  : Successfully done setting workspace for the tool. 
23:26:24 INFO  : Platform repository initialization has completed.
23:26:24 INFO  : Registering command handlers for Vitis TCF services
23:26:28 INFO  : Successfully done query RDI_DATADIR 
23:27:19 INFO  : Hardware specification for platform project 'terrain_platform1' is updated.
23:28:20 INFO  : Result from executing command 'getProjects': terrain_platform1
23:28:20 INFO  : Result from executing command 'getPlatforms': terrain_platform1|/home/chethana/XILINX/New_IP_Accelerator/terrain_robot_hardware/terrain_platform1/export/terrain_platform1/terrain_platform1.xpfm
23:28:23 INFO  : Checking for BSP changes to sync application flags for project 'terrain_test_app'...
23:28:24 INFO  : Updating application flags with new BSP settings...
23:28:24 INFO  : Successfully updated application flags for project terrain_test_app.
23:28:26 INFO  : The hardware specfication used by project 'terrain_test_app' is out of sync with the platform. Resource files extracted from the hardware specfiication will be updated.
23:28:26 INFO  : The file '/home/chethana/XILINX/New_IP_Accelerator/terrain_robot_hardware/terrain_test_app/_ide/bitstream/design_1_wrapper.bit' stored in project is removed.
23:28:26 INFO  : The updated bitstream files are copied from platform to folder '/home/chethana/XILINX/New_IP_Accelerator/terrain_robot_hardware/terrain_test_app/_ide/bitstream' in project 'terrain_test_app'.
23:28:26 INFO  : The file '/home/chethana/XILINX/New_IP_Accelerator/terrain_robot_hardware/terrain_test_app/_ide/psinit/ps7_init.tcl' stored in project is removed.
23:28:28 INFO  : The updated ps init files are copied from platform to folder '/home/chethana/XILINX/New_IP_Accelerator/terrain_robot_hardware/terrain_test_app/_ide/psinit' in project 'terrain_test_app'.
23:30:31 INFO  : Connected to target on host '127.0.0.1' and port '3121'.
23:30:31 INFO  : Jtag cable 'Digilent JTAG-HS1 210512180081' is selected.
23:30:31 INFO  : 'jtag frequency' command is executed.
23:30:31 INFO  : Context for 'APU' is selected.
23:30:31 INFO  : System reset is completed.
23:30:34 INFO  : 'after 3000' command is executed.
23:30:34 INFO  : 'targets -set -filter {jtag_cable_name =~ "Digilent JTAG-HS1 210512180081" && level==0 && jtag_device_ctx=="jsn-JTAG-HS1-210512180081-23727093-0"}' command is executed.
23:30:34 ERROR : couldn't open "/home/chethana/XILINX/New_IP_Accelerator/terrain_robot_hardware/terrain_test_app/_ide/bitstream/design_1_wrapper.bit": no such file or directory
23:30:34 ERROR : Exception occured while running Program Device.
java.lang.RuntimeException: couldn't open "/home/chethana/XILINX/New_IP_Accelerator/terrain_robot_hardware/terrain_test_app/_ide/bitstream/design_1_wrapper.bit": no such file or directory
23:30:34 INFO  : ----------------XSDB Script----------------
connect -url tcp:127.0.0.1:3121
targets -set -nocase -filter {name =~"APU*"}
rst -system
after 3000
----------------End of Script----------------

23:30:34 ERROR : couldn't open "/home/chethana/XILINX/New_IP_Accelerator/terrain_robot_hardware/terrain_test_app/_ide/bitstream/design_1_wrapper.bit": no such file or directory
23:31:36 INFO  : Connected to target on host '127.0.0.1' and port '3121'.
23:31:36 INFO  : Jtag cable 'Digilent JTAG-HS1 210512180081' is selected.
23:31:36 INFO  : 'jtag frequency' command is executed.
23:31:36 INFO  : Context for 'APU' is selected.
23:31:36 INFO  : System reset is completed.
23:31:39 INFO  : 'after 3000' command is executed.
23:31:39 INFO  : 'targets -set -filter {jtag_cable_name =~ "Digilent JTAG-HS1 210512180081" && level==0 && jtag_device_ctx=="jsn-JTAG-HS1-210512180081-23727093-0"}' command is executed.
23:31:43 INFO  : Device configured successfully with "/home/chethana/XILINX/New_IP_Accelerator/terrain_robot_hardware/terrain_test_app/_ide/bitstream/terrain_robot_hardware.bit"
23:31:43 INFO  : Context for 'APU' is selected.
23:31:43 INFO  : Hardware design and registers information is loaded from '/home/chethana/XILINX/New_IP_Accelerator/terrain_robot_hardware/terrain_platform1/export/terrain_platform1/hw/terrain_robot_hardware.xsa'.
23:31:43 INFO  : 'configparams force-mem-access 1' command is executed.
23:31:43 INFO  : Context for 'APU' is selected.
23:31:43 INFO  : Sourcing of '/home/chethana/XILINX/New_IP_Accelerator/terrain_robot_hardware/terrain_test_app/_ide/psinit/ps7_init.tcl' is done.
23:31:43 INFO  : 'ps7_init' command is executed.
23:31:43 INFO  : 'ps7_post_config' command is executed.
23:31:43 INFO  : Context for processor 'ps7_cortexa9_0' is selected.
23:31:43 INFO  : The application '/home/chethana/XILINX/New_IP_Accelerator/terrain_robot_hardware/terrain_test_app/Debug/terrain_test_app.elf' is downloaded to processor 'ps7_cortexa9_0'.
23:31:43 INFO  : 'configparams force-mem-access 0' command is executed.
23:31:43 INFO  : ----------------XSDB Script----------------
connect -url tcp:127.0.0.1:3121
targets -set -nocase -filter {name =~"APU*"}
rst -system
after 3000
targets -set -filter {jtag_cable_name =~ "Digilent JTAG-HS1 210512180081" && level==0 && jtag_device_ctx=="jsn-JTAG-HS1-210512180081-23727093-0"}
fpga -file /home/chethana/XILINX/New_IP_Accelerator/terrain_robot_hardware/terrain_test_app/_ide/bitstream/terrain_robot_hardware.bit
targets -set -nocase -filter {name =~"APU*"}
loadhw -hw /home/chethana/XILINX/New_IP_Accelerator/terrain_robot_hardware/terrain_platform1/export/terrain_platform1/hw/terrain_robot_hardware.xsa -mem-ranges [list {0x40000000 0xbfffffff}] -regs
configparams force-mem-access 1
targets -set -nocase -filter {name =~"APU*"}
source /home/chethana/XILINX/New_IP_Accelerator/terrain_robot_hardware/terrain_test_app/_ide/psinit/ps7_init.tcl
ps7_init
ps7_post_config
targets -set -nocase -filter {name =~ "*A9*#0"}
dow /home/chethana/XILINX/New_IP_Accelerator/terrain_robot_hardware/terrain_test_app/Debug/terrain_test_app.elf
configparams force-mem-access 0
----------------End of Script----------------

23:31:43 INFO  : Context for processor 'ps7_cortexa9_0' is selected.
23:31:43 INFO  : 'con' command is executed.
23:31:43 INFO  : ----------------XSDB Script (After Launch)----------------
targets -set -nocase -filter {name =~ "*A9*#0"}
con
----------------End of Script----------------

23:31:43 INFO  : Launch script is exported to file '/home/chethana/XILINX/New_IP_Accelerator/terrain_robot_hardware/terrain_test_app_system/_ide/scripts/systemdebugger_terrain_test_app_system_standalone.tcl'
23:31:59 INFO  : Disconnected from the channel tcfchan#3.
23:31:59 INFO  : Connected to target on host '127.0.0.1' and port '3121'.
23:31:59 INFO  : Jtag cable 'Digilent JTAG-HS1 210512180081' is selected.
23:31:59 INFO  : 'jtag frequency' command is executed.
23:31:59 INFO  : Context for 'APU' is selected.
23:31:59 INFO  : System reset is completed.
23:32:02 INFO  : 'after 3000' command is executed.
23:32:02 INFO  : 'targets -set -filter {jtag_cable_name =~ "Digilent JTAG-HS1 210512180081" && level==0 && jtag_device_ctx=="jsn-JTAG-HS1-210512180081-23727093-0"}' command is executed.
23:32:06 INFO  : Device configured successfully with "/home/chethana/XILINX/New_IP_Accelerator/terrain_robot_hardware/terrain_test_app/_ide/bitstream/terrain_robot_hardware.bit"
23:32:06 INFO  : Context for 'APU' is selected.
23:32:06 INFO  : Hardware design and registers information is loaded from '/home/chethana/XILINX/New_IP_Accelerator/terrain_robot_hardware/terrain_platform1/export/terrain_platform1/hw/terrain_robot_hardware.xsa'.
23:32:06 INFO  : 'configparams force-mem-access 1' command is executed.
23:32:06 INFO  : Context for 'APU' is selected.
23:32:06 INFO  : Sourcing of '/home/chethana/XILINX/New_IP_Accelerator/terrain_robot_hardware/terrain_test_app/_ide/psinit/ps7_init.tcl' is done.
23:32:06 INFO  : 'ps7_init' command is executed.
23:32:06 INFO  : 'ps7_post_config' command is executed.
23:32:06 INFO  : Context for processor 'ps7_cortexa9_0' is selected.
23:32:06 INFO  : The application '/home/chethana/XILINX/New_IP_Accelerator/terrain_robot_hardware/terrain_test_app/Debug/terrain_test_app.elf' is downloaded to processor 'ps7_cortexa9_0'.
23:32:06 INFO  : 'configparams force-mem-access 0' command is executed.
23:32:06 INFO  : ----------------XSDB Script----------------
connect -url tcp:127.0.0.1:3121
targets -set -nocase -filter {name =~"APU*"}
rst -system
after 3000
targets -set -filter {jtag_cable_name =~ "Digilent JTAG-HS1 210512180081" && level==0 && jtag_device_ctx=="jsn-JTAG-HS1-210512180081-23727093-0"}
fpga -file /home/chethana/XILINX/New_IP_Accelerator/terrain_robot_hardware/terrain_test_app/_ide/bitstream/terrain_robot_hardware.bit
targets -set -nocase -filter {name =~"APU*"}
loadhw -hw /home/chethana/XILINX/New_IP_Accelerator/terrain_robot_hardware/terrain_platform1/export/terrain_platform1/hw/terrain_robot_hardware.xsa -mem-ranges [list {0x40000000 0xbfffffff}] -regs
configparams force-mem-access 1
targets -set -nocase -filter {name =~"APU*"}
source /home/chethana/XILINX/New_IP_Accelerator/terrain_robot_hardware/terrain_test_app/_ide/psinit/ps7_init.tcl
ps7_init
ps7_post_config
targets -set -nocase -filter {name =~ "*A9*#0"}
dow /home/chethana/XILINX/New_IP_Accelerator/terrain_robot_hardware/terrain_test_app/Debug/terrain_test_app.elf
configparams force-mem-access 0
----------------End of Script----------------

23:32:06 INFO  : Context for processor 'ps7_cortexa9_0' is selected.
23:32:06 INFO  : 'con' command is executed.
23:32:06 INFO  : ----------------XSDB Script (After Launch)----------------
targets -set -nocase -filter {name =~ "*A9*#0"}
con
----------------End of Script----------------

23:32:06 INFO  : Launch script is exported to file '/home/chethana/XILINX/New_IP_Accelerator/terrain_robot_hardware/terrain_test_app_system/_ide/scripts/systemdebugger_terrain_test_app_system_standalone.tcl'
23:32:28 INFO  : Disconnected from the channel tcfchan#4.
23:32:28 INFO  : Connected to target on host '127.0.0.1' and port '3121'.
23:32:28 INFO  : Jtag cable 'Digilent JTAG-HS1 210512180081' is selected.
23:32:28 INFO  : 'jtag frequency' command is executed.
23:32:28 INFO  : Context for 'APU' is selected.
23:32:28 INFO  : System reset is completed.
23:32:31 INFO  : 'after 3000' command is executed.
23:32:31 INFO  : 'targets -set -filter {jtag_cable_name =~ "Digilent JTAG-HS1 210512180081" && level==0 && jtag_device_ctx=="jsn-JTAG-HS1-210512180081-23727093-0"}' command is executed.
23:32:35 INFO  : Device configured successfully with "/home/chethana/XILINX/New_IP_Accelerator/terrain_robot_hardware/terrain_test_app/_ide/bitstream/terrain_robot_hardware.bit"
23:32:35 INFO  : Context for 'APU' is selected.
23:32:35 INFO  : Hardware design and registers information is loaded from '/home/chethana/XILINX/New_IP_Accelerator/terrain_robot_hardware/terrain_platform1/export/terrain_platform1/hw/terrain_robot_hardware.xsa'.
23:32:35 INFO  : 'configparams force-mem-access 1' command is executed.
23:32:35 INFO  : Context for 'APU' is selected.
23:32:35 INFO  : Sourcing of '/home/chethana/XILINX/New_IP_Accelerator/terrain_robot_hardware/terrain_test_app/_ide/psinit/ps7_init.tcl' is done.
23:32:35 INFO  : 'ps7_init' command is executed.
23:32:35 INFO  : 'ps7_post_config' command is executed.
23:32:35 INFO  : Context for processor 'ps7_cortexa9_0' is selected.
23:32:35 INFO  : The application '/home/chethana/XILINX/New_IP_Accelerator/terrain_robot_hardware/terrain_test_app/Debug/terrain_test_app.elf' is downloaded to processor 'ps7_cortexa9_0'.
23:32:35 INFO  : 'configparams force-mem-access 0' command is executed.
23:32:35 INFO  : ----------------XSDB Script----------------
connect -url tcp:127.0.0.1:3121
targets -set -nocase -filter {name =~"APU*"}
rst -system
after 3000
targets -set -filter {jtag_cable_name =~ "Digilent JTAG-HS1 210512180081" && level==0 && jtag_device_ctx=="jsn-JTAG-HS1-210512180081-23727093-0"}
fpga -file /home/chethana/XILINX/New_IP_Accelerator/terrain_robot_hardware/terrain_test_app/_ide/bitstream/terrain_robot_hardware.bit
targets -set -nocase -filter {name =~"APU*"}
loadhw -hw /home/chethana/XILINX/New_IP_Accelerator/terrain_robot_hardware/terrain_platform1/export/terrain_platform1/hw/terrain_robot_hardware.xsa -mem-ranges [list {0x40000000 0xbfffffff}] -regs
configparams force-mem-access 1
targets -set -nocase -filter {name =~"APU*"}
source /home/chethana/XILINX/New_IP_Accelerator/terrain_robot_hardware/terrain_test_app/_ide/psinit/ps7_init.tcl
ps7_init
ps7_post_config
targets -set -nocase -filter {name =~ "*A9*#0"}
dow /home/chethana/XILINX/New_IP_Accelerator/terrain_robot_hardware/terrain_test_app/Debug/terrain_test_app.elf
configparams force-mem-access 0
----------------End of Script----------------

23:32:35 INFO  : Context for processor 'ps7_cortexa9_0' is selected.
23:32:35 INFO  : 'con' command is executed.
23:32:35 INFO  : ----------------XSDB Script (After Launch)----------------
targets -set -nocase -filter {name =~ "*A9*#0"}
con
----------------End of Script----------------

23:32:35 INFO  : Launch script is exported to file '/home/chethana/XILINX/New_IP_Accelerator/terrain_robot_hardware/terrain_test_app_system/_ide/scripts/systemdebugger_terrain_test_app_system_standalone.tcl'
23:38:08 INFO  : Hardware specification for platform project 'terrain_platform1' is updated.
23:38:17 INFO  : Result from executing command 'getProjects': terrain_platform1
23:38:17 INFO  : Result from executing command 'getPlatforms': terrain_platform1|/home/chethana/XILINX/New_IP_Accelerator/terrain_robot_hardware/terrain_platform1/export/terrain_platform1/terrain_platform1.xpfm
23:38:24 INFO  : Checking for BSP changes to sync application flags for project 'terrain_test_app'...
23:38:26 INFO  : The hardware specfication used by project 'terrain_test_app' is out of sync with the platform. Resource files extracted from the hardware specfiication will be updated.
23:38:26 INFO  : The file '/home/chethana/XILINX/New_IP_Accelerator/terrain_robot_hardware/terrain_test_app/_ide/bitstream/terrain_robot_hardware.bit' stored in project is removed.
23:38:26 INFO  : The updated bitstream files are copied from platform to folder '/home/chethana/XILINX/New_IP_Accelerator/terrain_robot_hardware/terrain_test_app/_ide/bitstream' in project 'terrain_test_app'.
23:38:26 INFO  : The file '/home/chethana/XILINX/New_IP_Accelerator/terrain_robot_hardware/terrain_test_app/_ide/psinit/ps7_init.tcl' stored in project is removed.
23:38:28 INFO  : The updated ps init files are copied from platform to folder '/home/chethana/XILINX/New_IP_Accelerator/terrain_robot_hardware/terrain_test_app/_ide/psinit' in project 'terrain_test_app'.
23:38:33 INFO  : Disconnected from the channel tcfchan#5.
23:38:34 INFO  : Connected to target on host '127.0.0.1' and port '3121'.
23:38:34 INFO  : Jtag cable 'Digilent JTAG-HS1 210512180081' is selected.
23:38:34 INFO  : 'jtag frequency' command is executed.
23:38:34 INFO  : Context for 'APU' is selected.
23:38:34 INFO  : System reset is completed.
23:38:37 INFO  : 'after 3000' command is executed.
23:38:37 INFO  : 'targets -set -filter {jtag_cable_name =~ "Digilent JTAG-HS1 210512180081" && level==0 && jtag_device_ctx=="jsn-JTAG-HS1-210512180081-23727093-0"}' command is executed.
23:38:40 INFO  : Device configured successfully with "/home/chethana/XILINX/New_IP_Accelerator/terrain_robot_hardware/terrain_test_app/_ide/bitstream/terrain_robot_hardware.bit"
23:38:40 INFO  : Context for 'APU' is selected.
23:38:40 INFO  : Hardware design and registers information is loaded from '/home/chethana/XILINX/New_IP_Accelerator/terrain_robot_hardware/terrain_platform1/export/terrain_platform1/hw/terrain_robot_hardware.xsa'.
23:38:40 INFO  : 'configparams force-mem-access 1' command is executed.
23:38:40 INFO  : Context for 'APU' is selected.
23:38:40 INFO  : Sourcing of '/home/chethana/XILINX/New_IP_Accelerator/terrain_robot_hardware/terrain_test_app/_ide/psinit/ps7_init.tcl' is done.
23:38:40 INFO  : 'ps7_init' command is executed.
23:38:40 INFO  : 'ps7_post_config' command is executed.
23:38:40 INFO  : Context for processor 'ps7_cortexa9_0' is selected.
23:38:41 INFO  : The application '/home/chethana/XILINX/New_IP_Accelerator/terrain_robot_hardware/terrain_test_app/Debug/terrain_test_app.elf' is downloaded to processor 'ps7_cortexa9_0'.
23:38:41 INFO  : 'configparams force-mem-access 0' command is executed.
23:38:41 INFO  : ----------------XSDB Script----------------
connect -url tcp:127.0.0.1:3121
targets -set -nocase -filter {name =~"APU*"}
rst -system
after 3000
targets -set -filter {jtag_cable_name =~ "Digilent JTAG-HS1 210512180081" && level==0 && jtag_device_ctx=="jsn-JTAG-HS1-210512180081-23727093-0"}
fpga -file /home/chethana/XILINX/New_IP_Accelerator/terrain_robot_hardware/terrain_test_app/_ide/bitstream/terrain_robot_hardware.bit
targets -set -nocase -filter {name =~"APU*"}
loadhw -hw /home/chethana/XILINX/New_IP_Accelerator/terrain_robot_hardware/terrain_platform1/export/terrain_platform1/hw/terrain_robot_hardware.xsa -mem-ranges [list {0x40000000 0xbfffffff}] -regs
configparams force-mem-access 1
targets -set -nocase -filter {name =~"APU*"}
source /home/chethana/XILINX/New_IP_Accelerator/terrain_robot_hardware/terrain_test_app/_ide/psinit/ps7_init.tcl
ps7_init
ps7_post_config
targets -set -nocase -filter {name =~ "*A9*#0"}
dow /home/chethana/XILINX/New_IP_Accelerator/terrain_robot_hardware/terrain_test_app/Debug/terrain_test_app.elf
configparams force-mem-access 0
----------------End of Script----------------

23:38:41 INFO  : Context for processor 'ps7_cortexa9_0' is selected.
23:38:41 INFO  : 'con' command is executed.
23:38:41 INFO  : ----------------XSDB Script (After Launch)----------------
targets -set -nocase -filter {name =~ "*A9*#0"}
con
----------------End of Script----------------

23:38:41 INFO  : Launch script is exported to file '/home/chethana/XILINX/New_IP_Accelerator/terrain_robot_hardware/terrain_test_app_system/_ide/scripts/systemdebugger_terrain_test_app_system_standalone.tcl'
23:38:53 INFO  : Disconnected from the channel tcfchan#8.
23:38:53 INFO  : Connected to target on host '127.0.0.1' and port '3121'.
23:38:53 INFO  : Jtag cable 'Digilent JTAG-HS1 210512180081' is selected.
23:38:53 INFO  : 'jtag frequency' command is executed.
23:38:53 INFO  : Context for 'APU' is selected.
23:38:53 INFO  : System reset is completed.
23:38:56 INFO  : 'after 3000' command is executed.
23:38:56 INFO  : 'targets -set -filter {jtag_cable_name =~ "Digilent JTAG-HS1 210512180081" && level==0 && jtag_device_ctx=="jsn-JTAG-HS1-210512180081-23727093-0"}' command is executed.
23:39:00 INFO  : Device configured successfully with "/home/chethana/XILINX/New_IP_Accelerator/terrain_robot_hardware/terrain_test_app/_ide/bitstream/terrain_robot_hardware.bit"
23:39:00 INFO  : Context for 'APU' is selected.
23:39:00 INFO  : Hardware design and registers information is loaded from '/home/chethana/XILINX/New_IP_Accelerator/terrain_robot_hardware/terrain_platform1/export/terrain_platform1/hw/terrain_robot_hardware.xsa'.
23:39:00 INFO  : 'configparams force-mem-access 1' command is executed.
23:39:00 INFO  : Context for 'APU' is selected.
23:39:00 INFO  : Sourcing of '/home/chethana/XILINX/New_IP_Accelerator/terrain_robot_hardware/terrain_test_app/_ide/psinit/ps7_init.tcl' is done.
23:39:00 INFO  : 'ps7_init' command is executed.
23:39:00 INFO  : 'ps7_post_config' command is executed.
23:39:00 INFO  : Context for processor 'ps7_cortexa9_0' is selected.
23:39:00 INFO  : The application '/home/chethana/XILINX/New_IP_Accelerator/terrain_robot_hardware/terrain_test_app/Debug/terrain_test_app.elf' is downloaded to processor 'ps7_cortexa9_0'.
23:39:00 INFO  : 'configparams force-mem-access 0' command is executed.
23:39:00 INFO  : ----------------XSDB Script----------------
connect -url tcp:127.0.0.1:3121
targets -set -nocase -filter {name =~"APU*"}
rst -system
after 3000
targets -set -filter {jtag_cable_name =~ "Digilent JTAG-HS1 210512180081" && level==0 && jtag_device_ctx=="jsn-JTAG-HS1-210512180081-23727093-0"}
fpga -file /home/chethana/XILINX/New_IP_Accelerator/terrain_robot_hardware/terrain_test_app/_ide/bitstream/terrain_robot_hardware.bit
targets -set -nocase -filter {name =~"APU*"}
loadhw -hw /home/chethana/XILINX/New_IP_Accelerator/terrain_robot_hardware/terrain_platform1/export/terrain_platform1/hw/terrain_robot_hardware.xsa -mem-ranges [list {0x40000000 0xbfffffff}] -regs
configparams force-mem-access 1
targets -set -nocase -filter {name =~"APU*"}
source /home/chethana/XILINX/New_IP_Accelerator/terrain_robot_hardware/terrain_test_app/_ide/psinit/ps7_init.tcl
ps7_init
ps7_post_config
targets -set -nocase -filter {name =~ "*A9*#0"}
dow /home/chethana/XILINX/New_IP_Accelerator/terrain_robot_hardware/terrain_test_app/Debug/terrain_test_app.elf
configparams force-mem-access 0
----------------End of Script----------------

23:39:00 INFO  : Context for processor 'ps7_cortexa9_0' is selected.
23:39:00 INFO  : 'con' command is executed.
23:39:00 INFO  : ----------------XSDB Script (After Launch)----------------
targets -set -nocase -filter {name =~ "*A9*#0"}
con
----------------End of Script----------------

23:39:00 INFO  : Launch script is exported to file '/home/chethana/XILINX/New_IP_Accelerator/terrain_robot_hardware/terrain_test_app_system/_ide/scripts/systemdebugger_terrain_test_app_system_standalone.tcl'
23:41:03 INFO  : Result from executing command 'getProjects': terrain_platform1
23:41:03 INFO  : Result from executing command 'getPlatforms': terrain_platform1|/home/chethana/XILINX/New_IP_Accelerator/terrain_robot_hardware/terrain_platform1/export/terrain_platform1/terrain_platform1.xpfm
23:41:06 INFO  : Checking for BSP changes to sync application flags for project 'terrain_test_app'...
23:41:32 INFO  : Result from executing command 'getProjects': terrain_platform1
23:41:32 INFO  : Result from executing command 'getPlatforms': terrain_platform1|/home/chethana/XILINX/New_IP_Accelerator/terrain_robot_hardware/terrain_platform1/export/terrain_platform1/terrain_platform1.xpfm
23:41:38 INFO  : Checking for BSP changes to sync application flags for project 'terrain_test_app'...
23:42:18 ERROR : XSCT server calls should not be made from TCF thread.
java.lang.RuntimeException: XSCT server calls should not be made from TCF thread.
	at com.xilinx.sdk.xsdb.XSDBCommandManager.issueAndWait(XSDBCommandManager.java:391)
	at com.xilinx.sdk.xsdb.XsdbCommandUtils.executeAndRespond(XsdbCommandUtils.java:325)
	at com.xilinx.sdk.hw.internal.HwPlatform.populateDesignProps(HwPlatform.java:522)
	at com.xilinx.sdk.hw.internal.HwPlatform.isZynq(HwPlatform.java:1102)
	at com.xilinx.sdk.hw.internal.HwPlatform.getArchFamily(HwPlatform.java:588)
	at com.xilinx.sdk.tcf.internal.debug.ui.common.BaseLaunchConfigModel.readCrossTriggerModel(BaseLaunchConfigModel.java:174)
	at com.xilinx.sdk.tcf.internal.debug.ui.common.BaseLaunchConfigModel.readAndSetAttributes(BaseLaunchConfigModel.java:156)
	at com.xilinx.sdx.sdsoc.debug.ui.SdsLaunchConfigModel.newInstance(SdsLaunchConfigModel.java:104)
	at com.xilinx.sdx.sdsoc.debug.launch.SdsTcfLaunchDelegate.createConfigModel(SdsTcfLaunchDelegate.java:85)
	at com.xilinx.sdx.sdsoc.debug.launch.SdsTcfLaunchDelegate.generateReports(SdsTcfLaunchDelegate.java:634)
	at com.xilinx.sdx.sdsoc.debug.launch.SdsTcfLaunchDelegate.onDisconnected(SdsTcfLaunchDelegate.java:608)
	at org.eclipse.tcf.internal.debug.ui.model.TCFModelManager$1.onDisconnected(TCFModelManager.java:79)
	at org.eclipse.tcf.internal.debug.model.TCFLaunch.onDisconnected(TCFLaunch.java:532)
	at org.eclipse.tcf.internal.debug.model.TCFLaunch$43.onChannelClosed(TCFLaunch.java:1643)
	at org.eclipse.tcf.core.AbstractChannel$9.run(AbstractChannel.java:858)
	at org.eclipse.tcf.EventQueue.run(EventQueue.java:98)
	at java.base/java.lang.Thread.run(Thread.java:834)
23:42:18 INFO  : Disconnected from the channel tcfchan#9.
23:42:18 INFO  : Connected to target on host '127.0.0.1' and port '3121'.
23:42:18 INFO  : Jtag cable 'Digilent JTAG-HS1 210512180081' is selected.
23:42:18 INFO  : 'jtag frequency' command is executed.
23:42:18 INFO  : Context for 'APU' is selected.
23:42:18 INFO  : System reset is completed.
23:42:21 INFO  : 'after 3000' command is executed.
23:42:21 INFO  : 'targets -set -filter {jtag_cable_name =~ "Digilent JTAG-HS1 210512180081" && level==0 && jtag_device_ctx=="jsn-JTAG-HS1-210512180081-23727093-0"}' command is executed.
23:42:25 INFO  : Device configured successfully with "/home/chethana/XILINX/New_IP_Accelerator/terrain_robot_hardware/terrain_test_app/_ide/bitstream/terrain_robot_hardware.bit"
23:42:25 INFO  : Context for 'APU' is selected.
23:42:25 INFO  : Hardware design and registers information is loaded from '/home/chethana/XILINX/New_IP_Accelerator/terrain_robot_hardware/terrain_platform1/export/terrain_platform1/hw/terrain_robot_hardware.xsa'.
23:42:25 INFO  : 'configparams force-mem-access 1' command is executed.
23:42:25 INFO  : Context for 'APU' is selected.
23:42:25 INFO  : Sourcing of '/home/chethana/XILINX/New_IP_Accelerator/terrain_robot_hardware/terrain_test_app/_ide/psinit/ps7_init.tcl' is done.
23:42:25 INFO  : 'ps7_init' command is executed.
23:42:25 INFO  : 'ps7_post_config' command is executed.
23:42:25 INFO  : Context for processor 'ps7_cortexa9_0' is selected.
23:42:25 INFO  : The application '/home/chethana/XILINX/New_IP_Accelerator/terrain_robot_hardware/terrain_test_app/Debug/terrain_test_app.elf' is downloaded to processor 'ps7_cortexa9_0'.
23:42:25 INFO  : 'configparams force-mem-access 0' command is executed.
23:42:25 INFO  : ----------------XSDB Script----------------
connect -url tcp:127.0.0.1:3121
targets -set -nocase -filter {name =~"APU*"}
rst -system
after 3000
targets -set -filter {jtag_cable_name =~ "Digilent JTAG-HS1 210512180081" && level==0 && jtag_device_ctx=="jsn-JTAG-HS1-210512180081-23727093-0"}
fpga -file /home/chethana/XILINX/New_IP_Accelerator/terrain_robot_hardware/terrain_test_app/_ide/bitstream/terrain_robot_hardware.bit
targets -set -nocase -filter {name =~"APU*"}
loadhw -hw /home/chethana/XILINX/New_IP_Accelerator/terrain_robot_hardware/terrain_platform1/export/terrain_platform1/hw/terrain_robot_hardware.xsa -mem-ranges [list {0x40000000 0xbfffffff}] -regs
configparams force-mem-access 1
targets -set -nocase -filter {name =~"APU*"}
source /home/chethana/XILINX/New_IP_Accelerator/terrain_robot_hardware/terrain_test_app/_ide/psinit/ps7_init.tcl
ps7_init
ps7_post_config
targets -set -nocase -filter {name =~ "*A9*#0"}
dow /home/chethana/XILINX/New_IP_Accelerator/terrain_robot_hardware/terrain_test_app/Debug/terrain_test_app.elf
configparams force-mem-access 0
----------------End of Script----------------

23:42:25 INFO  : Context for processor 'ps7_cortexa9_0' is selected.
23:42:25 INFO  : 'con' command is executed.
23:42:25 INFO  : ----------------XSDB Script (After Launch)----------------
targets -set -nocase -filter {name =~ "*A9*#0"}
con
----------------End of Script----------------

23:42:25 INFO  : Launch script is exported to file '/home/chethana/XILINX/New_IP_Accelerator/terrain_robot_hardware/terrain_test_app_system/_ide/scripts/systemdebugger_terrain_test_app_system_standalone.tcl'
23:42:39 INFO  : Disconnected from the channel tcfchan#16.
23:42:39 INFO  : Connected to target on host '127.0.0.1' and port '3121'.
23:42:40 INFO  : Jtag cable 'Digilent JTAG-HS1 210512180081' is selected.
23:42:40 INFO  : 'jtag frequency' command is executed.
23:42:40 INFO  : Context for 'APU' is selected.
23:42:40 INFO  : System reset is completed.
23:42:43 INFO  : 'after 3000' command is executed.
23:42:43 INFO  : 'targets -set -filter {jtag_cable_name =~ "Digilent JTAG-HS1 210512180081" && level==0 && jtag_device_ctx=="jsn-JTAG-HS1-210512180081-23727093-0"}' command is executed.
23:42:46 INFO  : Device configured successfully with "/home/chethana/XILINX/New_IP_Accelerator/terrain_robot_hardware/terrain_test_app/_ide/bitstream/terrain_robot_hardware.bit"
23:42:46 INFO  : Context for 'APU' is selected.
23:42:46 INFO  : Hardware design and registers information is loaded from '/home/chethana/XILINX/New_IP_Accelerator/terrain_robot_hardware/terrain_platform1/export/terrain_platform1/hw/terrain_robot_hardware.xsa'.
23:42:46 INFO  : 'configparams force-mem-access 1' command is executed.
23:42:46 INFO  : Context for 'APU' is selected.
23:42:46 INFO  : Sourcing of '/home/chethana/XILINX/New_IP_Accelerator/terrain_robot_hardware/terrain_test_app/_ide/psinit/ps7_init.tcl' is done.
23:42:46 INFO  : 'ps7_init' command is executed.
23:42:46 INFO  : 'ps7_post_config' command is executed.
23:42:46 INFO  : Context for processor 'ps7_cortexa9_0' is selected.
23:42:46 INFO  : The application '/home/chethana/XILINX/New_IP_Accelerator/terrain_robot_hardware/terrain_test_app/Debug/terrain_test_app.elf' is downloaded to processor 'ps7_cortexa9_0'.
23:42:46 INFO  : 'configparams force-mem-access 0' command is executed.
23:42:46 INFO  : ----------------XSDB Script----------------
connect -url tcp:127.0.0.1:3121
targets -set -nocase -filter {name =~"APU*"}
rst -system
after 3000
targets -set -filter {jtag_cable_name =~ "Digilent JTAG-HS1 210512180081" && level==0 && jtag_device_ctx=="jsn-JTAG-HS1-210512180081-23727093-0"}
fpga -file /home/chethana/XILINX/New_IP_Accelerator/terrain_robot_hardware/terrain_test_app/_ide/bitstream/terrain_robot_hardware.bit
targets -set -nocase -filter {name =~"APU*"}
loadhw -hw /home/chethana/XILINX/New_IP_Accelerator/terrain_robot_hardware/terrain_platform1/export/terrain_platform1/hw/terrain_robot_hardware.xsa -mem-ranges [list {0x40000000 0xbfffffff}] -regs
configparams force-mem-access 1
targets -set -nocase -filter {name =~"APU*"}
source /home/chethana/XILINX/New_IP_Accelerator/terrain_robot_hardware/terrain_test_app/_ide/psinit/ps7_init.tcl
ps7_init
ps7_post_config
targets -set -nocase -filter {name =~ "*A9*#0"}
dow /home/chethana/XILINX/New_IP_Accelerator/terrain_robot_hardware/terrain_test_app/Debug/terrain_test_app.elf
configparams force-mem-access 0
----------------End of Script----------------

23:42:46 INFO  : Context for processor 'ps7_cortexa9_0' is selected.
23:42:46 INFO  : 'con' command is executed.
23:42:46 INFO  : ----------------XSDB Script (After Launch)----------------
targets -set -nocase -filter {name =~ "*A9*#0"}
con
----------------End of Script----------------

23:42:46 INFO  : Launch script is exported to file '/home/chethana/XILINX/New_IP_Accelerator/terrain_robot_hardware/terrain_test_app_system/_ide/scripts/systemdebugger_terrain_test_app_system_standalone.tcl'
23:44:38 INFO  : Result from executing command 'getProjects': terrain_platform1
23:44:38 INFO  : Result from executing command 'getPlatforms': terrain_platform1|/home/chethana/XILINX/New_IP_Accelerator/terrain_robot_hardware/terrain_platform1/export/terrain_platform1/terrain_platform1.xpfm
23:44:41 INFO  : Checking for BSP changes to sync application flags for project 'terrain_test_app'...
23:44:47 INFO  : Checking for BSP changes to sync application flags for project 'terrain_test_app'...
23:45:05 INFO  : Checking for BSP changes to sync application flags for project 'terrain_test_app'...
23:45:31 INFO  : Result from executing command 'getProjects': terrain_platform1
23:45:31 INFO  : Result from executing command 'getPlatforms': terrain_platform1|/home/chethana/XILINX/New_IP_Accelerator/terrain_robot_hardware/terrain_platform1/export/terrain_platform1/terrain_platform1.xpfm
23:45:40 INFO  : Checking for BSP changes to sync application flags for project 'terrain_test_app'...
23:48:17 INFO  : Checking for BSP changes to sync application flags for project 'terrain_test_app'...
23:48:30 INFO  : Checking for BSP changes to sync application flags for project 'terrain_test_app'...
23:48:37 INFO  : Checking for BSP changes to sync application flags for project 'terrain_test_app'...
23:53:29 INFO  : Disconnected from the channel tcfchan#17.
