
*** Running vivado
    with args -log design_1_wrapper.vds -m64 -product Vivado -mode batch -messageDb vivado.pb -notrace -source design_1_wrapper.tcl


****** Vivado v2020.2 (64-bit)
  **** SW Build 3064766 on Wed Nov 18 09:12:47 MST 2020
  **** IP Build 3064653 on Wed Nov 18 14:17:31 MST 2020
    ** Copyright 1986-2020 Xilinx, Inc. All Rights Reserved.

source design_1_wrapper.tcl -notrace
INFO: [IP_Flow 19-234] Refreshing IP repositories
INFO: [IP_Flow 19-1700] Loaded user IP repository '/home/chethana/XILINX/New_IP_Accelerator/terrain_cnn_project/terrain_cnn_ip'.
INFO: [IP_Flow 19-1700] Loaded user IP repository '/home/chethana/XILINX/New_IP_Accelerator/terrai_cpp_project2/terrain_cnn_ip_v2'.
INFO: [IP_Flow 19-2313] Loaded Vivado IP repository '/tools/Xilinx/Vivado/2020.2/data/ip'.
Command: synth_design -top design_1_wrapper -part xc7z020clg400-2 -flatten_hierarchy none -directive RuntimeOptimized -fsm_extraction off
Starting synth_design
Attempting to get a license for feature 'Synthesis' and/or device 'xc7z020'
INFO: [Common 17-349] Got license for feature 'Synthesis' and/or device 'xc7z020'
INFO: [Device 21-403] Loading part xc7z020clg400-2
INFO: [Synth 8-7079] Multithreading enabled for synth_design using a maximum of 4 processes.
INFO: [Synth 8-7078] Launching helper process for spawning children vivado processes
INFO: [Synth 8-7075] Helper process launched with PID 135908
---------------------------------------------------------------------------------
Starting RTL Elaboration : Time (s): cpu = 00:00:06 ; elapsed = 00:00:31 . Memory (MB): peak = 2370.391 ; gain = 0.000 ; free physical = 4310 ; free virtual = 14199
---------------------------------------------------------------------------------
INFO: [Synth 8-6157] synthesizing module 'design_1_wrapper' [/home/chethana/XILINX/New_IP_Accelerator/terrain_robot_hardware/terrain_robot_hardware.gen/sources_1/bd/design_1/hdl/design_1_wrapper.v:12]
INFO: [Synth 8-6157] synthesizing module 'design_1' [/home/chethana/XILINX/New_IP_Accelerator/terrain_robot_hardware/terrain_robot_hardware.gen/sources_1/bd/design_1/synth/design_1.v:13]
INFO: [Synth 8-638] synthesizing module 'design_1_axi_gpio_0_0' [/home/chethana/XILINX/New_IP_Accelerator/terrain_robot_hardware/terrain_robot_hardware.gen/sources_1/bd/design_1/ip/design_1_axi_gpio_0_0/synth/design_1_axi_gpio_0_0.vhd:84]
	Parameter C_FAMILY bound to: zynq - type: string 
	Parameter C_S_AXI_ADDR_WIDTH bound to: 9 - type: integer 
	Parameter C_S_AXI_DATA_WIDTH bound to: 32 - type: integer 
	Parameter C_GPIO_WIDTH bound to: 3 - type: integer 
	Parameter C_GPIO2_WIDTH bound to: 32 - type: integer 
	Parameter C_ALL_INPUTS bound to: 0 - type: integer 
	Parameter C_ALL_INPUTS_2 bound to: 0 - type: integer 
	Parameter C_ALL_OUTPUTS bound to: 1 - type: integer 
	Parameter C_ALL_OUTPUTS_2 bound to: 0 - type: integer 
	Parameter C_INTERRUPT_PRESENT bound to: 0 - type: integer 
	Parameter C_DOUT_DEFAULT bound to: 32'b00000000000000000000000000000000 
	Parameter C_TRI_DEFAULT bound to: 32'b11111111111111111111111111111111 
	Parameter C_IS_DUAL bound to: 0 - type: integer 
	Parameter C_DOUT_DEFAULT_2 bound to: 32'b00000000000000000000000000000000 
	Parameter C_TRI_DEFAULT_2 bound to: 32'b11111111111111111111111111111111 
INFO: [Synth 8-3491] module 'axi_gpio' declared at '/home/chethana/XILINX/New_IP_Accelerator/terrain_robot_hardware/terrain_robot_hardware.gen/sources_1/bd/design_1/ipshared/4318/hdl/axi_gpio_v2_0_vh_rfs.vhd:1265' bound to instance 'U0' of component 'axi_gpio' [/home/chethana/XILINX/New_IP_Accelerator/terrain_robot_hardware/terrain_robot_hardware.gen/sources_1/bd/design_1/ip/design_1_axi_gpio_0_0/synth/design_1_axi_gpio_0_0.vhd:168]
INFO: [Synth 8-638] synthesizing module 'axi_gpio' [/home/chethana/XILINX/New_IP_Accelerator/terrain_robot_hardware/terrain_robot_hardware.gen/sources_1/bd/design_1/ipshared/4318/hdl/axi_gpio_v2_0_vh_rfs.vhd:1351]
	Parameter C_FAMILY bound to: zynq - type: string 
	Parameter C_S_AXI_ADDR_WIDTH bound to: 9 - type: integer 
	Parameter C_S_AXI_DATA_WIDTH bound to: 32 - type: integer 
	Parameter C_GPIO_WIDTH bound to: 3 - type: integer 
	Parameter C_GPIO2_WIDTH bound to: 32 - type: integer 
	Parameter C_ALL_INPUTS bound to: 0 - type: integer 
	Parameter C_ALL_INPUTS_2 bound to: 0 - type: integer 
	Parameter C_ALL_OUTPUTS bound to: 1 - type: integer 
	Parameter C_ALL_OUTPUTS_2 bound to: 0 - type: integer 
	Parameter C_INTERRUPT_PRESENT bound to: 0 - type: integer 
	Parameter C_DOUT_DEFAULT bound to: 0 - type: integer 
	Parameter C_TRI_DEFAULT bound to: -1 - type: integer 
	Parameter C_IS_DUAL bound to: 0 - type: integer 
	Parameter C_DOUT_DEFAULT_2 bound to: 0 - type: integer 
	Parameter C_TRI_DEFAULT_2 bound to: -1 - type: integer 
INFO: [Synth 8-638] synthesizing module 'axi_lite_ipif' [/home/chethana/XILINX/New_IP_Accelerator/terrain_robot_hardware/terrain_robot_hardware.gen/sources_1/bd/design_1/ipshared/66ea/hdl/axi_lite_ipif_v3_0_vh_rfs.vhd:2948]
	Parameter C_S_AXI_DATA_WIDTH bound to: 32 - type: integer 
	Parameter C_S_AXI_ADDR_WIDTH bound to: 9 - type: integer 
	Parameter C_S_AXI_MIN_SIZE bound to: 32'b00000000000000000000000111111111 
	Parameter C_USE_WSTRB bound to: 0 - type: integer 
	Parameter C_DPHASE_TIMEOUT bound to: 8 - type: integer 
	Parameter C_ARD_ADDR_RANGE_ARRAY bound to: 128'b00000000000000000000000000000000000000000000000000000000000000000000000000000000000000000000000000000000000000000000000000001111 
	Parameter C_ARD_NUM_CE_ARRAY bound to: 32'b00000000000000000000000000000100 
	Parameter C_FAMILY bound to: zynq - type: string 
INFO: [Synth 8-638] synthesizing module 'slave_attachment' [/home/chethana/XILINX/New_IP_Accelerator/terrain_robot_hardware/terrain_robot_hardware.gen/sources_1/bd/design_1/ipshared/66ea/hdl/axi_lite_ipif_v3_0_vh_rfs.vhd:2341]
	Parameter C_ARD_ADDR_RANGE_ARRAY bound to: 128'b00000000000000000000000000000000000000000000000000000000000000000000000000000000000000000000000000000000000000000000000000001111 
	Parameter C_ARD_NUM_CE_ARRAY bound to: 32'b00000000000000000000000000000100 
	Parameter C_IPIF_ABUS_WIDTH bound to: 9 - type: integer 
	Parameter C_IPIF_DBUS_WIDTH bound to: 32 - type: integer 
	Parameter C_S_AXI_MIN_SIZE bound to: 511 - type: integer 
	Parameter C_USE_WSTRB bound to: 0 - type: integer 
	Parameter C_DPHASE_TIMEOUT bound to: 8 - type: integer 
	Parameter C_FAMILY bound to: zynq - type: string 
INFO: [Synth 8-638] synthesizing module 'address_decoder' [/home/chethana/XILINX/New_IP_Accelerator/terrain_robot_hardware/terrain_robot_hardware.gen/sources_1/bd/design_1/ipshared/66ea/hdl/axi_lite_ipif_v3_0_vh_rfs.vhd:1775]
	Parameter C_BUS_AWIDTH bound to: 9 - type: integer 
	Parameter C_S_AXI_MIN_SIZE bound to: 511 - type: integer 
	Parameter C_ARD_ADDR_RANGE_ARRAY bound to: 128'b00000000000000000000000000000000000000000000000000000000000000000000000000000000000000000000000000000000000000000000000000001111 
	Parameter C_ARD_NUM_CE_ARRAY bound to: 32'b00000000000000000000000000000100 
	Parameter C_FAMILY bound to: nofamily - type: string 
INFO: [Synth 8-638] synthesizing module 'axi_lite_ipif_v3_0_4_pselect_f' [/home/chethana/XILINX/New_IP_Accelerator/terrain_robot_hardware/terrain_robot_hardware.gen/sources_1/bd/design_1/ipshared/66ea/hdl/axi_lite_ipif_v3_0_vh_rfs.vhd:1534]
	Parameter C_AB bound to: 2 - type: integer 
	Parameter C_AW bound to: 2 - type: integer 
	Parameter C_BAR bound to: 2'b00 
	Parameter C_FAMILY bound to: nofamily - type: string 
INFO: [Synth 8-256] done synthesizing module 'axi_lite_ipif_v3_0_4_pselect_f' (1#1) [/home/chethana/XILINX/New_IP_Accelerator/terrain_robot_hardware/terrain_robot_hardware.gen/sources_1/bd/design_1/ipshared/66ea/hdl/axi_lite_ipif_v3_0_vh_rfs.vhd:1534]
INFO: [Synth 8-638] synthesizing module 'axi_lite_ipif_v3_0_4_pselect_f__parameterized0' [/home/chethana/XILINX/New_IP_Accelerator/terrain_robot_hardware/terrain_robot_hardware.gen/sources_1/bd/design_1/ipshared/66ea/hdl/axi_lite_ipif_v3_0_vh_rfs.vhd:1534]
	Parameter C_AB bound to: 2 - type: integer 
	Parameter C_AW bound to: 2 - type: integer 
	Parameter C_BAR bound to: 2'b01 
	Parameter C_FAMILY bound to: nofamily - type: string 
INFO: [Synth 8-256] done synthesizing module 'axi_lite_ipif_v3_0_4_pselect_f__parameterized0' (1#1) [/home/chethana/XILINX/New_IP_Accelerator/terrain_robot_hardware/terrain_robot_hardware.gen/sources_1/bd/design_1/ipshared/66ea/hdl/axi_lite_ipif_v3_0_vh_rfs.vhd:1534]
INFO: [Synth 8-638] synthesizing module 'axi_lite_ipif_v3_0_4_pselect_f__parameterized1' [/home/chethana/XILINX/New_IP_Accelerator/terrain_robot_hardware/terrain_robot_hardware.gen/sources_1/bd/design_1/ipshared/66ea/hdl/axi_lite_ipif_v3_0_vh_rfs.vhd:1534]
	Parameter C_AB bound to: 2 - type: integer 
	Parameter C_AW bound to: 2 - type: integer 
	Parameter C_BAR bound to: 2'b10 
	Parameter C_FAMILY bound to: nofamily - type: string 
INFO: [Synth 8-256] done synthesizing module 'axi_lite_ipif_v3_0_4_pselect_f__parameterized1' (1#1) [/home/chethana/XILINX/New_IP_Accelerator/terrain_robot_hardware/terrain_robot_hardware.gen/sources_1/bd/design_1/ipshared/66ea/hdl/axi_lite_ipif_v3_0_vh_rfs.vhd:1534]
INFO: [Synth 8-638] synthesizing module 'axi_lite_ipif_v3_0_4_pselect_f__parameterized2' [/home/chethana/XILINX/New_IP_Accelerator/terrain_robot_hardware/terrain_robot_hardware.gen/sources_1/bd/design_1/ipshared/66ea/hdl/axi_lite_ipif_v3_0_vh_rfs.vhd:1534]
	Parameter C_AB bound to: 2 - type: integer 
	Parameter C_AW bound to: 2 - type: integer 
	Parameter C_BAR bound to: 2'b11 
	Parameter C_FAMILY bound to: nofamily - type: string 
INFO: [Synth 8-256] done synthesizing module 'axi_lite_ipif_v3_0_4_pselect_f__parameterized2' (1#1) [/home/chethana/XILINX/New_IP_Accelerator/terrain_robot_hardware/terrain_robot_hardware.gen/sources_1/bd/design_1/ipshared/66ea/hdl/axi_lite_ipif_v3_0_vh_rfs.vhd:1534]
INFO: [Synth 8-256] done synthesizing module 'address_decoder' (2#1) [/home/chethana/XILINX/New_IP_Accelerator/terrain_robot_hardware/terrain_robot_hardware.gen/sources_1/bd/design_1/ipshared/66ea/hdl/axi_lite_ipif_v3_0_vh_rfs.vhd:1775]
INFO: [Synth 8-226] default block is never used [/home/chethana/XILINX/New_IP_Accelerator/terrain_robot_hardware/terrain_robot_hardware.gen/sources_1/bd/design_1/ipshared/66ea/hdl/axi_lite_ipif_v3_0_vh_rfs.vhd:2550]
INFO: [Synth 8-256] done synthesizing module 'slave_attachment' (3#1) [/home/chethana/XILINX/New_IP_Accelerator/terrain_robot_hardware/terrain_robot_hardware.gen/sources_1/bd/design_1/ipshared/66ea/hdl/axi_lite_ipif_v3_0_vh_rfs.vhd:2341]
INFO: [Synth 8-256] done synthesizing module 'axi_lite_ipif' (4#1) [/home/chethana/XILINX/New_IP_Accelerator/terrain_robot_hardware/terrain_robot_hardware.gen/sources_1/bd/design_1/ipshared/66ea/hdl/axi_lite_ipif_v3_0_vh_rfs.vhd:2948]
INFO: [Synth 8-638] synthesizing module 'GPIO_Core' [/home/chethana/XILINX/New_IP_Accelerator/terrain_robot_hardware/terrain_robot_hardware.gen/sources_1/bd/design_1/ipshared/4318/hdl/axi_gpio_v2_0_vh_rfs.vhd:178]
	Parameter C_DW bound to: 32 - type: integer 
	Parameter C_AW bound to: 9 - type: integer 
	Parameter C_GPIO_WIDTH bound to: 3 - type: integer 
	Parameter C_GPIO2_WIDTH bound to: 32 - type: integer 
	Parameter C_MAX_GPIO_WIDTH bound to: 3 - type: integer 
	Parameter C_INTERRUPT_PRESENT bound to: 0 - type: integer 
	Parameter C_DOUT_DEFAULT bound to: 0 - type: integer 
	Parameter C_TRI_DEFAULT bound to: -1 - type: integer 
	Parameter C_IS_DUAL bound to: 0 - type: integer 
	Parameter C_ALL_OUTPUTS bound to: 1 - type: integer 
	Parameter C_ALL_OUTPUTS_2 bound to: 0 - type: integer 
	Parameter C_ALL_INPUTS bound to: 0 - type: integer 
	Parameter C_ALL_INPUTS_2 bound to: 0 - type: integer 
	Parameter C_DOUT_DEFAULT_2 bound to: 0 - type: integer 
	Parameter C_TRI_DEFAULT_2 bound to: -1 - type: integer 
	Parameter C_FAMILY bound to: zynq - type: string 
INFO: [Synth 8-226] default block is never used [/home/chethana/XILINX/New_IP_Accelerator/terrain_robot_hardware/terrain_robot_hardware.gen/sources_1/bd/design_1/ipshared/4318/hdl/axi_gpio_v2_0_vh_rfs.vhd:443]
INFO: [Synth 8-638] synthesizing module 'cdc_sync' [/home/chethana/XILINX/New_IP_Accelerator/terrain_robot_hardware/terrain_robot_hardware.gen/sources_1/bd/design_1/ipshared/ef1e/hdl/lib_cdc_v1_0_rfs.vhd:106]
	Parameter C_CDC_TYPE bound to: 1 - type: integer 
	Parameter C_RESET_STATE bound to: 0 - type: integer 
	Parameter C_SINGLE_BIT bound to: 0 - type: integer 
	Parameter C_FLOP_INPUT bound to: 0 - type: integer 
	Parameter C_VECTOR_WIDTH bound to: 3 - type: integer 
	Parameter C_MTBF_STAGES bound to: 4 - type: integer 
	Parameter INIT bound to: 1'b0 
INFO: [Synth 8-113] binding component instance 'CROSS2_PLEVEL_IN2SCNDRY_IN_cdc_to' to cell 'FDR' [/home/chethana/XILINX/New_IP_Accelerator/terrain_robot_hardware/terrain_robot_hardware.gen/sources_1/bd/design_1/ipshared/ef1e/hdl/lib_cdc_v1_0_rfs.vhd:736]
	Parameter INIT bound to: 1'b0 
INFO: [Synth 8-113] binding component instance 'CROSS2_PLEVEL_IN2SCNDRY_IN_cdc_to' to cell 'FDR' [/home/chethana/XILINX/New_IP_Accelerator/terrain_robot_hardware/terrain_robot_hardware.gen/sources_1/bd/design_1/ipshared/ef1e/hdl/lib_cdc_v1_0_rfs.vhd:736]
	Parameter INIT bound to: 1'b0 
INFO: [Synth 8-113] binding component instance 'CROSS2_PLEVEL_IN2SCNDRY_IN_cdc_to' to cell 'FDR' [/home/chethana/XILINX/New_IP_Accelerator/terrain_robot_hardware/terrain_robot_hardware.gen/sources_1/bd/design_1/ipshared/ef1e/hdl/lib_cdc_v1_0_rfs.vhd:736]
	Parameter INIT bound to: 1'b0 
INFO: [Synth 8-113] binding component instance 'CROSS2_PLEVEL_IN2SCNDRY_s_level_out_bus_d2' to cell 'FDR' [/home/chethana/XILINX/New_IP_Accelerator/terrain_robot_hardware/terrain_robot_hardware.gen/sources_1/bd/design_1/ipshared/ef1e/hdl/lib_cdc_v1_0_rfs.vhd:772]
	Parameter INIT bound to: 1'b0 
INFO: [Synth 8-113] binding component instance 'CROSS2_PLEVEL_IN2SCNDRY_s_level_out_bus_d2' to cell 'FDR' [/home/chethana/XILINX/New_IP_Accelerator/terrain_robot_hardware/terrain_robot_hardware.gen/sources_1/bd/design_1/ipshared/ef1e/hdl/lib_cdc_v1_0_rfs.vhd:772]
	Parameter INIT bound to: 1'b0 
INFO: [Synth 8-113] binding component instance 'CROSS2_PLEVEL_IN2SCNDRY_s_level_out_bus_d2' to cell 'FDR' [/home/chethana/XILINX/New_IP_Accelerator/terrain_robot_hardware/terrain_robot_hardware.gen/sources_1/bd/design_1/ipshared/ef1e/hdl/lib_cdc_v1_0_rfs.vhd:772]
	Parameter INIT bound to: 1'b0 
INFO: [Synth 8-113] binding component instance 'CROSS2_PLEVEL_IN2SCNDRY_s_level_out_bus_d3' to cell 'FDR' [/home/chethana/XILINX/New_IP_Accelerator/terrain_robot_hardware/terrain_robot_hardware.gen/sources_1/bd/design_1/ipshared/ef1e/hdl/lib_cdc_v1_0_rfs.vhd:788]
	Parameter INIT bound to: 1'b0 
INFO: [Synth 8-113] binding component instance 'CROSS2_PLEVEL_IN2SCNDRY_s_level_out_bus_d3' to cell 'FDR' [/home/chethana/XILINX/New_IP_Accelerator/terrain_robot_hardware/terrain_robot_hardware.gen/sources_1/bd/design_1/ipshared/ef1e/hdl/lib_cdc_v1_0_rfs.vhd:788]
	Parameter INIT bound to: 1'b0 
INFO: [Synth 8-113] binding component instance 'CROSS2_PLEVEL_IN2SCNDRY_s_level_out_bus_d3' to cell 'FDR' [/home/chethana/XILINX/New_IP_Accelerator/terrain_robot_hardware/terrain_robot_hardware.gen/sources_1/bd/design_1/ipshared/ef1e/hdl/lib_cdc_v1_0_rfs.vhd:788]
	Parameter INIT bound to: 1'b0 
INFO: [Synth 8-113] binding component instance 'CROSS2_PLEVEL_IN2SCNDRY_s_level_out_bus_d4' to cell 'FDR' [/home/chethana/XILINX/New_IP_Accelerator/terrain_robot_hardware/terrain_robot_hardware.gen/sources_1/bd/design_1/ipshared/ef1e/hdl/lib_cdc_v1_0_rfs.vhd:804]
	Parameter INIT bound to: 1'b0 
INFO: [Synth 8-113] binding component instance 'CROSS2_PLEVEL_IN2SCNDRY_s_level_out_bus_d4' to cell 'FDR' [/home/chethana/XILINX/New_IP_Accelerator/terrain_robot_hardware/terrain_robot_hardware.gen/sources_1/bd/design_1/ipshared/ef1e/hdl/lib_cdc_v1_0_rfs.vhd:804]
	Parameter INIT bound to: 1'b0 
INFO: [Synth 8-113] binding component instance 'CROSS2_PLEVEL_IN2SCNDRY_s_level_out_bus_d4' to cell 'FDR' [/home/chethana/XILINX/New_IP_Accelerator/terrain_robot_hardware/terrain_robot_hardware.gen/sources_1/bd/design_1/ipshared/ef1e/hdl/lib_cdc_v1_0_rfs.vhd:804]
	Parameter INIT bound to: 1'b0 
INFO: [Synth 8-113] binding component instance 'CROSS2_PLEVEL_IN2SCNDRY_s_level_out_bus_d5' to cell 'FDR' [/home/chethana/XILINX/New_IP_Accelerator/terrain_robot_hardware/terrain_robot_hardware.gen/sources_1/bd/design_1/ipshared/ef1e/hdl/lib_cdc_v1_0_rfs.vhd:821]
	Parameter INIT bound to: 1'b0 
INFO: [Synth 8-113] binding component instance 'CROSS2_PLEVEL_IN2SCNDRY_s_level_out_bus_d5' to cell 'FDR' [/home/chethana/XILINX/New_IP_Accelerator/terrain_robot_hardware/terrain_robot_hardware.gen/sources_1/bd/design_1/ipshared/ef1e/hdl/lib_cdc_v1_0_rfs.vhd:821]
	Parameter INIT bound to: 1'b0 
INFO: [Synth 8-113] binding component instance 'CROSS2_PLEVEL_IN2SCNDRY_s_level_out_bus_d5' to cell 'FDR' [/home/chethana/XILINX/New_IP_Accelerator/terrain_robot_hardware/terrain_robot_hardware.gen/sources_1/bd/design_1/ipshared/ef1e/hdl/lib_cdc_v1_0_rfs.vhd:821]
	Parameter INIT bound to: 1'b0 
INFO: [Synth 8-113] binding component instance 'CROSS2_PLEVEL_IN2SCNDRY_s_level_out_bus_d6' to cell 'FDR' [/home/chethana/XILINX/New_IP_Accelerator/terrain_robot_hardware/terrain_robot_hardware.gen/sources_1/bd/design_1/ipshared/ef1e/hdl/lib_cdc_v1_0_rfs.vhd:837]
	Parameter INIT bound to: 1'b0 
INFO: [Synth 8-113] binding component instance 'CROSS2_PLEVEL_IN2SCNDRY_s_level_out_bus_d6' to cell 'FDR' [/home/chethana/XILINX/New_IP_Accelerator/terrain_robot_hardware/terrain_robot_hardware.gen/sources_1/bd/design_1/ipshared/ef1e/hdl/lib_cdc_v1_0_rfs.vhd:837]
	Parameter INIT bound to: 1'b0 
INFO: [Synth 8-113] binding component instance 'CROSS2_PLEVEL_IN2SCNDRY_s_level_out_bus_d6' to cell 'FDR' [/home/chethana/XILINX/New_IP_Accelerator/terrain_robot_hardware/terrain_robot_hardware.gen/sources_1/bd/design_1/ipshared/ef1e/hdl/lib_cdc_v1_0_rfs.vhd:837]
INFO: [Synth 8-256] done synthesizing module 'cdc_sync' (5#1) [/home/chethana/XILINX/New_IP_Accelerator/terrain_robot_hardware/terrain_robot_hardware.gen/sources_1/bd/design_1/ipshared/ef1e/hdl/lib_cdc_v1_0_rfs.vhd:106]
INFO: [Synth 8-256] done synthesizing module 'GPIO_Core' (6#1) [/home/chethana/XILINX/New_IP_Accelerator/terrain_robot_hardware/terrain_robot_hardware.gen/sources_1/bd/design_1/ipshared/4318/hdl/axi_gpio_v2_0_vh_rfs.vhd:178]
INFO: [Synth 8-256] done synthesizing module 'axi_gpio' (7#1) [/home/chethana/XILINX/New_IP_Accelerator/terrain_robot_hardware/terrain_robot_hardware.gen/sources_1/bd/design_1/ipshared/4318/hdl/axi_gpio_v2_0_vh_rfs.vhd:1351]
INFO: [Synth 8-256] done synthesizing module 'design_1_axi_gpio_0_0' (8#1) [/home/chethana/XILINX/New_IP_Accelerator/terrain_robot_hardware/terrain_robot_hardware.gen/sources_1/bd/design_1/ip/design_1_axi_gpio_0_0/synth/design_1_axi_gpio_0_0.vhd:84]
INFO: [Synth 8-638] synthesizing module 'design_1_axi_gpio_0_1' [/home/chethana/XILINX/New_IP_Accelerator/terrain_robot_hardware/terrain_robot_hardware.gen/sources_1/bd/design_1/ip/design_1_axi_gpio_0_1/synth/design_1_axi_gpio_0_1.vhd:84]
	Parameter C_FAMILY bound to: zynq - type: string 
	Parameter C_S_AXI_ADDR_WIDTH bound to: 9 - type: integer 
	Parameter C_S_AXI_DATA_WIDTH bound to: 32 - type: integer 
	Parameter C_GPIO_WIDTH bound to: 3 - type: integer 
	Parameter C_GPIO2_WIDTH bound to: 32 - type: integer 
	Parameter C_ALL_INPUTS bound to: 0 - type: integer 
	Parameter C_ALL_INPUTS_2 bound to: 0 - type: integer 
	Parameter C_ALL_OUTPUTS bound to: 1 - type: integer 
	Parameter C_ALL_OUTPUTS_2 bound to: 0 - type: integer 
	Parameter C_INTERRUPT_PRESENT bound to: 0 - type: integer 
	Parameter C_DOUT_DEFAULT bound to: 32'b00000000000000000000000000000000 
	Parameter C_TRI_DEFAULT bound to: 32'b11111111111111111111111111111111 
	Parameter C_IS_DUAL bound to: 0 - type: integer 
	Parameter C_DOUT_DEFAULT_2 bound to: 32'b00000000000000000000000000000000 
	Parameter C_TRI_DEFAULT_2 bound to: 32'b11111111111111111111111111111111 
INFO: [Synth 8-3491] module 'axi_gpio' declared at '/home/chethana/XILINX/New_IP_Accelerator/terrain_robot_hardware/terrain_robot_hardware.gen/sources_1/bd/design_1/ipshared/4318/hdl/axi_gpio_v2_0_vh_rfs.vhd:1265' bound to instance 'U0' of component 'axi_gpio' [/home/chethana/XILINX/New_IP_Accelerator/terrain_robot_hardware/terrain_robot_hardware.gen/sources_1/bd/design_1/ip/design_1_axi_gpio_0_1/synth/design_1_axi_gpio_0_1.vhd:168]
INFO: [Synth 8-256] done synthesizing module 'design_1_axi_gpio_0_1' (9#1) [/home/chethana/XILINX/New_IP_Accelerator/terrain_robot_hardware/terrain_robot_hardware.gen/sources_1/bd/design_1/ip/design_1_axi_gpio_0_1/synth/design_1_axi_gpio_0_1.vhd:84]
INFO: [Synth 8-638] synthesizing module 'design_1_axi_quad_spi_0_0' [/home/chethana/XILINX/New_IP_Accelerator/terrain_robot_hardware/terrain_robot_hardware.gen/sources_1/bd/design_1/ip/design_1_axi_quad_spi_0_0/synth/design_1_axi_quad_spi_0_0.vhd:97]
	Parameter Async_Clk bound to: 0 - type: integer 
	Parameter C_FAMILY bound to: zynq - type: string 
	Parameter C_SELECT_XPM bound to: 1 - type: integer 
	Parameter C_SUB_FAMILY bound to: zynq - type: string 
	Parameter C_INSTANCE bound to: axi_quad_spi_inst - type: string 
	Parameter C_SPI_MEM_ADDR_BITS bound to: 24 - type: integer 
	Parameter C_TYPE_OF_AXI4_INTERFACE bound to: 0 - type: integer 
	Parameter C_XIP_MODE bound to: 0 - type: integer 
	Parameter C_XIP_PERF_MODE bound to: 1 - type: integer 
	Parameter C_UC_FAMILY bound to: 0 - type: integer 
	Parameter C_FIFO_DEPTH bound to: 16 - type: integer 
	Parameter C_SCK_RATIO bound to: 4 - type: integer 
	Parameter C_DUAL_QUAD_MODE bound to: 0 - type: integer 
	Parameter C_NUM_SS_BITS bound to: 1 - type: integer 
	Parameter C_NUM_TRANSFER_BITS bound to: 16 - type: integer 
	Parameter C_NEW_SEQ_EN bound to: 1 - type: integer 
	Parameter C_SPI_MODE bound to: 0 - type: integer 
	Parameter C_USE_STARTUP bound to: 0 - type: integer 
	Parameter C_USE_STARTUP_EXT bound to: 0 - type: integer 
	Parameter C_SPI_MEMORY bound to: 1 - type: integer 
	Parameter C_S_AXI_ADDR_WIDTH bound to: 7 - type: integer 
	Parameter C_S_AXI_DATA_WIDTH bound to: 32 - type: integer 
	Parameter C_S_AXI4_ADDR_WIDTH bound to: 24 - type: integer 
	Parameter C_S_AXI4_DATA_WIDTH bound to: 32 - type: integer 
	Parameter C_S_AXI4_ID_WIDTH bound to: 4 - type: integer 
	Parameter C_SHARED_STARTUP bound to: 0 - type: integer 
	Parameter C_S_AXI4_BASEADDR bound to: 32'b01000100101000000000000000000000 
	Parameter C_S_AXI4_HIGHADDR bound to: 32'b01000100101000001111111111111111 
	Parameter C_LSB_STUP bound to: 0 - type: integer 
INFO: [Synth 8-3491] module 'axi_quad_spi' declared at '/home/chethana/XILINX/New_IP_Accelerator/terrain_robot_hardware/terrain_robot_hardware.gen/sources_1/bd/design_1/ipshared/63ec/hdl/axi_quad_spi_v3_2_rfs.vhd:36483' bound to instance 'U0' of component 'axi_quad_spi' [/home/chethana/XILINX/New_IP_Accelerator/terrain_robot_hardware/terrain_robot_hardware.gen/sources_1/bd/design_1/ip/design_1_axi_quad_spi_0_0/synth/design_1_axi_quad_spi_0_0.vhd:289]
INFO: [Synth 8-638] synthesizing module 'axi_quad_spi' [/home/chethana/XILINX/New_IP_Accelerator/terrain_robot_hardware/terrain_robot_hardware.gen/sources_1/bd/design_1/ipshared/63ec/hdl/axi_quad_spi_v3_2_rfs.vhd:36722]
	Parameter Async_Clk bound to: 0 - type: integer 
	Parameter C_FAMILY bound to: zynq - type: string 
	Parameter C_SELECT_XPM bound to: 1 - type: integer 
	Parameter C_SUB_FAMILY bound to: zynq - type: string 
	Parameter C_INSTANCE bound to: axi_quad_spi_inst - type: string 
	Parameter C_SPI_MEM_ADDR_BITS bound to: 24 - type: integer 
	Parameter C_TYPE_OF_AXI4_INTERFACE bound to: 0 - type: integer 
	Parameter C_XIP_MODE bound to: 0 - type: integer 
	Parameter C_XIP_PERF_MODE bound to: 1 - type: integer 
	Parameter C_UC_FAMILY bound to: 0 - type: integer 
	Parameter C_FIFO_DEPTH bound to: 16 - type: integer 
	Parameter C_SCK_RATIO bound to: 4 - type: integer 
	Parameter C_DUAL_QUAD_MODE bound to: 0 - type: integer 
	Parameter C_NUM_SS_BITS bound to: 1 - type: integer 
	Parameter C_NUM_TRANSFER_BITS bound to: 16 - type: integer 
	Parameter C_NEW_SEQ_EN bound to: 1 - type: integer 
	Parameter C_SPI_MODE bound to: 0 - type: integer 
	Parameter C_USE_STARTUP bound to: 0 - type: integer 
	Parameter C_USE_STARTUP_EXT bound to: 0 - type: integer 
	Parameter C_SPI_MEMORY bound to: 1 - type: integer 
	Parameter C_S_AXI_ADDR_WIDTH bound to: 7 - type: integer 
	Parameter C_S_AXI_DATA_WIDTH bound to: 32 - type: integer 
	Parameter C_S_AXI4_ADDR_WIDTH bound to: 24 - type: integer 
	Parameter C_S_AXI4_DATA_WIDTH bound to: 32 - type: integer 
	Parameter C_S_AXI4_ID_WIDTH bound to: 4 - type: integer 
	Parameter C_SHARED_STARTUP bound to: 0 - type: integer 
	Parameter C_S_AXI4_BASEADDR bound to: 1151336448 - type: integer 
	Parameter C_S_AXI4_HIGHADDR bound to: 1151401983 - type: integer 
	Parameter C_LSB_STUP bound to: 0 - type: integer 
INFO: [Synth 8-638] synthesizing module 'axi_quad_spi_top' [/home/chethana/XILINX/New_IP_Accelerator/terrain_robot_hardware/terrain_robot_hardware.gen/sources_1/bd/design_1/ipshared/63ec/hdl/axi_quad_spi_v3_2_rfs.vhd:34981]
	Parameter Async_Clk bound to: 0 - type: integer 
	Parameter C_FAMILY bound to: zynq - type: string 
	Parameter C_SELECT_XPM bound to: 1 - type: integer 
	Parameter C_SUB_FAMILY bound to: zynq - type: string 
	Parameter C_INSTANCE bound to: axi_quad_spi_inst - type: string 
	Parameter C_SPI_MEM_ADDR_BITS bound to: 24 - type: integer 
	Parameter C_TYPE_OF_AXI4_INTERFACE bound to: 0 - type: integer 
	Parameter C_XIP_MODE bound to: 0 - type: integer 
	Parameter C_XIP_PERF_MODE bound to: 1 - type: integer 
	Parameter C_UC_FAMILY bound to: 0 - type: integer 
	Parameter C_FIFO_DEPTH bound to: 16 - type: integer 
	Parameter C_SCK_RATIO bound to: 4 - type: integer 
	Parameter C_NUM_SS_BITS bound to: 1 - type: integer 
	Parameter C_NUM_TRANSFER_BITS bound to: 16 - type: integer 
	Parameter C_SPI_MODE bound to: 0 - type: integer 
	Parameter C_USE_STARTUP bound to: 0 - type: integer 
	Parameter C_SPI_MEMORY bound to: 1 - type: integer 
	Parameter C_S_AXI_ADDR_WIDTH bound to: 7 - type: integer 
	Parameter C_S_AXI_DATA_WIDTH bound to: 32 - type: integer 
	Parameter C_S_AXI4_ADDR_WIDTH bound to: 24 - type: integer 
	Parameter C_S_AXI4_DATA_WIDTH bound to: 32 - type: integer 
	Parameter C_S_AXI4_ID_WIDTH bound to: 4 - type: integer 
	Parameter C_SHARED_STARTUP bound to: 0 - type: integer 
	Parameter C_S_AXI4_BASEADDR bound to: 1151336448 - type: integer 
	Parameter C_S_AXI4_HIGHADDR bound to: 1151401983 - type: integer 
	Parameter C_LSB_STUP bound to: 0 - type: integer 
	Parameter C_DUAL_MODE bound to: 0 - type: integer 
	Parameter C_NEW_SEQ_EN bound to: 1 - type: integer 
	Parameter C_STARTUP_EXT bound to: 0 - type: integer 
	Parameter INIT bound to: 1'b0 
INFO: [Synth 8-113] binding component instance 'IO0_I_REG' to cell 'FD' [/home/chethana/XILINX/New_IP_Accelerator/terrain_robot_hardware/terrain_robot_hardware.gen/sources_1/bd/design_1/ipshared/63ec/hdl/axi_quad_spi_v3_2_rfs.vhd:35450]
	Parameter INIT bound to: 1'b0 
INFO: [Synth 8-113] binding component instance 'IO1_I_REG' to cell 'FD' [/home/chethana/XILINX/New_IP_Accelerator/terrain_robot_hardware/terrain_robot_hardware.gen/sources_1/bd/design_1/ipshared/63ec/hdl/axi_quad_spi_v3_2_rfs.vhd:35461]
	Parameter INIT bound to: 1'b0 
INFO: [Synth 8-113] binding component instance 'IO2_I_REG' to cell 'FD' [/home/chethana/XILINX/New_IP_Accelerator/terrain_robot_hardware/terrain_robot_hardware.gen/sources_1/bd/design_1/ipshared/63ec/hdl/axi_quad_spi_v3_2_rfs.vhd:35472]
	Parameter INIT bound to: 1'b0 
INFO: [Synth 8-113] binding component instance 'IO3_I_REG' to cell 'FD' [/home/chethana/XILINX/New_IP_Accelerator/terrain_robot_hardware/terrain_robot_hardware.gen/sources_1/bd/design_1/ipshared/63ec/hdl/axi_quad_spi_v3_2_rfs.vhd:35484]
INFO: [Synth 8-638] synthesizing module 'axi_lite_ipif__parameterized0' [/home/chethana/XILINX/New_IP_Accelerator/terrain_robot_hardware/terrain_robot_hardware.gen/sources_1/bd/design_1/ipshared/66ea/hdl/axi_lite_ipif_v3_0_vh_rfs.vhd:2948]
	Parameter C_S_AXI_DATA_WIDTH bound to: 32 - type: integer 
	Parameter C_S_AXI_ADDR_WIDTH bound to: 7 - type: integer 
	Parameter C_S_AXI_MIN_SIZE bound to: 32'b00000000000000000000000001111100 
	Parameter C_USE_WSTRB bound to: 1 - type: integer 
	Parameter C_DPHASE_TIMEOUT bound to: 20 - type: integer 
	Parameter C_ARD_ADDR_RANGE_ARRAY bound to: 384'b000000000000000000000000000000000000000000000000000000000000000000000000000000000000000000000000000000000000000000000000001111110000000000000000000000000000000000000000000000000000000001000000000000000000000000000000000000000000000000000000000000000101110000000000000000000000000000000000000000000000000000000000011000000000000000000000000000000000000000000000000000000000000001111000 
	Parameter C_ARD_NUM_CE_ARRAY bound to: 96'b000000000000000000000000000100000000000000000000000000000000100000000000000000000000000000001000 
	Parameter C_FAMILY bound to: zynq - type: string 
INFO: [Synth 8-638] synthesizing module 'slave_attachment__parameterized0' [/home/chethana/XILINX/New_IP_Accelerator/terrain_robot_hardware/terrain_robot_hardware.gen/sources_1/bd/design_1/ipshared/66ea/hdl/axi_lite_ipif_v3_0_vh_rfs.vhd:2341]
	Parameter C_ARD_ADDR_RANGE_ARRAY bound to: 384'b000000000000000000000000000000000000000000000000000000000000000000000000000000000000000000000000000000000000000000000000001111110000000000000000000000000000000000000000000000000000000001000000000000000000000000000000000000000000000000000000000000000101110000000000000000000000000000000000000000000000000000000000011000000000000000000000000000000000000000000000000000000000000001111000 
	Parameter C_ARD_NUM_CE_ARRAY bound to: 96'b000000000000000000000000000100000000000000000000000000000000100000000000000000000000000000001000 
	Parameter C_IPIF_ABUS_WIDTH bound to: 7 - type: integer 
	Parameter C_IPIF_DBUS_WIDTH bound to: 32 - type: integer 
	Parameter C_S_AXI_MIN_SIZE bound to: 124 - type: integer 
	Parameter C_USE_WSTRB bound to: 1 - type: integer 
	Parameter C_DPHASE_TIMEOUT bound to: 20 - type: integer 
	Parameter C_FAMILY bound to: zynq - type: string 
INFO: [Synth 8-638] synthesizing module 'address_decoder__parameterized0' [/home/chethana/XILINX/New_IP_Accelerator/terrain_robot_hardware/terrain_robot_hardware.gen/sources_1/bd/design_1/ipshared/66ea/hdl/axi_lite_ipif_v3_0_vh_rfs.vhd:1775]
	Parameter C_BUS_AWIDTH bound to: 7 - type: integer 
	Parameter C_S_AXI_MIN_SIZE bound to: 124 - type: integer 
	Parameter C_ARD_ADDR_RANGE_ARRAY bound to: 384'b000000000000000000000000000000000000000000000000000000000000000000000000000000000000000000000000000000000000000000000000001111110000000000000000000000000000000000000000000000000000000001000000000000000000000000000000000000000000000000000000000000000101110000000000000000000000000000000000000000000000000000000000011000000000000000000000000000000000000000000000000000000000000001111000 
	Parameter C_ARD_NUM_CE_ARRAY bound to: 96'b000000000000000000000000000100000000000000000000000000000000100000000000000000000000000000001000 
	Parameter C_FAMILY bound to: nofamily - type: string 
INFO: [Synth 8-638] synthesizing module 'axi_lite_ipif_v3_0_4_pselect_f__parameterized3' [/home/chethana/XILINX/New_IP_Accelerator/terrain_robot_hardware/terrain_robot_hardware.gen/sources_1/bd/design_1/ipshared/66ea/hdl/axi_lite_ipif_v3_0_vh_rfs.vhd:1534]
	Parameter C_AB bound to: 1 - type: integer 
	Parameter C_AW bound to: 7 - type: integer 
	Parameter C_BAR bound to: 7'b0000000 
	Parameter C_FAMILY bound to: nofamily - type: string 
INFO: [Synth 8-256] done synthesizing module 'axi_lite_ipif_v3_0_4_pselect_f__parameterized3' (9#1) [/home/chethana/XILINX/New_IP_Accelerator/terrain_robot_hardware/terrain_robot_hardware.gen/sources_1/bd/design_1/ipshared/66ea/hdl/axi_lite_ipif_v3_0_vh_rfs.vhd:1534]
INFO: [Synth 8-638] synthesizing module 'axi_lite_ipif_v3_0_4_pselect_f__parameterized4' [/home/chethana/XILINX/New_IP_Accelerator/terrain_robot_hardware/terrain_robot_hardware.gen/sources_1/bd/design_1/ipshared/66ea/hdl/axi_lite_ipif_v3_0_vh_rfs.vhd:1534]
	Parameter C_AB bound to: 4 - type: integer 
	Parameter C_AW bound to: 4 - type: integer 
	Parameter C_BAR bound to: 4'b0000 
	Parameter C_FAMILY bound to: nofamily - type: string 
INFO: [Synth 8-256] done synthesizing module 'axi_lite_ipif_v3_0_4_pselect_f__parameterized4' (9#1) [/home/chethana/XILINX/New_IP_Accelerator/terrain_robot_hardware/terrain_robot_hardware.gen/sources_1/bd/design_1/ipshared/66ea/hdl/axi_lite_ipif_v3_0_vh_rfs.vhd:1534]
INFO: [Synth 8-638] synthesizing module 'axi_lite_ipif_v3_0_4_pselect_f__parameterized5' [/home/chethana/XILINX/New_IP_Accelerator/terrain_robot_hardware/terrain_robot_hardware.gen/sources_1/bd/design_1/ipshared/66ea/hdl/axi_lite_ipif_v3_0_vh_rfs.vhd:1534]
	Parameter C_AB bound to: 4 - type: integer 
	Parameter C_AW bound to: 4 - type: integer 
	Parameter C_BAR bound to: 4'b0001 
	Parameter C_FAMILY bound to: nofamily - type: string 
INFO: [Synth 8-256] done synthesizing module 'axi_lite_ipif_v3_0_4_pselect_f__parameterized5' (9#1) [/home/chethana/XILINX/New_IP_Accelerator/terrain_robot_hardware/terrain_robot_hardware.gen/sources_1/bd/design_1/ipshared/66ea/hdl/axi_lite_ipif_v3_0_vh_rfs.vhd:1534]
INFO: [Synth 8-638] synthesizing module 'axi_lite_ipif_v3_0_4_pselect_f__parameterized6' [/home/chethana/XILINX/New_IP_Accelerator/terrain_robot_hardware/terrain_robot_hardware.gen/sources_1/bd/design_1/ipshared/66ea/hdl/axi_lite_ipif_v3_0_vh_rfs.vhd:1534]
	Parameter C_AB bound to: 4 - type: integer 
	Parameter C_AW bound to: 4 - type: integer 
	Parameter C_BAR bound to: 4'b0010 
	Parameter C_FAMILY bound to: nofamily - type: string 
INFO: [Synth 8-256] done synthesizing module 'axi_lite_ipif_v3_0_4_pselect_f__parameterized6' (9#1) [/home/chethana/XILINX/New_IP_Accelerator/terrain_robot_hardware/terrain_robot_hardware.gen/sources_1/bd/design_1/ipshared/66ea/hdl/axi_lite_ipif_v3_0_vh_rfs.vhd:1534]
INFO: [Synth 8-638] synthesizing module 'axi_lite_ipif_v3_0_4_pselect_f__parameterized7' [/home/chethana/XILINX/New_IP_Accelerator/terrain_robot_hardware/terrain_robot_hardware.gen/sources_1/bd/design_1/ipshared/66ea/hdl/axi_lite_ipif_v3_0_vh_rfs.vhd:1534]
	Parameter C_AB bound to: 4 - type: integer 
	Parameter C_AW bound to: 4 - type: integer 
	Parameter C_BAR bound to: 4'b0011 
	Parameter C_FAMILY bound to: nofamily - type: string 
INFO: [Synth 8-256] done synthesizing module 'axi_lite_ipif_v3_0_4_pselect_f__parameterized7' (9#1) [/home/chethana/XILINX/New_IP_Accelerator/terrain_robot_hardware/terrain_robot_hardware.gen/sources_1/bd/design_1/ipshared/66ea/hdl/axi_lite_ipif_v3_0_vh_rfs.vhd:1534]
INFO: [Synth 8-638] synthesizing module 'axi_lite_ipif_v3_0_4_pselect_f__parameterized8' [/home/chethana/XILINX/New_IP_Accelerator/terrain_robot_hardware/terrain_robot_hardware.gen/sources_1/bd/design_1/ipshared/66ea/hdl/axi_lite_ipif_v3_0_vh_rfs.vhd:1534]
	Parameter C_AB bound to: 4 - type: integer 
	Parameter C_AW bound to: 4 - type: integer 
	Parameter C_BAR bound to: 4'b0100 
	Parameter C_FAMILY bound to: nofamily - type: string 
INFO: [Synth 8-256] done synthesizing module 'axi_lite_ipif_v3_0_4_pselect_f__parameterized8' (9#1) [/home/chethana/XILINX/New_IP_Accelerator/terrain_robot_hardware/terrain_robot_hardware.gen/sources_1/bd/design_1/ipshared/66ea/hdl/axi_lite_ipif_v3_0_vh_rfs.vhd:1534]
INFO: [Synth 8-638] synthesizing module 'axi_lite_ipif_v3_0_4_pselect_f__parameterized9' [/home/chethana/XILINX/New_IP_Accelerator/terrain_robot_hardware/terrain_robot_hardware.gen/sources_1/bd/design_1/ipshared/66ea/hdl/axi_lite_ipif_v3_0_vh_rfs.vhd:1534]
	Parameter C_AB bound to: 4 - type: integer 
	Parameter C_AW bound to: 4 - type: integer 
	Parameter C_BAR bound to: 4'b0101 
	Parameter C_FAMILY bound to: nofamily - type: string 
INFO: [Synth 8-256] done synthesizing module 'axi_lite_ipif_v3_0_4_pselect_f__parameterized9' (9#1) [/home/chethana/XILINX/New_IP_Accelerator/terrain_robot_hardware/terrain_robot_hardware.gen/sources_1/bd/design_1/ipshared/66ea/hdl/axi_lite_ipif_v3_0_vh_rfs.vhd:1534]
INFO: [Synth 8-638] synthesizing module 'axi_lite_ipif_v3_0_4_pselect_f__parameterized10' [/home/chethana/XILINX/New_IP_Accelerator/terrain_robot_hardware/terrain_robot_hardware.gen/sources_1/bd/design_1/ipshared/66ea/hdl/axi_lite_ipif_v3_0_vh_rfs.vhd:1534]
	Parameter C_AB bound to: 4 - type: integer 
	Parameter C_AW bound to: 4 - type: integer 
	Parameter C_BAR bound to: 4'b0110 
	Parameter C_FAMILY bound to: nofamily - type: string 
INFO: [Synth 8-256] done synthesizing module 'axi_lite_ipif_v3_0_4_pselect_f__parameterized10' (9#1) [/home/chethana/XILINX/New_IP_Accelerator/terrain_robot_hardware/terrain_robot_hardware.gen/sources_1/bd/design_1/ipshared/66ea/hdl/axi_lite_ipif_v3_0_vh_rfs.vhd:1534]
INFO: [Synth 8-638] synthesizing module 'axi_lite_ipif_v3_0_4_pselect_f__parameterized11' [/home/chethana/XILINX/New_IP_Accelerator/terrain_robot_hardware/terrain_robot_hardware.gen/sources_1/bd/design_1/ipshared/66ea/hdl/axi_lite_ipif_v3_0_vh_rfs.vhd:1534]
	Parameter C_AB bound to: 4 - type: integer 
	Parameter C_AW bound to: 4 - type: integer 
	Parameter C_BAR bound to: 4'b0111 
	Parameter C_FAMILY bound to: nofamily - type: string 
INFO: [Synth 8-256] done synthesizing module 'axi_lite_ipif_v3_0_4_pselect_f__parameterized11' (9#1) [/home/chethana/XILINX/New_IP_Accelerator/terrain_robot_hardware/terrain_robot_hardware.gen/sources_1/bd/design_1/ipshared/66ea/hdl/axi_lite_ipif_v3_0_vh_rfs.vhd:1534]
INFO: [Synth 8-638] synthesizing module 'axi_lite_ipif_v3_0_4_pselect_f__parameterized12' [/home/chethana/XILINX/New_IP_Accelerator/terrain_robot_hardware/terrain_robot_hardware.gen/sources_1/bd/design_1/ipshared/66ea/hdl/axi_lite_ipif_v3_0_vh_rfs.vhd:1534]
	Parameter C_AB bound to: 4 - type: integer 
	Parameter C_AW bound to: 4 - type: integer 
	Parameter C_BAR bound to: 4'b1000 
	Parameter C_FAMILY bound to: nofamily - type: string 
INFO: [Synth 8-256] done synthesizing module 'axi_lite_ipif_v3_0_4_pselect_f__parameterized12' (9#1) [/home/chethana/XILINX/New_IP_Accelerator/terrain_robot_hardware/terrain_robot_hardware.gen/sources_1/bd/design_1/ipshared/66ea/hdl/axi_lite_ipif_v3_0_vh_rfs.vhd:1534]
INFO: [Synth 8-638] synthesizing module 'axi_lite_ipif_v3_0_4_pselect_f__parameterized13' [/home/chethana/XILINX/New_IP_Accelerator/terrain_robot_hardware/terrain_robot_hardware.gen/sources_1/bd/design_1/ipshared/66ea/hdl/axi_lite_ipif_v3_0_vh_rfs.vhd:1534]
	Parameter C_AB bound to: 4 - type: integer 
	Parameter C_AW bound to: 4 - type: integer 
	Parameter C_BAR bound to: 4'b1001 
	Parameter C_FAMILY bound to: nofamily - type: string 
INFO: [Synth 8-256] done synthesizing module 'axi_lite_ipif_v3_0_4_pselect_f__parameterized13' (9#1) [/home/chethana/XILINX/New_IP_Accelerator/terrain_robot_hardware/terrain_robot_hardware.gen/sources_1/bd/design_1/ipshared/66ea/hdl/axi_lite_ipif_v3_0_vh_rfs.vhd:1534]
INFO: [Synth 8-638] synthesizing module 'axi_lite_ipif_v3_0_4_pselect_f__parameterized14' [/home/chethana/XILINX/New_IP_Accelerator/terrain_robot_hardware/terrain_robot_hardware.gen/sources_1/bd/design_1/ipshared/66ea/hdl/axi_lite_ipif_v3_0_vh_rfs.vhd:1534]
	Parameter C_AB bound to: 4 - type: integer 
	Parameter C_AW bound to: 4 - type: integer 
	Parameter C_BAR bound to: 4'b1010 
	Parameter C_FAMILY bound to: nofamily - type: string 
INFO: [Synth 8-256] done synthesizing module 'axi_lite_ipif_v3_0_4_pselect_f__parameterized14' (9#1) [/home/chethana/XILINX/New_IP_Accelerator/terrain_robot_hardware/terrain_robot_hardware.gen/sources_1/bd/design_1/ipshared/66ea/hdl/axi_lite_ipif_v3_0_vh_rfs.vhd:1534]
INFO: [Synth 8-638] synthesizing module 'axi_lite_ipif_v3_0_4_pselect_f__parameterized15' [/home/chethana/XILINX/New_IP_Accelerator/terrain_robot_hardware/terrain_robot_hardware.gen/sources_1/bd/design_1/ipshared/66ea/hdl/axi_lite_ipif_v3_0_vh_rfs.vhd:1534]
	Parameter C_AB bound to: 4 - type: integer 
	Parameter C_AW bound to: 4 - type: integer 
	Parameter C_BAR bound to: 4'b1011 
	Parameter C_FAMILY bound to: nofamily - type: string 
INFO: [Synth 8-256] done synthesizing module 'axi_lite_ipif_v3_0_4_pselect_f__parameterized15' (9#1) [/home/chethana/XILINX/New_IP_Accelerator/terrain_robot_hardware/terrain_robot_hardware.gen/sources_1/bd/design_1/ipshared/66ea/hdl/axi_lite_ipif_v3_0_vh_rfs.vhd:1534]
INFO: [Synth 8-638] synthesizing module 'axi_lite_ipif_v3_0_4_pselect_f__parameterized16' [/home/chethana/XILINX/New_IP_Accelerator/terrain_robot_hardware/terrain_robot_hardware.gen/sources_1/bd/design_1/ipshared/66ea/hdl/axi_lite_ipif_v3_0_vh_rfs.vhd:1534]
	Parameter C_AB bound to: 4 - type: integer 
	Parameter C_AW bound to: 4 - type: integer 
	Parameter C_BAR bound to: 4'b1100 
	Parameter C_FAMILY bound to: nofamily - type: string 
INFO: [Synth 8-256] done synthesizing module 'axi_lite_ipif_v3_0_4_pselect_f__parameterized16' (9#1) [/home/chethana/XILINX/New_IP_Accelerator/terrain_robot_hardware/terrain_robot_hardware.gen/sources_1/bd/design_1/ipshared/66ea/hdl/axi_lite_ipif_v3_0_vh_rfs.vhd:1534]
INFO: [Synth 8-638] synthesizing module 'axi_lite_ipif_v3_0_4_pselect_f__parameterized17' [/home/chethana/XILINX/New_IP_Accelerator/terrain_robot_hardware/terrain_robot_hardware.gen/sources_1/bd/design_1/ipshared/66ea/hdl/axi_lite_ipif_v3_0_vh_rfs.vhd:1534]
	Parameter C_AB bound to: 4 - type: integer 
	Parameter C_AW bound to: 4 - type: integer 
	Parameter C_BAR bound to: 4'b1101 
	Parameter C_FAMILY bound to: nofamily - type: string 
INFO: [Synth 8-256] done synthesizing module 'axi_lite_ipif_v3_0_4_pselect_f__parameterized17' (9#1) [/home/chethana/XILINX/New_IP_Accelerator/terrain_robot_hardware/terrain_robot_hardware.gen/sources_1/bd/design_1/ipshared/66ea/hdl/axi_lite_ipif_v3_0_vh_rfs.vhd:1534]
INFO: [Synth 8-638] synthesizing module 'axi_lite_ipif_v3_0_4_pselect_f__parameterized18' [/home/chethana/XILINX/New_IP_Accelerator/terrain_robot_hardware/terrain_robot_hardware.gen/sources_1/bd/design_1/ipshared/66ea/hdl/axi_lite_ipif_v3_0_vh_rfs.vhd:1534]
	Parameter C_AB bound to: 4 - type: integer 
	Parameter C_AW bound to: 4 - type: integer 
	Parameter C_BAR bound to: 4'b1110 
	Parameter C_FAMILY bound to: nofamily - type: string 
INFO: [Synth 8-256] done synthesizing module 'axi_lite_ipif_v3_0_4_pselect_f__parameterized18' (9#1) [/home/chethana/XILINX/New_IP_Accelerator/terrain_robot_hardware/terrain_robot_hardware.gen/sources_1/bd/design_1/ipshared/66ea/hdl/axi_lite_ipif_v3_0_vh_rfs.vhd:1534]
INFO: [Synth 8-638] synthesizing module 'axi_lite_ipif_v3_0_4_pselect_f__parameterized19' [/home/chethana/XILINX/New_IP_Accelerator/terrain_robot_hardware/terrain_robot_hardware.gen/sources_1/bd/design_1/ipshared/66ea/hdl/axi_lite_ipif_v3_0_vh_rfs.vhd:1534]
	Parameter C_AB bound to: 4 - type: integer 
	Parameter C_AW bound to: 4 - type: integer 
	Parameter C_BAR bound to: 4'b1111 
	Parameter C_FAMILY bound to: nofamily - type: string 
INFO: [Synth 8-256] done synthesizing module 'axi_lite_ipif_v3_0_4_pselect_f__parameterized19' (9#1) [/home/chethana/XILINX/New_IP_Accelerator/terrain_robot_hardware/terrain_robot_hardware.gen/sources_1/bd/design_1/ipshared/66ea/hdl/axi_lite_ipif_v3_0_vh_rfs.vhd:1534]
INFO: [Synth 8-638] synthesizing module 'axi_lite_ipif_v3_0_4_pselect_f__parameterized20' [/home/chethana/XILINX/New_IP_Accelerator/terrain_robot_hardware/terrain_robot_hardware.gen/sources_1/bd/design_1/ipshared/66ea/hdl/axi_lite_ipif_v3_0_vh_rfs.vhd:1534]
	Parameter C_AB bound to: 2 - type: integer 
	Parameter C_AW bound to: 7 - type: integer 
	Parameter C_BAR bound to: 7'b1000000 
	Parameter C_FAMILY bound to: nofamily - type: string 
INFO: [Synth 8-256] done synthesizing module 'axi_lite_ipif_v3_0_4_pselect_f__parameterized20' (9#1) [/home/chethana/XILINX/New_IP_Accelerator/terrain_robot_hardware/terrain_robot_hardware.gen/sources_1/bd/design_1/ipshared/66ea/hdl/axi_lite_ipif_v3_0_vh_rfs.vhd:1534]
INFO: [Synth 8-638] synthesizing module 'axi_lite_ipif_v3_0_4_pselect_f__parameterized21' [/home/chethana/XILINX/New_IP_Accelerator/terrain_robot_hardware/terrain_robot_hardware.gen/sources_1/bd/design_1/ipshared/66ea/hdl/axi_lite_ipif_v3_0_vh_rfs.vhd:1534]
	Parameter C_AB bound to: 3 - type: integer 
	Parameter C_AW bound to: 3 - type: integer 
	Parameter C_BAR bound to: 3'b000 
	Parameter C_FAMILY bound to: nofamily - type: string 
INFO: [Synth 8-256] done synthesizing module 'axi_lite_ipif_v3_0_4_pselect_f__parameterized21' (9#1) [/home/chethana/XILINX/New_IP_Accelerator/terrain_robot_hardware/terrain_robot_hardware.gen/sources_1/bd/design_1/ipshared/66ea/hdl/axi_lite_ipif_v3_0_vh_rfs.vhd:1534]
INFO: [Synth 8-638] synthesizing module 'axi_lite_ipif_v3_0_4_pselect_f__parameterized22' [/home/chethana/XILINX/New_IP_Accelerator/terrain_robot_hardware/terrain_robot_hardware.gen/sources_1/bd/design_1/ipshared/66ea/hdl/axi_lite_ipif_v3_0_vh_rfs.vhd:1534]
	Parameter C_AB bound to: 3 - type: integer 
	Parameter C_AW bound to: 3 - type: integer 
	Parameter C_BAR bound to: 3'b001 
	Parameter C_FAMILY bound to: nofamily - type: string 
INFO: [Synth 8-256] done synthesizing module 'axi_lite_ipif_v3_0_4_pselect_f__parameterized22' (9#1) [/home/chethana/XILINX/New_IP_Accelerator/terrain_robot_hardware/terrain_robot_hardware.gen/sources_1/bd/design_1/ipshared/66ea/hdl/axi_lite_ipif_v3_0_vh_rfs.vhd:1534]
INFO: [Synth 8-638] synthesizing module 'axi_lite_ipif_v3_0_4_pselect_f__parameterized23' [/home/chethana/XILINX/New_IP_Accelerator/terrain_robot_hardware/terrain_robot_hardware.gen/sources_1/bd/design_1/ipshared/66ea/hdl/axi_lite_ipif_v3_0_vh_rfs.vhd:1534]
	Parameter C_AB bound to: 3 - type: integer 
	Parameter C_AW bound to: 3 - type: integer 
	Parameter C_BAR bound to: 3'b010 
	Parameter C_FAMILY bound to: nofamily - type: string 
INFO: [Synth 8-256] done synthesizing module 'axi_lite_ipif_v3_0_4_pselect_f__parameterized23' (9#1) [/home/chethana/XILINX/New_IP_Accelerator/terrain_robot_hardware/terrain_robot_hardware.gen/sources_1/bd/design_1/ipshared/66ea/hdl/axi_lite_ipif_v3_0_vh_rfs.vhd:1534]
INFO: [Synth 8-638] synthesizing module 'axi_lite_ipif_v3_0_4_pselect_f__parameterized24' [/home/chethana/XILINX/New_IP_Accelerator/terrain_robot_hardware/terrain_robot_hardware.gen/sources_1/bd/design_1/ipshared/66ea/hdl/axi_lite_ipif_v3_0_vh_rfs.vhd:1534]
	Parameter C_AB bound to: 3 - type: integer 
	Parameter C_AW bound to: 3 - type: integer 
	Parameter C_BAR bound to: 3'b011 
	Parameter C_FAMILY bound to: nofamily - type: string 
INFO: [Synth 8-256] done synthesizing module 'axi_lite_ipif_v3_0_4_pselect_f__parameterized24' (9#1) [/home/chethana/XILINX/New_IP_Accelerator/terrain_robot_hardware/terrain_robot_hardware.gen/sources_1/bd/design_1/ipshared/66ea/hdl/axi_lite_ipif_v3_0_vh_rfs.vhd:1534]
INFO: [Synth 8-638] synthesizing module 'axi_lite_ipif_v3_0_4_pselect_f__parameterized25' [/home/chethana/XILINX/New_IP_Accelerator/terrain_robot_hardware/terrain_robot_hardware.gen/sources_1/bd/design_1/ipshared/66ea/hdl/axi_lite_ipif_v3_0_vh_rfs.vhd:1534]
	Parameter C_AB bound to: 3 - type: integer 
	Parameter C_AW bound to: 3 - type: integer 
	Parameter C_BAR bound to: 3'b100 
	Parameter C_FAMILY bound to: nofamily - type: string 
INFO: [Synth 8-256] done synthesizing module 'axi_lite_ipif_v3_0_4_pselect_f__parameterized25' (9#1) [/home/chethana/XILINX/New_IP_Accelerator/terrain_robot_hardware/terrain_robot_hardware.gen/sources_1/bd/design_1/ipshared/66ea/hdl/axi_lite_ipif_v3_0_vh_rfs.vhd:1534]
INFO: [Synth 8-638] synthesizing module 'axi_lite_ipif_v3_0_4_pselect_f__parameterized26' [/home/chethana/XILINX/New_IP_Accelerator/terrain_robot_hardware/terrain_robot_hardware.gen/sources_1/bd/design_1/ipshared/66ea/hdl/axi_lite_ipif_v3_0_vh_rfs.vhd:1534]
	Parameter C_AB bound to: 3 - type: integer 
	Parameter C_AW bound to: 3 - type: integer 
	Parameter C_BAR bound to: 3'b101 
	Parameter C_FAMILY bound to: nofamily - type: string 
INFO: [Synth 8-256] done synthesizing module 'axi_lite_ipif_v3_0_4_pselect_f__parameterized26' (9#1) [/home/chethana/XILINX/New_IP_Accelerator/terrain_robot_hardware/terrain_robot_hardware.gen/sources_1/bd/design_1/ipshared/66ea/hdl/axi_lite_ipif_v3_0_vh_rfs.vhd:1534]
INFO: [Synth 8-638] synthesizing module 'axi_lite_ipif_v3_0_4_pselect_f__parameterized27' [/home/chethana/XILINX/New_IP_Accelerator/terrain_robot_hardware/terrain_robot_hardware.gen/sources_1/bd/design_1/ipshared/66ea/hdl/axi_lite_ipif_v3_0_vh_rfs.vhd:1534]
	Parameter C_AB bound to: 3 - type: integer 
	Parameter C_AW bound to: 3 - type: integer 
	Parameter C_BAR bound to: 3'b110 
	Parameter C_FAMILY bound to: nofamily - type: string 
INFO: [Synth 8-256] done synthesizing module 'axi_lite_ipif_v3_0_4_pselect_f__parameterized27' (9#1) [/home/chethana/XILINX/New_IP_Accelerator/terrain_robot_hardware/terrain_robot_hardware.gen/sources_1/bd/design_1/ipshared/66ea/hdl/axi_lite_ipif_v3_0_vh_rfs.vhd:1534]
INFO: [Synth 8-638] synthesizing module 'axi_lite_ipif_v3_0_4_pselect_f__parameterized28' [/home/chethana/XILINX/New_IP_Accelerator/terrain_robot_hardware/terrain_robot_hardware.gen/sources_1/bd/design_1/ipshared/66ea/hdl/axi_lite_ipif_v3_0_vh_rfs.vhd:1534]
	Parameter C_AB bound to: 3 - type: integer 
	Parameter C_AW bound to: 3 - type: integer 
	Parameter C_BAR bound to: 3'b111 
	Parameter C_FAMILY bound to: nofamily - type: string 
INFO: [Synth 8-256] done synthesizing module 'axi_lite_ipif_v3_0_4_pselect_f__parameterized28' (9#1) [/home/chethana/XILINX/New_IP_Accelerator/terrain_robot_hardware/terrain_robot_hardware.gen/sources_1/bd/design_1/ipshared/66ea/hdl/axi_lite_ipif_v3_0_vh_rfs.vhd:1534]
INFO: [Synth 8-638] synthesizing module 'axi_lite_ipif_v3_0_4_pselect_f__parameterized29' [/home/chethana/XILINX/New_IP_Accelerator/terrain_robot_hardware/terrain_robot_hardware.gen/sources_1/bd/design_1/ipshared/66ea/hdl/axi_lite_ipif_v3_0_vh_rfs.vhd:1534]
	Parameter C_AB bound to: 2 - type: integer 
	Parameter C_AW bound to: 7 - type: integer 
	Parameter C_BAR bound to: 7'b1100000 
	Parameter C_FAMILY bound to: nofamily - type: string 
INFO: [Synth 8-256] done synthesizing module 'axi_lite_ipif_v3_0_4_pselect_f__parameterized29' (9#1) [/home/chethana/XILINX/New_IP_Accelerator/terrain_robot_hardware/terrain_robot_hardware.gen/sources_1/bd/design_1/ipshared/66ea/hdl/axi_lite_ipif_v3_0_vh_rfs.vhd:1534]
INFO: [Synth 8-256] done synthesizing module 'address_decoder__parameterized0' (9#1) [/home/chethana/XILINX/New_IP_Accelerator/terrain_robot_hardware/terrain_robot_hardware.gen/sources_1/bd/design_1/ipshared/66ea/hdl/axi_lite_ipif_v3_0_vh_rfs.vhd:1775]
INFO: [Synth 8-226] default block is never used [/home/chethana/XILINX/New_IP_Accelerator/terrain_robot_hardware/terrain_robot_hardware.gen/sources_1/bd/design_1/ipshared/66ea/hdl/axi_lite_ipif_v3_0_vh_rfs.vhd:2550]
INFO: [Synth 8-256] done synthesizing module 'slave_attachment__parameterized0' (9#1) [/home/chethana/XILINX/New_IP_Accelerator/terrain_robot_hardware/terrain_robot_hardware.gen/sources_1/bd/design_1/ipshared/66ea/hdl/axi_lite_ipif_v3_0_vh_rfs.vhd:2341]
INFO: [Synth 8-256] done synthesizing module 'axi_lite_ipif__parameterized0' (9#1) [/home/chethana/XILINX/New_IP_Accelerator/terrain_robot_hardware/terrain_robot_hardware.gen/sources_1/bd/design_1/ipshared/66ea/hdl/axi_lite_ipif_v3_0_vh_rfs.vhd:2948]
INFO: [Synth 8-638] synthesizing module 'qspi_core_interface' [/home/chethana/XILINX/New_IP_Accelerator/terrain_robot_hardware/terrain_robot_hardware.gen/sources_1/bd/design_1/ipshared/63ec/hdl/axi_quad_spi_v3_2_rfs.vhd:19205]
	Parameter C_FAMILY bound to: zynq - type: string 
	Parameter C_SUB_FAMILY bound to: zynq - type: string 
	Parameter C_SELECT_XPM bound to: 1 - type: integer 
	Parameter C_UC_FAMILY bound to: 0 - type: integer 
	Parameter C_S_AXI_DATA_WIDTH bound to: 32 - type: integer 
	Parameter Async_Clk bound to: 0 - type: integer 
	Parameter C_NUM_CE_SIGNALS bound to: 32 - type: integer 
	Parameter C_FIFO_DEPTH bound to: 16 - type: integer 
	Parameter C_SCK_RATIO bound to: 4 - type: integer 
	Parameter C_NUM_SS_BITS bound to: 1 - type: integer 
	Parameter C_NUM_TRANSFER_BITS bound to: 16 - type: integer 
	Parameter C_SPI_MODE bound to: 0 - type: integer 
	Parameter C_USE_STARTUP bound to: 0 - type: integer 
	Parameter C_SPI_MEMORY bound to: 1 - type: integer 
	Parameter C_SHARED_STARTUP bound to: 0 - type: integer 
	Parameter C_TYPE_OF_AXI4_INTERFACE bound to: 0 - type: integer 
	Parameter C_FIFO_EXIST bound to: 1 - type: integer 
	Parameter C_SPI_NUM_BITS_REG bound to: 8 - type: integer 
	Parameter C_OCCUPANCY_NUM_BITS bound to: 4 - type: integer 
	Parameter C_IP_INTR_MODE_ARRAY bound to: 448'b0000000000000000000000000000001100000000000000000000000000000011000000000000000000000000000000110000000000000000000000000000001100000000000000000000000000000011000000000000000000000000000000110000000000000000000000000000001100000000000000000000000000000011000000000000000000000000000000110000000000000000000000000000001100000000000000000000000000000011000000000000000000000000000000110000000000000000000000000000001100000000000000000000000000000011 
	Parameter C_SPICR_REG_WIDTH bound to: 10 - type: integer 
	Parameter C_SPISR_REG_WIDTH bound to: 11 - type: integer 
	Parameter C_LSB_STUP bound to: 0 - type: integer 
	Parameter C_DUAL_MODE bound to: 0 - type: integer 
	Parameter C_NEW_SEQ_EN bound to: 1 - type: integer 
	Parameter C_STARTUP_EXT bound to: 0 - type: integer 
INFO: [Synth 8-638] synthesizing module 'reset_sync_module' [/home/chethana/XILINX/New_IP_Accelerator/terrain_robot_hardware/terrain_robot_hardware.gen/sources_1/bd/design_1/ipshared/63ec/hdl/axi_quad_spi_v3_2_rfs.vhd:2426]
	Parameter INIT bound to: 1'b0 
INFO: [Synth 8-113] binding component instance 'RESET_SYNC_AX2S_1' to cell 'FDR' [/home/chethana/XILINX/New_IP_Accelerator/terrain_robot_hardware/terrain_robot_hardware.gen/sources_1/bd/design_1/ipshared/63ec/hdl/axi_quad_spi_v3_2_rfs.vhd:2455]
	Parameter INIT bound to: 1'b0 
INFO: [Synth 8-113] binding component instance 'RESET_SYNC_AX2S_2' to cell 'FDR' [/home/chethana/XILINX/New_IP_Accelerator/terrain_robot_hardware/terrain_robot_hardware.gen/sources_1/bd/design_1/ipshared/63ec/hdl/axi_quad_spi_v3_2_rfs.vhd:2463]
INFO: [Synth 8-256] done synthesizing module 'reset_sync_module' (10#1) [/home/chethana/XILINX/New_IP_Accelerator/terrain_robot_hardware/terrain_robot_hardware.gen/sources_1/bd/design_1/ipshared/63ec/hdl/axi_quad_spi_v3_2_rfs.vhd:2426]
INFO: [Synth 8-638] synthesizing module 'cross_clk_sync_fifo_1' [/home/chethana/XILINX/New_IP_Accelerator/terrain_robot_hardware/terrain_robot_hardware.gen/sources_1/bd/design_1/ipshared/63ec/hdl/axi_quad_spi_v3_2_rfs.vhd:14941]
	Parameter C_FAMILY bound to: zynq - type: string 
	Parameter Async_Clk bound to: 0 - type: integer 
	Parameter C_FIFO_DEPTH bound to: 16 - type: integer 
	Parameter C_DATA_WIDTH bound to: 32 - type: integer 
	Parameter C_S_AXI_DATA_WIDTH bound to: 32 - type: integer 
	Parameter C_NUM_TRANSFER_BITS bound to: 16 - type: integer 
	Parameter C_NUM_SS_BITS bound to: 1 - type: integer 
	Parameter INIT bound to: 1'b0 
INFO: [Synth 8-113] binding component instance 'CMD_ERR_S2AX_1_CDC' to cell 'FDR' [/home/chethana/XILINX/New_IP_Accelerator/terrain_robot_hardware/terrain_robot_hardware.gen/sources_1/bd/design_1/ipshared/63ec/hdl/axi_quad_spi_v3_2_rfs.vhd:15224]
	Parameter INIT bound to: 1'b0 
INFO: [Synth 8-113] binding component instance 'CMD_ERR_S2AX_2' to cell 'FDR' [/home/chethana/XILINX/New_IP_Accelerator/terrain_robot_hardware/terrain_robot_hardware.gen/sources_1/bd/design_1/ipshared/63ec/hdl/axi_quad_spi_v3_2_rfs.vhd:15232]
	Parameter INIT bound to: 1'b1 
INFO: [Synth 8-113] binding component instance 'SPISEL_D1_REG_S2AX_1_CDC' to cell 'FDR' [/home/chethana/XILINX/New_IP_Accelerator/terrain_robot_hardware/terrain_robot_hardware.gen/sources_1/bd/design_1/ipshared/63ec/hdl/axi_quad_spi_v3_2_rfs.vhd:15243]
	Parameter INIT bound to: 1'b1 
INFO: [Synth 8-113] binding component instance 'SPISEL_D1_REG_S2AX_2' to cell 'FDR' [/home/chethana/XILINX/New_IP_Accelerator/terrain_robot_hardware/terrain_robot_hardware.gen/sources_1/bd/design_1/ipshared/63ec/hdl/axi_quad_spi_v3_2_rfs.vhd:15251]
	Parameter INIT bound to: 1'b1 
INFO: [Synth 8-113] binding component instance 'SPISEL_PULSE_S2AX_1_CDC' to cell 'FDR' [/home/chethana/XILINX/New_IP_Accelerator/terrain_robot_hardware/terrain_robot_hardware.gen/sources_1/bd/design_1/ipshared/63ec/hdl/axi_quad_spi_v3_2_rfs.vhd:15277]
	Parameter INIT bound to: 1'b1 
INFO: [Synth 8-113] binding component instance 'SPISEL_PULSE_S2AX_2' to cell 'FDR' [/home/chethana/XILINX/New_IP_Accelerator/terrain_robot_hardware/terrain_robot_hardware.gen/sources_1/bd/design_1/ipshared/63ec/hdl/axi_quad_spi_v3_2_rfs.vhd:15285]
	Parameter INIT bound to: 1'b1 
INFO: [Synth 8-113] binding component instance 'SPISEL_PULSE_S2AX_3' to cell 'FDR' [/home/chethana/XILINX/New_IP_Accelerator/terrain_robot_hardware/terrain_robot_hardware.gen/sources_1/bd/design_1/ipshared/63ec/hdl/axi_quad_spi_v3_2_rfs.vhd:15293]
	Parameter INIT bound to: 1'b0 
INFO: [Synth 8-113] binding component instance 'MST_N_SLV_MODE_S2AX_1_CDC' to cell 'FDR' [/home/chethana/XILINX/New_IP_Accelerator/terrain_robot_hardware/terrain_robot_hardware.gen/sources_1/bd/design_1/ipshared/63ec/hdl/axi_quad_spi_v3_2_rfs.vhd:15306]
	Parameter INIT bound to: 1'b0 
INFO: [Synth 8-113] binding component instance 'MST_N_SLV_MODE_S2AX_2' to cell 'FDR' [/home/chethana/XILINX/New_IP_Accelerator/terrain_robot_hardware/terrain_robot_hardware.gen/sources_1/bd/design_1/ipshared/63ec/hdl/axi_quad_spi_v3_2_rfs.vhd:15314]
	Parameter INIT bound to: 1'b0 
INFO: [Synth 8-113] binding component instance 'SLV_MODF_STRB_S2AX_1_CDC' to cell 'FDR' [/home/chethana/XILINX/New_IP_Accelerator/terrain_robot_hardware/terrain_robot_hardware.gen/sources_1/bd/design_1/ipshared/63ec/hdl/axi_quad_spi_v3_2_rfs.vhd:15339]
	Parameter INIT bound to: 1'b0 
INFO: [Synth 8-113] binding component instance 'SLV_MODF_STRB_S2AX_2' to cell 'FDR' [/home/chethana/XILINX/New_IP_Accelerator/terrain_robot_hardware/terrain_robot_hardware.gen/sources_1/bd/design_1/ipshared/63ec/hdl/axi_quad_spi_v3_2_rfs.vhd:15347]
	Parameter INIT bound to: 1'b0 
INFO: [Synth 8-113] binding component instance 'SLV_MODF_STRB_S2AX_3' to cell 'FDR' [/home/chethana/XILINX/New_IP_Accelerator/terrain_robot_hardware/terrain_robot_hardware.gen/sources_1/bd/design_1/ipshared/63ec/hdl/axi_quad_spi_v3_2_rfs.vhd:15355]
	Parameter INIT bound to: 1'b0 
INFO: [Synth 8-113] binding component instance 'MODF_STROBE_S2AX_1_CDC' to cell 'FDR' [/home/chethana/XILINX/New_IP_Accelerator/terrain_robot_hardware/terrain_robot_hardware.gen/sources_1/bd/design_1/ipshared/63ec/hdl/axi_quad_spi_v3_2_rfs.vhd:15380]
	Parameter INIT bound to: 1'b0 
INFO: [Synth 8-113] binding component instance 'MODF_STROBE_S2AX_2' to cell 'FDR' [/home/chethana/XILINX/New_IP_Accelerator/terrain_robot_hardware/terrain_robot_hardware.gen/sources_1/bd/design_1/ipshared/63ec/hdl/axi_quad_spi_v3_2_rfs.vhd:15388]
	Parameter INIT bound to: 1'b0 
INFO: [Synth 8-113] binding component instance 'MODF_STROBE_S2AX_3' to cell 'FDR' [/home/chethana/XILINX/New_IP_Accelerator/terrain_robot_hardware/terrain_robot_hardware.gen/sources_1/bd/design_1/ipshared/63ec/hdl/axi_quad_spi_v3_2_rfs.vhd:15396]
	Parameter INIT bound to: 1'b0 
INFO: [Synth 8-113] binding component instance 'RX_FIFO_EMPTY_AX2S_1_CDC' to cell 'FDR' [/home/chethana/XILINX/New_IP_Accelerator/terrain_robot_hardware/terrain_robot_hardware.gen/sources_1/bd/design_1/ipshared/63ec/hdl/axi_quad_spi_v3_2_rfs.vhd:15409]
	Parameter INIT bound to: 1'b0 
INFO: [Synth 8-113] binding component instance 'RX_FIFO_EMPTY_AX2S_2' to cell 'FDR' [/home/chethana/XILINX/New_IP_Accelerator/terrain_robot_hardware/terrain_robot_hardware.gen/sources_1/bd/design_1/ipshared/63ec/hdl/axi_quad_spi_v3_2_rfs.vhd:15417]
	Parameter INIT bound to: 1'b0 
INFO: [Synth 8-113] binding component instance 'TX_FIFO_EMPTY_S2AX_1_CDC' to cell 'FDR' [/home/chethana/XILINX/New_IP_Accelerator/terrain_robot_hardware/terrain_robot_hardware.gen/sources_1/bd/design_1/ipshared/63ec/hdl/axi_quad_spi_v3_2_rfs.vhd:15429]
	Parameter INIT bound to: 1'b0 
INFO: [Synth 8-113] binding component instance 'TX_FIFO_EMPTY_S2AX_2' to cell 'FDR' [/home/chethana/XILINX/New_IP_Accelerator/terrain_robot_hardware/terrain_robot_hardware.gen/sources_1/bd/design_1/ipshared/63ec/hdl/axi_quad_spi_v3_2_rfs.vhd:15437]
	Parameter INIT bound to: 1'b1 
INFO: [Synth 8-113] binding component instance 'TX_EMPT_4_SPISR_S2AX_1_CDC' to cell 'FDR' [/home/chethana/XILINX/New_IP_Accelerator/terrain_robot_hardware/terrain_robot_hardware.gen/sources_1/bd/design_1/ipshared/63ec/hdl/axi_quad_spi_v3_2_rfs.vhd:15449]
	Parameter INIT bound to: 1'b1 
INFO: [Synth 8-113] binding component instance 'TX_EMPT_4_SPISR_S2AX_2' to cell 'FDR' [/home/chethana/XILINX/New_IP_Accelerator/terrain_robot_hardware/terrain_robot_hardware.gen/sources_1/bd/design_1/ipshared/63ec/hdl/axi_quad_spi_v3_2_rfs.vhd:15457]
	Parameter INIT bound to: 1'b0 
INFO: [Synth 8-113] binding component instance 'TX_FIFO_FULL_AX2S_1_CDC' to cell 'FDR' [/home/chethana/XILINX/New_IP_Accelerator/terrain_robot_hardware/terrain_robot_hardware.gen/sources_1/bd/design_1/ipshared/63ec/hdl/axi_quad_spi_v3_2_rfs.vhd:15468]
	Parameter INIT bound to: 1'b0 
INFO: [Synth 8-113] binding component instance 'TX_FIFO_FULL_AX2S_2' to cell 'FDR' [/home/chethana/XILINX/New_IP_Accelerator/terrain_robot_hardware/terrain_robot_hardware.gen/sources_1/bd/design_1/ipshared/63ec/hdl/axi_quad_spi_v3_2_rfs.vhd:15476]
	Parameter INIT bound to: 1'b0 
INFO: [Synth 8-113] binding component instance 'SPIXFER_DONE_S2AX_1_CDC' to cell 'FDR' [/home/chethana/XILINX/New_IP_Accelerator/terrain_robot_hardware/terrain_robot_hardware.gen/sources_1/bd/design_1/ipshared/63ec/hdl/axi_quad_spi_v3_2_rfs.vhd:15487]
	Parameter INIT bound to: 1'b0 
INFO: [Synth 8-113] binding component instance 'SPIXFER_DONE_S2AX_2' to cell 'FDR' [/home/chethana/XILINX/New_IP_Accelerator/terrain_robot_hardware/terrain_robot_hardware.gen/sources_1/bd/design_1/ipshared/63ec/hdl/axi_quad_spi_v3_2_rfs.vhd:15495]
	Parameter INIT bound to: 1'b0 
INFO: [Synth 8-113] binding component instance 'RX_FIFO_RST_AX2S_1_CDC' to cell 'FDR' [/home/chethana/XILINX/New_IP_Accelerator/terrain_robot_hardware/terrain_robot_hardware.gen/sources_1/bd/design_1/ipshared/63ec/hdl/axi_quad_spi_v3_2_rfs.vhd:15520]
	Parameter INIT bound to: 1'b0 
INFO: [Synth 8-113] binding component instance 'RX_FIFO_RST_AX2S_2' to cell 'FDR' [/home/chethana/XILINX/New_IP_Accelerator/terrain_robot_hardware/terrain_robot_hardware.gen/sources_1/bd/design_1/ipshared/63ec/hdl/axi_quad_spi_v3_2_rfs.vhd:15528]
	Parameter INIT bound to: 1'b0 
INFO: [Synth 8-113] binding component instance 'RX_FIFO_FULL_S2AX_1_CDC' to cell 'FDR' [/home/chethana/XILINX/New_IP_Accelerator/terrain_robot_hardware/terrain_robot_hardware.gen/sources_1/bd/design_1/ipshared/63ec/hdl/axi_quad_spi_v3_2_rfs.vhd:15542]
	Parameter INIT bound to: 1'b0 
INFO: [Synth 8-113] binding component instance 'RX_FIFO_FULL_S2AX_2' to cell 'FDR' [/home/chethana/XILINX/New_IP_Accelerator/terrain_robot_hardware/terrain_robot_hardware.gen/sources_1/bd/design_1/ipshared/63ec/hdl/axi_quad_spi_v3_2_rfs.vhd:15550]
	Parameter INIT bound to: 1'b0 
INFO: [Synth 8-113] binding component instance 'SYNC_SPIXFER_DONE_S2AX_1_CDC' to cell 'FDR' [/home/chethana/XILINX/New_IP_Accelerator/terrain_robot_hardware/terrain_robot_hardware.gen/sources_1/bd/design_1/ipshared/63ec/hdl/axi_quad_spi_v3_2_rfs.vhd:15573]
	Parameter INIT bound to: 1'b0 
INFO: [Synth 8-113] binding component instance 'SYNC_SPIXFER_DONE_S2AX_2' to cell 'FDR' [/home/chethana/XILINX/New_IP_Accelerator/terrain_robot_hardware/terrain_robot_hardware.gen/sources_1/bd/design_1/ipshared/63ec/hdl/axi_quad_spi_v3_2_rfs.vhd:15581]
	Parameter INIT bound to: 1'b0 
INFO: [Synth 8-113] binding component instance 'SYNC_SPIXFER_DONE_S2AX_3' to cell 'FDR' [/home/chethana/XILINX/New_IP_Accelerator/terrain_robot_hardware/terrain_robot_hardware.gen/sources_1/bd/design_1/ipshared/63ec/hdl/axi_quad_spi_v3_2_rfs.vhd:15589]
	Parameter INIT bound to: 1'b0 
INFO: [Synth 8-113] binding component instance 'DTR_UNDERRUN_S2AX_1_CDC' to cell 'FDR' [/home/chethana/XILINX/New_IP_Accelerator/terrain_robot_hardware/terrain_robot_hardware.gen/sources_1/bd/design_1/ipshared/63ec/hdl/axi_quad_spi_v3_2_rfs.vhd:15599]
	Parameter INIT bound to: 1'b0 
INFO: [Synth 8-113] binding component instance 'DTR_UNDERRUN_S2AX_2' to cell 'FDR' [/home/chethana/XILINX/New_IP_Accelerator/terrain_robot_hardware/terrain_robot_hardware.gen/sources_1/bd/design_1/ipshared/63ec/hdl/axi_quad_spi_v3_2_rfs.vhd:15607]
	Parameter INIT bound to: 1'b0 
INFO: [Synth 8-113] binding component instance 'SPICR_0_LOOP_AX2S_1_CDC' to cell 'FDR' [/home/chethana/XILINX/New_IP_Accelerator/terrain_robot_hardware/terrain_robot_hardware.gen/sources_1/bd/design_1/ipshared/63ec/hdl/axi_quad_spi_v3_2_rfs.vhd:15617]
	Parameter INIT bound to: 1'b0 
INFO: [Synth 8-113] binding component instance 'SPICR_0_LOOP_AX2S_2' to cell 'FDR' [/home/chethana/XILINX/New_IP_Accelerator/terrain_robot_hardware/terrain_robot_hardware.gen/sources_1/bd/design_1/ipshared/63ec/hdl/axi_quad_spi_v3_2_rfs.vhd:15625]
	Parameter INIT bound to: 1'b0 
INFO: [Synth 8-113] binding component instance 'SPICR_1_SPE_AX2S_1_CDC' to cell 'FDR' [/home/chethana/XILINX/New_IP_Accelerator/terrain_robot_hardware/terrain_robot_hardware.gen/sources_1/bd/design_1/ipshared/63ec/hdl/axi_quad_spi_v3_2_rfs.vhd:15636]
	Parameter INIT bound to: 1'b0 
INFO: [Synth 8-113] binding component instance 'SPICR_1_SPE_AX2S_2' to cell 'FDR' [/home/chethana/XILINX/New_IP_Accelerator/terrain_robot_hardware/terrain_robot_hardware.gen/sources_1/bd/design_1/ipshared/63ec/hdl/axi_quad_spi_v3_2_rfs.vhd:15644]
	Parameter INIT bound to: 1'b0 
INFO: [Synth 8-113] binding component instance 'SPICR_2_MST_N_SLV_AX2S_1_CDC' to cell 'FDR' [/home/chethana/XILINX/New_IP_Accelerator/terrain_robot_hardware/terrain_robot_hardware.gen/sources_1/bd/design_1/ipshared/63ec/hdl/axi_quad_spi_v3_2_rfs.vhd:15655]
	Parameter INIT bound to: 1'b0 
INFO: [Synth 8-113] binding component instance 'SPICR_2_MST_N_SLV_AX2S_2' to cell 'FDR' [/home/chethana/XILINX/New_IP_Accelerator/terrain_robot_hardware/terrain_robot_hardware.gen/sources_1/bd/design_1/ipshared/63ec/hdl/axi_quad_spi_v3_2_rfs.vhd:15663]
	Parameter INIT bound to: 1'b0 
INFO: [Synth 8-113] binding component instance 'SPICR_3_CPOL_AX2S_1_CDC' to cell 'FDR' [/home/chethana/XILINX/New_IP_Accelerator/terrain_robot_hardware/terrain_robot_hardware.gen/sources_1/bd/design_1/ipshared/63ec/hdl/axi_quad_spi_v3_2_rfs.vhd:15674]
	Parameter INIT bound to: 1'b0 
INFO: [Synth 8-113] binding component instance 'SPICR_3_CPOL_AX2S_2' to cell 'FDR' [/home/chethana/XILINX/New_IP_Accelerator/terrain_robot_hardware/terrain_robot_hardware.gen/sources_1/bd/design_1/ipshared/63ec/hdl/axi_quad_spi_v3_2_rfs.vhd:15682]
	Parameter INIT bound to: 1'b0 
INFO: [Synth 8-113] binding component instance 'SPICR_4_CPHA_AX2S_1_CDC' to cell 'FDR' [/home/chethana/XILINX/New_IP_Accelerator/terrain_robot_hardware/terrain_robot_hardware.gen/sources_1/bd/design_1/ipshared/63ec/hdl/axi_quad_spi_v3_2_rfs.vhd:15693]
	Parameter INIT bound to: 1'b0 
INFO: [Synth 8-113] binding component instance 'SPICR_4_CPHA_AX2S_2' to cell 'FDR' [/home/chethana/XILINX/New_IP_Accelerator/terrain_robot_hardware/terrain_robot_hardware.gen/sources_1/bd/design_1/ipshared/63ec/hdl/axi_quad_spi_v3_2_rfs.vhd:15701]
	Parameter INIT bound to: 1'b0 
INFO: [Synth 8-113] binding component instance 'SPICR_5_TXFIFO_AX2S_1_CDC' to cell 'FDR' [/home/chethana/XILINX/New_IP_Accelerator/terrain_robot_hardware/terrain_robot_hardware.gen/sources_1/bd/design_1/ipshared/63ec/hdl/axi_quad_spi_v3_2_rfs.vhd:15712]
	Parameter INIT bound to: 1'b0 
INFO: [Synth 8-113] binding component instance 'SPICR_5_TXFIFO_AX2S_2' to cell 'FDR' [/home/chethana/XILINX/New_IP_Accelerator/terrain_robot_hardware/terrain_robot_hardware.gen/sources_1/bd/design_1/ipshared/63ec/hdl/axi_quad_spi_v3_2_rfs.vhd:15720]
	Parameter INIT bound to: 1'b0 
INFO: [Synth 8-113] binding component instance 'SPICR_6_RXFIFO_RST_AX2S_1_CDC' to cell 'FDR' [/home/chethana/XILINX/New_IP_Accelerator/terrain_robot_hardware/terrain_robot_hardware.gen/sources_1/bd/design_1/ipshared/63ec/hdl/axi_quad_spi_v3_2_rfs.vhd:15731]
	Parameter INIT bound to: 1'b0 
INFO: [Synth 8-113] binding component instance 'SPICR_6_RXFIFO_RST_AX2S_2' to cell 'FDR' [/home/chethana/XILINX/New_IP_Accelerator/terrain_robot_hardware/terrain_robot_hardware.gen/sources_1/bd/design_1/ipshared/63ec/hdl/axi_quad_spi_v3_2_rfs.vhd:15739]
	Parameter INIT bound to: 1'b1 
INFO: [Synth 8-113] binding component instance 'SPICR_7_SS_AX2S_1_CDC' to cell 'FDR' [/home/chethana/XILINX/New_IP_Accelerator/terrain_robot_hardware/terrain_robot_hardware.gen/sources_1/bd/design_1/ipshared/63ec/hdl/axi_quad_spi_v3_2_rfs.vhd:15750]
	Parameter INIT bound to: 1'b1 
INFO: [Synth 8-113] binding component instance 'SPICR_7_SS_AX2S_2' to cell 'FDR' [/home/chethana/XILINX/New_IP_Accelerator/terrain_robot_hardware/terrain_robot_hardware.gen/sources_1/bd/design_1/ipshared/63ec/hdl/axi_quad_spi_v3_2_rfs.vhd:15758]
	Parameter INIT bound to: 1'b1 
INFO: [Synth 8-113] binding component instance 'SPICR_8_TR_INHIBIT_AX2S_1_CDC' to cell 'FDR' [/home/chethana/XILINX/New_IP_Accelerator/terrain_robot_hardware/terrain_robot_hardware.gen/sources_1/bd/design_1/ipshared/63ec/hdl/axi_quad_spi_v3_2_rfs.vhd:15769]
	Parameter INIT bound to: 1'b1 
INFO: [Synth 8-113] binding component instance 'SPICR_8_TR_INHIBIT_AX2S_2' to cell 'FDR' [/home/chethana/XILINX/New_IP_Accelerator/terrain_robot_hardware/terrain_robot_hardware.gen/sources_1/bd/design_1/ipshared/63ec/hdl/axi_quad_spi_v3_2_rfs.vhd:15777]
	Parameter INIT bound to: 1'b0 
INFO: [Synth 8-113] binding component instance 'SPICR_9_LSB_AX2S_1_CDC' to cell 'FDR' [/home/chethana/XILINX/New_IP_Accelerator/terrain_robot_hardware/terrain_robot_hardware.gen/sources_1/bd/design_1/ipshared/63ec/hdl/axi_quad_spi_v3_2_rfs.vhd:15788]
	Parameter INIT bound to: 1'b0 
INFO: [Synth 8-113] binding component instance 'SPICR_9_LSB_AX2S_2' to cell 'FDR' [/home/chethana/XILINX/New_IP_Accelerator/terrain_robot_hardware/terrain_robot_hardware.gen/sources_1/bd/design_1/ipshared/63ec/hdl/axi_quad_spi_v3_2_rfs.vhd:15796]
	Parameter INIT bound to: 1'b0 
INFO: [Synth 8-113] binding component instance 'SPICR_BITS_7_8_AX2S_1_CDC' to cell 'FDR' [/home/chethana/XILINX/New_IP_Accelerator/terrain_robot_hardware/terrain_robot_hardware.gen/sources_1/bd/design_1/ipshared/63ec/hdl/axi_quad_spi_v3_2_rfs.vhd:15812]
	Parameter INIT bound to: 1'b0 
INFO: [Synth 8-113] binding component instance 'SPICR_BITS_7_8_AX2S_2' to cell 'FDR' [/home/chethana/XILINX/New_IP_Accelerator/terrain_robot_hardware/terrain_robot_hardware.gen/sources_1/bd/design_1/ipshared/63ec/hdl/axi_quad_spi_v3_2_rfs.vhd:15820]
	Parameter INIT bound to: 1'b0 
INFO: [Synth 8-113] binding component instance 'SPICR_BITS_7_8_AX2S_1_CDC' to cell 'FDR' [/home/chethana/XILINX/New_IP_Accelerator/terrain_robot_hardware/terrain_robot_hardware.gen/sources_1/bd/design_1/ipshared/63ec/hdl/axi_quad_spi_v3_2_rfs.vhd:15812]
	Parameter INIT bound to: 1'b0 
INFO: [Synth 8-113] binding component instance 'SPICR_BITS_7_8_AX2S_2' to cell 'FDR' [/home/chethana/XILINX/New_IP_Accelerator/terrain_robot_hardware/terrain_robot_hardware.gen/sources_1/bd/design_1/ipshared/63ec/hdl/axi_quad_spi_v3_2_rfs.vhd:15820]
	Parameter INIT bound to: 1'b0 
INFO: [Synth 8-113] binding component instance 'SR_3_MODF_AX2S_1_CDC' to cell 'FDR' [/home/chethana/XILINX/New_IP_Accelerator/terrain_robot_hardware/terrain_robot_hardware.gen/sources_1/bd/design_1/ipshared/63ec/hdl/axi_quad_spi_v3_2_rfs.vhd:15833]
	Parameter INIT bound to: 1'b0 
INFO: [Synth 8-113] binding component instance 'SR_3_MODF_AX2S_2' to cell 'FDR' [/home/chethana/XILINX/New_IP_Accelerator/terrain_robot_hardware/terrain_robot_hardware.gen/sources_1/bd/design_1/ipshared/63ec/hdl/axi_quad_spi_v3_2_rfs.vhd:15841]
	Parameter INIT bound to: 1'b1 
INFO: [Synth 8-113] binding component instance 'SPISSR_AX2S_1_CDC' to cell 'FDR' [/home/chethana/XILINX/New_IP_Accelerator/terrain_robot_hardware/terrain_robot_hardware.gen/sources_1/bd/design_1/ipshared/63ec/hdl/axi_quad_spi_v3_2_rfs.vhd:15858]
	Parameter INIT bound to: 1'b1 
INFO: [Synth 8-113] binding component instance 'SPISSR_SYNC_AXI_2_SPI_2' to cell 'FDR' [/home/chethana/XILINX/New_IP_Accelerator/terrain_robot_hardware/terrain_robot_hardware.gen/sources_1/bd/design_1/ipshared/63ec/hdl/axi_quad_spi_v3_2_rfs.vhd:15866]
	Parameter INIT bound to: 1'b0 
INFO: [Synth 8-113] binding component instance 'DRR_OVERRUN_S2AX_1_CDC' to cell 'FDR' [/home/chethana/XILINX/New_IP_Accelerator/terrain_robot_hardware/terrain_robot_hardware.gen/sources_1/bd/design_1/ipshared/63ec/hdl/axi_quad_spi_v3_2_rfs.vhd:15891]
	Parameter INIT bound to: 1'b0 
INFO: [Synth 8-113] binding component instance 'DRR_OVERRUN_S2AX_2' to cell 'FDR' [/home/chethana/XILINX/New_IP_Accelerator/terrain_robot_hardware/terrain_robot_hardware.gen/sources_1/bd/design_1/ipshared/63ec/hdl/axi_quad_spi_v3_2_rfs.vhd:15899]
	Parameter INIT bound to: 1'b0 
INFO: [Synth 8-113] binding component instance 'DRR_OVERRUN_S2AX_3' to cell 'FDR' [/home/chethana/XILINX/New_IP_Accelerator/terrain_robot_hardware/terrain_robot_hardware.gen/sources_1/bd/design_1/ipshared/63ec/hdl/axi_quad_spi_v3_2_rfs.vhd:15907]
INFO: [Synth 8-256] done synthesizing module 'cross_clk_sync_fifo_1' (11#1) [/home/chethana/XILINX/New_IP_Accelerator/terrain_robot_hardware/terrain_robot_hardware.gen/sources_1/bd/design_1/ipshared/63ec/hdl/axi_quad_spi_v3_2_rfs.vhd:14941]
	Parameter CDC_SYNC_STAGES bound to: 2 - type: integer 
	Parameter DOUT_RESET_VALUE bound to: 0 - type: string 
	Parameter ECC_MODE bound to: no_ecc - type: string 
	Parameter FIFO_MEMORY_TYPE bound to: auto - type: string 
	Parameter FIFO_READ_LATENCY bound to: 0 - type: integer 
	Parameter FIFO_WRITE_DEPTH bound to: 16 - type: integer 
	Parameter FULL_RESET_VALUE bound to: 0 - type: integer 
	Parameter PROG_EMPTY_THRESH bound to: 10 - type: integer 
	Parameter PROG_FULL_THRESH bound to: 10 - type: integer 
	Parameter RD_DATA_COUNT_WIDTH bound to: 5 - type: integer 
	Parameter READ_DATA_WIDTH bound to: 16 - type: integer 
	Parameter READ_MODE bound to: fwft - type: string 
	Parameter RELATED_CLOCKS bound to: 0 - type: integer 
	Parameter USE_ADV_FEATURES bound to: 1f1f - type: string 
	Parameter WAKEUP_TIME bound to: 0 - type: integer 
	Parameter WRITE_DATA_WIDTH bound to: 16 - type: integer 
	Parameter WR_DATA_COUNT_WIDTH bound to: 5 - type: integer 
INFO: [Synth 8-3491] module 'xpm_fifo_async' declared at '/tools/Xilinx/Vivado/2020.2/data/ip/xpm/xpm_fifo/hdl/xpm_fifo.sv:2142' bound to instance 'RX_FIFO_II' of component 'xpm_fifo_async' [/home/chethana/XILINX/New_IP_Accelerator/terrain_robot_hardware/terrain_robot_hardware.gen/sources_1/bd/design_1/ipshared/63ec/hdl/axi_quad_spi_v3_2_rfs.vhd:21041]
INFO: [Synth 8-6157] synthesizing module 'xpm_fifo_async' [/tools/Xilinx/Vivado/2020.2/data/ip/xpm/xpm_fifo/hdl/xpm_fifo.sv:2142]
	Parameter FIFO_MEMORY_TYPE bound to: auto - type: string 
	Parameter ECC_MODE bound to: no_ecc - type: string 
	Parameter RELATED_CLOCKS bound to: 0 - type: integer 
	Parameter SIM_ASSERT_CHK bound to: 0 - type: integer 
	Parameter CASCADE_HEIGHT bound to: 0 - type: integer 
	Parameter FIFO_WRITE_DEPTH bound to: 16 - type: integer 
	Parameter WRITE_DATA_WIDTH bound to: 16 - type: integer 
	Parameter WR_DATA_COUNT_WIDTH bound to: 5 - type: integer 
	Parameter PROG_FULL_THRESH bound to: 10 - type: integer 
	Parameter FULL_RESET_VALUE bound to: 0 - type: integer 
	Parameter USE_ADV_FEATURES bound to: 1f1f - type: string 
	Parameter READ_MODE bound to: fwft - type: string 
	Parameter FIFO_READ_LATENCY bound to: 0 - type: integer 
	Parameter READ_DATA_WIDTH bound to: 16 - type: integer 
	Parameter RD_DATA_COUNT_WIDTH bound to: 5 - type: integer 
	Parameter PROG_EMPTY_THRESH bound to: 10 - type: integer 
	Parameter DOUT_RESET_VALUE bound to: 0 - type: string 
	Parameter CDC_SYNC_STAGES bound to: 2 - type: integer 
	Parameter WAKEUP_TIME bound to: 0 - type: integer 
	Parameter EN_ADV_FEATURE_ASYNC bound to: 16'b0001111100011111 
	Parameter P_FIFO_MEMORY_TYPE bound to: 0 - type: integer 
	Parameter P_COMMON_CLOCK bound to: 0 - type: integer 
	Parameter P_ECC_MODE bound to: 0 - type: integer 
	Parameter P_READ_MODE bound to: 1 - type: integer 
	Parameter P_WAKEUP_TIME bound to: 2 - type: integer 
INFO: [Synth 8-6157] synthesizing module 'xpm_fifo_base' [/tools/Xilinx/Vivado/2020.2/data/ip/xpm/xpm_fifo/hdl/xpm_fifo.sv:56]
	Parameter COMMON_CLOCK bound to: 0 - type: integer 
	Parameter RELATED_CLOCKS bound to: 0 - type: integer 
	Parameter FIFO_MEMORY_TYPE bound to: 0 - type: integer 
	Parameter ECC_MODE bound to: 0 - type: integer 
	Parameter SIM_ASSERT_CHK bound to: 0 - type: integer 
	Parameter CASCADE_HEIGHT bound to: 0 - type: integer 
	Parameter FIFO_WRITE_DEPTH bound to: 16 - type: integer 
	Parameter WRITE_DATA_WIDTH bound to: 16 - type: integer 
	Parameter WR_DATA_COUNT_WIDTH bound to: 5 - type: integer 
	Parameter PROG_FULL_THRESH bound to: 10 - type: integer 
	Parameter USE_ADV_FEATURES bound to: 1f1f - type: string 
	Parameter READ_MODE bound to: 1 - type: integer 
	Parameter FIFO_READ_LATENCY bound to: 0 - type: integer 
	Parameter READ_DATA_WIDTH bound to: 16 - type: integer 
	Parameter RD_DATA_COUNT_WIDTH bound to: 5 - type: integer 
	Parameter PROG_EMPTY_THRESH bound to: 10 - type: integer 
	Parameter DOUT_RESET_VALUE bound to: 0 - type: string 
	Parameter CDC_DEST_SYNC_FF bound to: 2 - type: integer 
	Parameter FULL_RESET_VALUE bound to: 0 - type: integer 
	Parameter REMOVE_WR_RD_PROT_LOGIC bound to: 0 - type: integer 
	Parameter WAKEUP_TIME bound to: 0 - type: integer 
	Parameter VERSION bound to: 0 - type: integer 
	Parameter invalid bound to: 0 - type: integer 
	Parameter stage1_valid bound to: 2 - type: integer 
	Parameter stage2_valid bound to: 1 - type: integer 
	Parameter both_stages_valid bound to: 3 - type: integer 
	Parameter FIFO_MEM_TYPE bound to: 0 - type: integer 
	Parameter RD_MODE bound to: 1 - type: integer 
	Parameter ENABLE_ECC bound to: 0 - type: integer 
	Parameter FIFO_READ_DEPTH bound to: 16 - type: integer 
	Parameter FIFO_SIZE bound to: 256 - type: integer 
	Parameter WR_WIDTH_LOG bound to: 4 - type: integer 
	Parameter WR_DEPTH_LOG bound to: 4 - type: integer 
	Parameter WR_PNTR_WIDTH bound to: 4 - type: integer 
	Parameter RD_PNTR_WIDTH bound to: 4 - type: integer 
	Parameter FULL_RST_VAL bound to: 1'b0 
	Parameter WR_RD_RATIO bound to: 0 - type: integer 
	Parameter READ_MODE_LL bound to: 1 - type: integer 
	Parameter PF_THRESH_ADJ bound to: 8 - type: integer 
	Parameter PE_THRESH_ADJ bound to: 8 - type: integer 
	Parameter PF_THRESH_MIN bound to: 7 - type: integer 
	Parameter PF_THRESH_MAX bound to: 11 - type: integer 
	Parameter PE_THRESH_MIN bound to: 5 - type: integer 
	Parameter PE_THRESH_MAX bound to: 11 - type: integer 
	Parameter WR_DC_WIDTH_EXT bound to: 5 - type: integer 
	Parameter RD_DC_WIDTH_EXT bound to: 5 - type: integer 
	Parameter RD_LATENCY bound to: 2 - type: integer 
	Parameter WIDTH_RATIO bound to: 1 - type: integer 
	Parameter EN_ADV_FEATURE bound to: 16'b0001111100011111 
	Parameter EN_OF bound to: 1'b1 
	Parameter EN_PF bound to: 1'b1 
	Parameter EN_WDC bound to: 1'b1 
	Parameter EN_AF bound to: 1'b1 
	Parameter EN_WACK bound to: 1'b1 
	Parameter FG_EQ_ASYM_DOUT bound to: 1'b0 
	Parameter EN_UF bound to: 1'b1 
	Parameter EN_PE bound to: 1'b1 
	Parameter EN_RDC bound to: 1'b1 
	Parameter EN_AE bound to: 1'b1 
	Parameter EN_DVLD bound to: 1'b1 
INFO: [Synth 8-6157] synthesizing module 'xpm_counter_updn' [/tools/Xilinx/Vivado/2020.2/data/ip/xpm/xpm_fifo/hdl/xpm_fifo.sv:1854]
	Parameter COUNTER_WIDTH bound to: 4 - type: integer 
	Parameter RESET_VALUE bound to: 3 - type: integer 
INFO: [Synth 8-6155] done synthesizing module 'xpm_counter_updn' (12#1) [/tools/Xilinx/Vivado/2020.2/data/ip/xpm/xpm_fifo/hdl/xpm_fifo.sv:1854]
INFO: [Synth 8-6157] synthesizing module 'xpm_counter_updn__parameterized0' [/tools/Xilinx/Vivado/2020.2/data/ip/xpm/xpm_fifo/hdl/xpm_fifo.sv:1854]
	Parameter COUNTER_WIDTH bound to: 4 - type: integer 
	Parameter RESET_VALUE bound to: 2 - type: integer 
INFO: [Synth 8-6155] done synthesizing module 'xpm_counter_updn__parameterized0' (12#1) [/tools/Xilinx/Vivado/2020.2/data/ip/xpm/xpm_fifo/hdl/xpm_fifo.sv:1854]
INFO: [Synth 8-6157] synthesizing module 'xpm_memory_base' [/tools/Xilinx/Vivado/2020.2/data/ip/xpm/xpm_memory/hdl/xpm_memory.sv:57]
	Parameter MEMORY_TYPE bound to: 1 - type: integer 
	Parameter MEMORY_SIZE bound to: 256 - type: integer 
	Parameter MEMORY_PRIMITIVE bound to: 0 - type: integer 
	Parameter CLOCKING_MODE bound to: 1 - type: integer 
	Parameter ECC_MODE bound to: 0 - type: integer 
	Parameter MEMORY_INIT_FILE bound to: none - type: string 
	Parameter MEMORY_INIT_PARAM bound to: (null) - type: string 
	Parameter USE_MEM_INIT_MMI bound to: 0 - type: integer 
	Parameter USE_MEM_INIT bound to: 0 - type: integer 
	Parameter MEMORY_OPTIMIZATION bound to: true - type: string 
	Parameter WAKEUP_TIME bound to: 0 - type: integer 
	Parameter AUTO_SLEEP_TIME bound to: 0 - type: integer 
	Parameter MESSAGE_CONTROL bound to: 0 - type: integer 
	Parameter VERSION bound to: 0 - type: integer 
	Parameter USE_EMBEDDED_CONSTRAINT bound to: 0 - type: integer 
	Parameter CASCADE_HEIGHT bound to: 0 - type: integer 
	Parameter SIM_ASSERT_CHK bound to: 0 - type: integer 
	Parameter WRITE_PROTECT bound to: 1 - type: integer 
	Parameter WRITE_DATA_WIDTH_A bound to: 16 - type: integer 
	Parameter READ_DATA_WIDTH_A bound to: 16 - type: integer 
	Parameter BYTE_WRITE_WIDTH_A bound to: 16 - type: integer 
	Parameter ADDR_WIDTH_A bound to: 4 - type: integer 
	Parameter READ_RESET_VALUE_A bound to: 0 - type: string 
	Parameter READ_LATENCY_A bound to: 2 - type: integer 
	Parameter WRITE_MODE_A bound to: 2 - type: integer 
	Parameter RST_MODE_A bound to: SYNC - type: string 
	Parameter WRITE_DATA_WIDTH_B bound to: 16 - type: integer 
	Parameter READ_DATA_WIDTH_B bound to: 16 - type: integer 
	Parameter BYTE_WRITE_WIDTH_B bound to: 16 - type: integer 
	Parameter ADDR_WIDTH_B bound to: 4 - type: integer 
	Parameter READ_RESET_VALUE_B bound to: 0 - type: string 
	Parameter READ_LATENCY_B bound to: 2 - type: integer 
	Parameter WRITE_MODE_B bound to: 2 - type: integer 
	Parameter RST_MODE_B bound to: SYNC - type: string 
	Parameter P_MEMORY_PRIMITIVE bound to: auto - type: string 
	Parameter P_MIN_WIDTH_DATA_A bound to: 16 - type: integer 
	Parameter P_MIN_WIDTH_DATA_B bound to: 16 - type: integer 
	Parameter P_MIN_WIDTH_DATA bound to: 16 - type: integer 
	Parameter P_MIN_WIDTH_DATA_ECC bound to: 16 - type: integer 
	Parameter P_MAX_DEPTH_DATA bound to: 16 - type: integer 
	Parameter P_ECC_MODE bound to: no_ecc - type: string 
	Parameter P_MEMORY_OPT bound to: yes - type: string 
	Parameter P_WIDTH_COL_WRITE_A bound to: 16 - type: integer 
	Parameter P_WIDTH_COL_WRITE_B bound to: 16 - type: integer 
	Parameter P_NUM_COLS_WRITE_A bound to: 1 - type: integer 
	Parameter P_NUM_COLS_WRITE_B bound to: 1 - type: integer 
	Parameter P_NUM_ROWS_WRITE_A bound to: 1 - type: integer 
	Parameter P_NUM_ROWS_WRITE_B bound to: 1 - type: integer 
	Parameter P_NUM_ROWS_READ_A bound to: 1 - type: integer 
	Parameter P_NUM_ROWS_READ_B bound to: 1 - type: integer 
	Parameter P_WIDTH_ADDR_WRITE_A bound to: 4 - type: integer 
	Parameter P_WIDTH_ADDR_WRITE_B bound to: 4 - type: integer 
	Parameter P_WIDTH_ADDR_READ_A bound to: 4 - type: integer 
	Parameter P_WIDTH_ADDR_READ_B bound to: 4 - type: integer 
	Parameter P_WIDTH_ADDR_LSB_WRITE_A bound to: 0 - type: integer 
	Parameter P_WIDTH_ADDR_LSB_WRITE_B bound to: 0 - type: integer 
	Parameter P_WIDTH_ADDR_LSB_READ_A bound to: 0 - type: integer 
	Parameter P_WIDTH_ADDR_LSB_READ_B bound to: 0 - type: integer 
	Parameter P_ENABLE_BYTE_WRITE_A bound to: 0 - type: integer 
	Parameter P_ENABLE_BYTE_WRITE_B bound to: 0 - type: integer 
	Parameter P_SDP_WRITE_MODE bound to: yes - type: string 
	Parameter rsta_loop_iter bound to: 16 - type: integer 
	Parameter rstb_loop_iter bound to: 16 - type: integer 
	Parameter NUM_CHAR_LOC bound to: 0 - type: integer 
	Parameter MAX_NUM_CHAR bound to: 0 - type: integer 
	Parameter P_MIN_WIDTH_DATA_SHFT bound to: 16 - type: integer 
	Parameter P_MIN_WIDTH_DATA_LDW bound to: 4 - type: integer 
INFO: [Synth 8-6059] Synth Info: [XPM_MEMORY 20-1] MEMORY_PRIMITIVE (0) instructs Vivado Synthesis to choose the memory primitive type. Depending on their values, other XPM_MEMORY parameters may preclude the choice of certain memory primitive types. Review XPM_MEMORY documentation and parameter values to understand any limitations, or set MEMORY_PRIMITIVE to a different value.   [/tools/Xilinx/Vivado/2020.2/data/ip/xpm/xpm_memory/hdl/xpm_memory.sv:488]
INFO: [Synth 8-6155] done synthesizing module 'xpm_memory_base' (13#1) [/tools/Xilinx/Vivado/2020.2/data/ip/xpm/xpm_memory/hdl/xpm_memory.sv:57]
INFO: [Synth 8-6157] synthesizing module 'xpm_cdc_gray' [/tools/Xilinx/Vivado/2020.2/data/ip/xpm/xpm_cdc/hdl/xpm_cdc.sv:284]
	Parameter DEST_SYNC_FF bound to: 2 - type: integer 
	Parameter INIT_SYNC_FF bound to: 1 - type: integer 
	Parameter REG_OUTPUT bound to: 0 - type: integer 
	Parameter SIM_ASSERT_CHK bound to: 0 - type: integer 
	Parameter SIM_LOSSLESS_GRAY_CHK bound to: 0 - type: integer 
	Parameter VERSION bound to: 0 - type: integer 
	Parameter WIDTH bound to: 4 - type: integer 
INFO: [Synth 8-6155] done synthesizing module 'xpm_cdc_gray' (14#1) [/tools/Xilinx/Vivado/2020.2/data/ip/xpm/xpm_cdc/hdl/xpm_cdc.sv:284]
INFO: [Synth 8-6157] synthesizing module 'xpm_fifo_reg_vec' [/tools/Xilinx/Vivado/2020.2/data/ip/xpm/xpm_fifo/hdl/xpm_fifo.sv:1880]
	Parameter REG_WIDTH bound to: 4 - type: integer 
INFO: [Synth 8-6155] done synthesizing module 'xpm_fifo_reg_vec' (15#1) [/tools/Xilinx/Vivado/2020.2/data/ip/xpm/xpm_fifo/hdl/xpm_fifo.sv:1880]
INFO: [Synth 8-6157] synthesizing module 'xpm_cdc_gray__parameterized0' [/tools/Xilinx/Vivado/2020.2/data/ip/xpm/xpm_cdc/hdl/xpm_cdc.sv:284]
	Parameter DEST_SYNC_FF bound to: 4 - type: integer 
	Parameter INIT_SYNC_FF bound to: 1 - type: integer 
	Parameter REG_OUTPUT bound to: 0 - type: integer 
	Parameter SIM_ASSERT_CHK bound to: 0 - type: integer 
	Parameter SIM_LOSSLESS_GRAY_CHK bound to: 0 - type: integer 
	Parameter VERSION bound to: 0 - type: integer 
	Parameter WIDTH bound to: 5 - type: integer 
INFO: [Synth 8-6155] done synthesizing module 'xpm_cdc_gray__parameterized0' (15#1) [/tools/Xilinx/Vivado/2020.2/data/ip/xpm/xpm_cdc/hdl/xpm_cdc.sv:284]
INFO: [Synth 8-6157] synthesizing module 'xpm_fifo_reg_vec__parameterized0' [/tools/Xilinx/Vivado/2020.2/data/ip/xpm/xpm_fifo/hdl/xpm_fifo.sv:1880]
	Parameter REG_WIDTH bound to: 5 - type: integer 
INFO: [Synth 8-6155] done synthesizing module 'xpm_fifo_reg_vec__parameterized0' (15#1) [/tools/Xilinx/Vivado/2020.2/data/ip/xpm/xpm_fifo/hdl/xpm_fifo.sv:1880]
INFO: [Synth 8-6157] synthesizing module 'xpm_cdc_gray__parameterized1' [/tools/Xilinx/Vivado/2020.2/data/ip/xpm/xpm_cdc/hdl/xpm_cdc.sv:284]
	Parameter DEST_SYNC_FF bound to: 2 - type: integer 
	Parameter INIT_SYNC_FF bound to: 1 - type: integer 
	Parameter REG_OUTPUT bound to: 0 - type: integer 
	Parameter SIM_ASSERT_CHK bound to: 0 - type: integer 
	Parameter SIM_LOSSLESS_GRAY_CHK bound to: 0 - type: integer 
	Parameter VERSION bound to: 0 - type: integer 
	Parameter WIDTH bound to: 5 - type: integer 
INFO: [Synth 8-6155] done synthesizing module 'xpm_cdc_gray__parameterized1' (15#1) [/tools/Xilinx/Vivado/2020.2/data/ip/xpm/xpm_cdc/hdl/xpm_cdc.sv:284]
INFO: [Synth 8-226] default block is never used [/tools/Xilinx/Vivado/2020.2/data/ip/xpm/xpm_fifo/hdl/xpm_fifo.sv:1204]
INFO: [Synth 8-226] default block is never used [/tools/Xilinx/Vivado/2020.2/data/ip/xpm/xpm_fifo/hdl/xpm_fifo.sv:1271]
INFO: [Synth 8-226] default block is never used [/tools/Xilinx/Vivado/2020.2/data/ip/xpm/xpm_fifo/hdl/xpm_fifo.sv:1293]
INFO: [Synth 8-6157] synthesizing module 'xpm_fifo_reg_bit' [/tools/Xilinx/Vivado/2020.2/data/ip/xpm/xpm_fifo/hdl/xpm_fifo.sv:1902]
	Parameter RST_VALUE bound to: 0 - type: integer 
INFO: [Synth 8-6155] done synthesizing module 'xpm_fifo_reg_bit' (16#1) [/tools/Xilinx/Vivado/2020.2/data/ip/xpm/xpm_fifo/hdl/xpm_fifo.sv:1902]
INFO: [Synth 8-6157] synthesizing module 'xpm_counter_updn__parameterized1' [/tools/Xilinx/Vivado/2020.2/data/ip/xpm/xpm_fifo/hdl/xpm_fifo.sv:1854]
	Parameter COUNTER_WIDTH bound to: 2 - type: integer 
	Parameter RESET_VALUE bound to: 0 - type: integer 
INFO: [Synth 8-6155] done synthesizing module 'xpm_counter_updn__parameterized1' (16#1) [/tools/Xilinx/Vivado/2020.2/data/ip/xpm/xpm_fifo/hdl/xpm_fifo.sv:1854]
INFO: [Synth 8-6157] synthesizing module 'xpm_fifo_rst' [/tools/Xilinx/Vivado/2020.2/data/ip/xpm/xpm_fifo/hdl/xpm_fifo.sv:1618]
	Parameter COMMON_CLOCK bound to: 0 - type: integer 
	Parameter CDC_DEST_SYNC_FF bound to: 2 - type: integer 
	Parameter SIM_ASSERT_CHK bound to: 0 - type: integer 
INFO: [Synth 8-6157] synthesizing module 'xpm_cdc_sync_rst' [/tools/Xilinx/Vivado/2020.2/data/ip/xpm/xpm_cdc/hdl/xpm_cdc.sv:1059]
	Parameter DEST_SYNC_FF bound to: 2 - type: integer 
	Parameter INIT bound to: 32'sb00000000000000000000000000000000 
	Parameter INIT_SYNC_FF bound to: 1 - type: integer 
	Parameter SIM_ASSERT_CHK bound to: 0 - type: integer 
	Parameter VERSION bound to: 0 - type: integer 
	Parameter DEF_VAL bound to: 1'b0 
INFO: [Synth 8-6155] done synthesizing module 'xpm_cdc_sync_rst' (17#1) [/tools/Xilinx/Vivado/2020.2/data/ip/xpm/xpm_cdc/hdl/xpm_cdc.sv:1059]
INFO: [Synth 8-6155] done synthesizing module 'xpm_fifo_rst' (18#1) [/tools/Xilinx/Vivado/2020.2/data/ip/xpm/xpm_fifo/hdl/xpm_fifo.sv:1618]
INFO: [Synth 8-6157] synthesizing module 'xpm_counter_updn__parameterized2' [/tools/Xilinx/Vivado/2020.2/data/ip/xpm/xpm_fifo/hdl/xpm_fifo.sv:1854]
	Parameter COUNTER_WIDTH bound to: 5 - type: integer 
	Parameter RESET_VALUE bound to: 0 - type: integer 
INFO: [Synth 8-6155] done synthesizing module 'xpm_counter_updn__parameterized2' (18#1) [/tools/Xilinx/Vivado/2020.2/data/ip/xpm/xpm_fifo/hdl/xpm_fifo.sv:1854]
INFO: [Synth 8-6157] synthesizing module 'xpm_counter_updn__parameterized3' [/tools/Xilinx/Vivado/2020.2/data/ip/xpm/xpm_fifo/hdl/xpm_fifo.sv:1854]
	Parameter COUNTER_WIDTH bound to: 4 - type: integer 
	Parameter RESET_VALUE bound to: 1 - type: integer 
INFO: [Synth 8-6155] done synthesizing module 'xpm_counter_updn__parameterized3' (18#1) [/tools/Xilinx/Vivado/2020.2/data/ip/xpm/xpm_fifo/hdl/xpm_fifo.sv:1854]
INFO: [Synth 8-6155] done synthesizing module 'xpm_fifo_base' (19#1) [/tools/Xilinx/Vivado/2020.2/data/ip/xpm/xpm_fifo/hdl/xpm_fifo.sv:56]
INFO: [Synth 8-6155] done synthesizing module 'xpm_fifo_async' (20#1) [/tools/Xilinx/Vivado/2020.2/data/ip/xpm/xpm_fifo/hdl/xpm_fifo.sv:2142]
INFO: [Synth 8-638] synthesizing module 'cdc_sync__parameterized0' [/home/chethana/XILINX/New_IP_Accelerator/terrain_robot_hardware/terrain_robot_hardware.gen/sources_1/bd/design_1/ipshared/ef1e/hdl/lib_cdc_v1_0_rfs.vhd:106]
	Parameter C_CDC_TYPE bound to: 1 - type: integer 
	Parameter C_RESET_STATE bound to: 0 - type: integer 
	Parameter C_SINGLE_BIT bound to: 1 - type: integer 
	Parameter C_FLOP_INPUT bound to: 0 - type: integer 
	Parameter C_VECTOR_WIDTH bound to: 1 - type: integer 
	Parameter C_MTBF_STAGES bound to: 2 - type: integer 
	Parameter INIT bound to: 1'b0 
INFO: [Synth 8-113] binding component instance 'CROSS_PLEVEL_IN2SCNDRY_IN_cdc_to' to cell 'FDR' [/home/chethana/XILINX/New_IP_Accelerator/terrain_robot_hardware/terrain_robot_hardware.gen/sources_1/bd/design_1/ipshared/ef1e/hdl/lib_cdc_v1_0_rfs.vhd:514]
	Parameter INIT bound to: 1'b0 
INFO: [Synth 8-113] binding component instance 'CROSS_PLEVEL_IN2SCNDRY_s_level_out_d2' to cell 'FDR' [/home/chethana/XILINX/New_IP_Accelerator/terrain_robot_hardware/terrain_robot_hardware.gen/sources_1/bd/design_1/ipshared/ef1e/hdl/lib_cdc_v1_0_rfs.vhd:545]
	Parameter INIT bound to: 1'b0 
INFO: [Synth 8-113] binding component instance 'CROSS_PLEVEL_IN2SCNDRY_s_level_out_d3' to cell 'FDR' [/home/chethana/XILINX/New_IP_Accelerator/terrain_robot_hardware/terrain_robot_hardware.gen/sources_1/bd/design_1/ipshared/ef1e/hdl/lib_cdc_v1_0_rfs.vhd:554]
	Parameter INIT bound to: 1'b0 
INFO: [Synth 8-113] binding component instance 'CROSS_PLEVEL_IN2SCNDRY_s_level_out_d4' to cell 'FDR' [/home/chethana/XILINX/New_IP_Accelerator/terrain_robot_hardware/terrain_robot_hardware.gen/sources_1/bd/design_1/ipshared/ef1e/hdl/lib_cdc_v1_0_rfs.vhd:564]
	Parameter INIT bound to: 1'b0 
INFO: [Synth 8-113] binding component instance 'CROSS_PLEVEL_IN2SCNDRY_s_level_out_d5' to cell 'FDR' [/home/chethana/XILINX/New_IP_Accelerator/terrain_robot_hardware/terrain_robot_hardware.gen/sources_1/bd/design_1/ipshared/ef1e/hdl/lib_cdc_v1_0_rfs.vhd:574]
	Parameter INIT bound to: 1'b0 
INFO: [Synth 8-113] binding component instance 'CROSS_PLEVEL_IN2SCNDRY_s_level_out_d6' to cell 'FDR' [/home/chethana/XILINX/New_IP_Accelerator/terrain_robot_hardware/terrain_robot_hardware.gen/sources_1/bd/design_1/ipshared/ef1e/hdl/lib_cdc_v1_0_rfs.vhd:584]
INFO: [Synth 8-256] done synthesizing module 'cdc_sync__parameterized0' (20#1) [/home/chethana/XILINX/New_IP_Accelerator/terrain_robot_hardware/terrain_robot_hardware.gen/sources_1/bd/design_1/ipshared/ef1e/hdl/lib_cdc_v1_0_rfs.vhd:106]
INFO: [Synth 8-638] synthesizing module 'counter_f' [/home/chethana/XILINX/New_IP_Accelerator/terrain_robot_hardware/terrain_robot_hardware.gen/sources_1/bd/design_1/ipshared/63ec/hdl/axi_quad_spi_v3_2_rfs.vhd:669]
	Parameter C_NUM_BITS bound to: 4 - type: integer 
	Parameter C_FAMILY bound to: nofamily - type: string 
INFO: [Synth 8-256] done synthesizing module 'counter_f' (21#1) [/home/chethana/XILINX/New_IP_Accelerator/terrain_robot_hardware/terrain_robot_hardware.gen/sources_1/bd/design_1/ipshared/63ec/hdl/axi_quad_spi_v3_2_rfs.vhd:669]
INFO: [Synth 8-638] synthesizing module 'async_fifo_fg' [/home/chethana/XILINX/New_IP_Accelerator/terrain_robot_hardware/terrain_robot_hardware.gen/sources_1/bd/design_1/ipshared/a5cb/hdl/lib_fifo_v1_0_rfs.vhd:255]
	Parameter C_ALLOW_2N_DEPTH bound to: 1 - type: integer 
	Parameter C_FAMILY bound to: zynq - type: string 
	Parameter C_DATA_WIDTH bound to: 16 - type: integer 
	Parameter C_ENABLE_RLOCS bound to: 0 - type: integer 
	Parameter C_FIFO_DEPTH bound to: 16 - type: integer 
	Parameter C_HAS_ALMOST_EMPTY bound to: 1 - type: integer 
	Parameter C_HAS_ALMOST_FULL bound to: 1 - type: integer 
	Parameter C_HAS_RD_ACK bound to: 1 - type: integer 
	Parameter C_HAS_RD_COUNT bound to: 1 - type: integer 
	Parameter C_HAS_RD_ERR bound to: 0 - type: integer 
	Parameter C_HAS_WR_ACK bound to: 1 - type: integer 
	Parameter C_HAS_WR_COUNT bound to: 1 - type: integer 
	Parameter C_HAS_WR_ERR bound to: 0 - type: integer 
	Parameter C_EN_SAFETY_CKT bound to: 0 - type: integer 
	Parameter C_RD_ACK_LOW bound to: 0 - type: integer 
	Parameter C_RD_COUNT_WIDTH bound to: 5 - type: integer 
	Parameter C_RD_ERR_LOW bound to: 0 - type: integer 
	Parameter C_USE_EMBEDDED_REG bound to: 0 - type: integer 
	Parameter C_PRELOAD_REGS bound to: 1 - type: integer 
	Parameter C_PRELOAD_LATENCY bound to: 0 - type: integer 
	Parameter C_USE_BLOCKMEM bound to: 0 - type: integer 
	Parameter C_WR_ACK_LOW bound to: 0 - type: integer 
	Parameter C_WR_COUNT_WIDTH bound to: 5 - type: integer 
	Parameter C_WR_ERR_LOW bound to: 0 - type: integer 
	Parameter C_SYNCHRONIZER_STAGE bound to: 2 - type: integer 
	Parameter C_XPM_FIFO bound to: 1 - type: integer 
	Parameter FIFO_MEMORY_TYPE bound to: auto - type: string 
	Parameter FIFO_WRITE_DEPTH bound to: 16 - type: integer 
	Parameter CASCADE_HEIGHT bound to: 0 - type: integer 
	Parameter RELATED_CLOCKS bound to: 0 - type: integer 
	Parameter WRITE_DATA_WIDTH bound to: 16 - type: integer 
	Parameter READ_MODE bound to: fwft - type: string 
	Parameter FIFO_READ_LATENCY bound to: 0 - type: integer 
	Parameter FULL_RESET_VALUE bound to: 1 - type: integer 
	Parameter USE_ADV_FEATURES bound to: 1F1F - type: string 
	Parameter READ_DATA_WIDTH bound to: 16 - type: integer 
	Parameter CDC_SYNC_STAGES bound to: 2 - type: integer 
	Parameter WR_DATA_COUNT_WIDTH bound to: 5 - type: integer 
	Parameter PROG_FULL_THRESH bound to: 10 - type: integer 
	Parameter RD_DATA_COUNT_WIDTH bound to: 5 - type: integer 
	Parameter PROG_EMPTY_THRESH bound to: 10 - type: integer 
	Parameter DOUT_RESET_VALUE bound to: 0 - type: string 
	Parameter ECC_MODE bound to: no_ecc - type: string 
	Parameter SIM_ASSERT_CHK bound to: 0 - type: integer 
	Parameter WAKEUP_TIME bound to: 0 - type: integer 
INFO: [Synth 8-3491] module 'xpm_fifo_async' declared at '/tools/Xilinx/Vivado/2020.2/data/ip/xpm/xpm_fifo/hdl/xpm_fifo.sv:2142' bound to instance 'xpm_fifo_async_inst' of component 'xpm_fifo_async' [/home/chethana/XILINX/New_IP_Accelerator/terrain_robot_hardware/terrain_robot_hardware.gen/sources_1/bd/design_1/ipshared/a5cb/hdl/lib_fifo_v1_0_rfs.vhd:1932]
INFO: [Synth 8-6157] synthesizing module 'xpm_fifo_async__parameterized1' [/tools/Xilinx/Vivado/2020.2/data/ip/xpm/xpm_fifo/hdl/xpm_fifo.sv:2142]
	Parameter FIFO_MEMORY_TYPE bound to: auto - type: string 
	Parameter ECC_MODE bound to: no_ecc - type: string 
	Parameter RELATED_CLOCKS bound to: 0 - type: integer 
	Parameter SIM_ASSERT_CHK bound to: 0 - type: integer 
	Parameter CASCADE_HEIGHT bound to: 0 - type: integer 
	Parameter FIFO_WRITE_DEPTH bound to: 16 - type: integer 
	Parameter WRITE_DATA_WIDTH bound to: 16 - type: integer 
	Parameter WR_DATA_COUNT_WIDTH bound to: 5 - type: integer 
	Parameter PROG_FULL_THRESH bound to: 10 - type: integer 
	Parameter FULL_RESET_VALUE bound to: 1 - type: integer 
	Parameter USE_ADV_FEATURES bound to: 1F1F - type: string 
	Parameter READ_MODE bound to: fwft - type: string 
	Parameter FIFO_READ_LATENCY bound to: 0 - type: integer 
	Parameter READ_DATA_WIDTH bound to: 16 - type: integer 
	Parameter RD_DATA_COUNT_WIDTH bound to: 5 - type: integer 
	Parameter PROG_EMPTY_THRESH bound to: 10 - type: integer 
	Parameter DOUT_RESET_VALUE bound to: 0 - type: string 
	Parameter CDC_SYNC_STAGES bound to: 2 - type: integer 
	Parameter WAKEUP_TIME bound to: 0 - type: integer 
	Parameter EN_ADV_FEATURE_ASYNC bound to: 16'b0001111100011111 
	Parameter P_FIFO_MEMORY_TYPE bound to: 0 - type: integer 
	Parameter P_COMMON_CLOCK bound to: 0 - type: integer 
	Parameter P_ECC_MODE bound to: 0 - type: integer 
	Parameter P_READ_MODE bound to: 1 - type: integer 
	Parameter P_WAKEUP_TIME bound to: 2 - type: integer 
INFO: [Synth 8-6157] synthesizing module 'xpm_fifo_base__parameterized0' [/tools/Xilinx/Vivado/2020.2/data/ip/xpm/xpm_fifo/hdl/xpm_fifo.sv:56]
	Parameter COMMON_CLOCK bound to: 0 - type: integer 
	Parameter RELATED_CLOCKS bound to: 0 - type: integer 
	Parameter FIFO_MEMORY_TYPE bound to: 0 - type: integer 
	Parameter ECC_MODE bound to: 0 - type: integer 
	Parameter SIM_ASSERT_CHK bound to: 0 - type: integer 
	Parameter CASCADE_HEIGHT bound to: 0 - type: integer 
	Parameter FIFO_WRITE_DEPTH bound to: 16 - type: integer 
	Parameter WRITE_DATA_WIDTH bound to: 16 - type: integer 
	Parameter WR_DATA_COUNT_WIDTH bound to: 5 - type: integer 
	Parameter PROG_FULL_THRESH bound to: 10 - type: integer 
	Parameter USE_ADV_FEATURES bound to: 1F1F - type: string 
	Parameter READ_MODE bound to: 1 - type: integer 
	Parameter FIFO_READ_LATENCY bound to: 0 - type: integer 
	Parameter READ_DATA_WIDTH bound to: 16 - type: integer 
	Parameter RD_DATA_COUNT_WIDTH bound to: 5 - type: integer 
	Parameter PROG_EMPTY_THRESH bound to: 10 - type: integer 
	Parameter DOUT_RESET_VALUE bound to: 0 - type: string 
	Parameter CDC_DEST_SYNC_FF bound to: 2 - type: integer 
	Parameter FULL_RESET_VALUE bound to: 1 - type: integer 
	Parameter REMOVE_WR_RD_PROT_LOGIC bound to: 0 - type: integer 
	Parameter WAKEUP_TIME bound to: 0 - type: integer 
	Parameter VERSION bound to: 0 - type: integer 
	Parameter invalid bound to: 0 - type: integer 
	Parameter stage1_valid bound to: 2 - type: integer 
	Parameter stage2_valid bound to: 1 - type: integer 
	Parameter both_stages_valid bound to: 3 - type: integer 
	Parameter FIFO_MEM_TYPE bound to: 0 - type: integer 
	Parameter RD_MODE bound to: 1 - type: integer 
	Parameter ENABLE_ECC bound to: 0 - type: integer 
	Parameter FIFO_READ_DEPTH bound to: 16 - type: integer 
	Parameter FIFO_SIZE bound to: 256 - type: integer 
	Parameter WR_WIDTH_LOG bound to: 4 - type: integer 
	Parameter WR_DEPTH_LOG bound to: 4 - type: integer 
	Parameter WR_PNTR_WIDTH bound to: 4 - type: integer 
	Parameter RD_PNTR_WIDTH bound to: 4 - type: integer 
	Parameter FULL_RST_VAL bound to: 1'b1 
	Parameter WR_RD_RATIO bound to: 0 - type: integer 
	Parameter READ_MODE_LL bound to: 1 - type: integer 
	Parameter PF_THRESH_ADJ bound to: 8 - type: integer 
	Parameter PE_THRESH_ADJ bound to: 8 - type: integer 
	Parameter PF_THRESH_MIN bound to: 7 - type: integer 
	Parameter PF_THRESH_MAX bound to: 11 - type: integer 
	Parameter PE_THRESH_MIN bound to: 5 - type: integer 
	Parameter PE_THRESH_MAX bound to: 11 - type: integer 
	Parameter WR_DC_WIDTH_EXT bound to: 5 - type: integer 
	Parameter RD_DC_WIDTH_EXT bound to: 5 - type: integer 
	Parameter RD_LATENCY bound to: 2 - type: integer 
	Parameter WIDTH_RATIO bound to: 1 - type: integer 
	Parameter EN_ADV_FEATURE bound to: 16'b0001111100011111 
	Parameter EN_OF bound to: 1'b1 
	Parameter EN_PF bound to: 1'b1 
	Parameter EN_WDC bound to: 1'b1 
	Parameter EN_AF bound to: 1'b1 
	Parameter EN_WACK bound to: 1'b1 
	Parameter FG_EQ_ASYM_DOUT bound to: 1'b0 
	Parameter EN_UF bound to: 1'b1 
	Parameter EN_PE bound to: 1'b1 
	Parameter EN_RDC bound to: 1'b1 
	Parameter EN_AE bound to: 1'b1 
	Parameter EN_DVLD bound to: 1'b1 
INFO: [Synth 8-226] default block is never used [/tools/Xilinx/Vivado/2020.2/data/ip/xpm/xpm_fifo/hdl/xpm_fifo.sv:1204]
INFO: [Synth 8-226] default block is never used [/tools/Xilinx/Vivado/2020.2/data/ip/xpm/xpm_fifo/hdl/xpm_fifo.sv:1271]
INFO: [Synth 8-226] default block is never used [/tools/Xilinx/Vivado/2020.2/data/ip/xpm/xpm_fifo/hdl/xpm_fifo.sv:1293]
INFO: [Synth 8-6155] done synthesizing module 'xpm_fifo_base__parameterized0' (21#1) [/tools/Xilinx/Vivado/2020.2/data/ip/xpm/xpm_fifo/hdl/xpm_fifo.sv:56]
INFO: [Synth 8-6155] done synthesizing module 'xpm_fifo_async__parameterized1' (21#1) [/tools/Xilinx/Vivado/2020.2/data/ip/xpm/xpm_fifo/hdl/xpm_fifo.sv:2142]
INFO: [Synth 8-256] done synthesizing module 'async_fifo_fg' (22#1) [/home/chethana/XILINX/New_IP_Accelerator/terrain_robot_hardware/terrain_robot_hardware.gen/sources_1/bd/design_1/ipshared/a5cb/hdl/lib_fifo_v1_0_rfs.vhd:255]
INFO: [Synth 8-638] synthesizing module 'qspi_fifo_ifmodule' [/home/chethana/XILINX/New_IP_Accelerator/terrain_robot_hardware/terrain_robot_hardware.gen/sources_1/bd/design_1/ipshared/63ec/hdl/axi_quad_spi_v3_2_rfs.vhd:13465]
	Parameter C_NUM_TRANSFER_BITS bound to: 16 - type: integer 
INFO: [Synth 8-256] done synthesizing module 'qspi_fifo_ifmodule' (23#1) [/home/chethana/XILINX/New_IP_Accelerator/terrain_robot_hardware/terrain_robot_hardware.gen/sources_1/bd/design_1/ipshared/63ec/hdl/axi_quad_spi_v3_2_rfs.vhd:13465]
INFO: [Synth 8-638] synthesizing module 'qspi_occupancy_reg' [/home/chethana/XILINX/New_IP_Accelerator/terrain_robot_hardware/terrain_robot_hardware.gen/sources_1/bd/design_1/ipshared/63ec/hdl/axi_quad_spi_v3_2_rfs.vhd:3647]
	Parameter C_OCCUPANCY_NUM_BITS bound to: 4 - type: integer 
INFO: [Synth 8-256] done synthesizing module 'qspi_occupancy_reg' (24#1) [/home/chethana/XILINX/New_IP_Accelerator/terrain_robot_hardware/terrain_robot_hardware.gen/sources_1/bd/design_1/ipshared/63ec/hdl/axi_quad_spi_v3_2_rfs.vhd:3647]
INFO: [Synth 8-638] synthesizing module 'qspi_mode_0_module' [/home/chethana/XILINX/New_IP_Accelerator/terrain_robot_hardware/terrain_robot_hardware.gen/sources_1/bd/design_1/ipshared/63ec/hdl/axi_quad_spi_v3_2_rfs.vhd:8775]
	Parameter C_SCK_RATIO bound to: 4 - type: integer 
	Parameter C_NUM_SS_BITS bound to: 1 - type: integer 
	Parameter C_NUM_TRANSFER_BITS bound to: 16 - type: integer 
	Parameter C_USE_STARTUP bound to: 0 - type: integer 
	Parameter C_SPICR_REG_WIDTH bound to: 10 - type: integer 
	Parameter C_SUB_FAMILY bound to: zynq - type: string 
	Parameter C_FIFO_EXIST bound to: 1 - type: integer 
	Parameter C_DUAL_MODE bound to: 0 - type: integer 
	Parameter C_STARTUP_EXT bound to: 0 - type: integer 
	Parameter INIT bound to: 1'b1 
INFO: [Synth 8-113] binding component instance 'MST_TRANS_INHIBIT_D1_I' to cell 'FD' [/home/chethana/XILINX/New_IP_Accelerator/terrain_robot_hardware/terrain_robot_hardware.gen/sources_1/bd/design_1/ipshared/63ec/hdl/axi_quad_spi_v3_2_rfs.vhd:9350]
	Parameter INIT bound to: 1'b1 
INFO: [Synth 8-113] binding component instance 'SPI_TRISTATE_CONTROL_II' to cell 'FD' [/home/chethana/XILINX/New_IP_Accelerator/terrain_robot_hardware/terrain_robot_hardware.gen/sources_1/bd/design_1/ipshared/63ec/hdl/axi_quad_spi_v3_2_rfs.vhd:9378]
	Parameter INIT bound to: 1'b1 
INFO: [Synth 8-113] binding component instance 'SPI_TRISTATE_CONTROL_III' to cell 'FD' [/home/chethana/XILINX/New_IP_Accelerator/terrain_robot_hardware/terrain_robot_hardware.gen/sources_1/bd/design_1/ipshared/63ec/hdl/axi_quad_spi_v3_2_rfs.vhd:9390]
	Parameter INIT bound to: 1'b1 
INFO: [Synth 8-113] binding component instance 'SPI_TRISTATE_CONTROL_IV' to cell 'FD' [/home/chethana/XILINX/New_IP_Accelerator/terrain_robot_hardware/terrain_robot_hardware.gen/sources_1/bd/design_1/ipshared/63ec/hdl/axi_quad_spi_v3_2_rfs.vhd:9402]
	Parameter INIT bound to: 1'b1 
INFO: [Synth 8-113] binding component instance 'SPI_TRISTATE_CONTROL_V' to cell 'FD' [/home/chethana/XILINX/New_IP_Accelerator/terrain_robot_hardware/terrain_robot_hardware.gen/sources_1/bd/design_1/ipshared/63ec/hdl/axi_quad_spi_v3_2_rfs.vhd:9426]
INFO: [Common 17-14] Message 'Synth 8-113' appears 100 times and further instances of the messages will be disabled. Use the Tcl command set_msg_config to change the current settings.
	Parameter INIT bound to: 1'b1 
	Parameter INIT bound to: 1'b0 
	Parameter INIT bound to: 1'b0 
	Parameter IS_C_INVERTED bound to: 1'b0 
	Parameter IS_D_INVERTED bound to: 1'b0 
	Parameter IS_R_INVERTED bound to: 1'b0 
INFO: [Synth 8-256] done synthesizing module 'qspi_mode_0_module' (25#1) [/home/chethana/XILINX/New_IP_Accelerator/terrain_robot_hardware/terrain_robot_hardware.gen/sources_1/bd/design_1/ipshared/63ec/hdl/axi_quad_spi_v3_2_rfs.vhd:8775]
INFO: [Synth 8-638] synthesizing module 'qspi_cntrl_reg' [/home/chethana/XILINX/New_IP_Accelerator/terrain_robot_hardware/terrain_robot_hardware.gen/sources_1/bd/design_1/ipshared/63ec/hdl/axi_quad_spi_v3_2_rfs.vhd:13820]
	Parameter C_S_AXI_DATA_WIDTH bound to: 32 - type: integer 
	Parameter C_SPI_NUM_BITS_REG bound to: 8 - type: integer 
	Parameter C_SPICR_REG_WIDTH bound to: 10 - type: integer 
	Parameter C_SPI_MODE bound to: 0 - type: integer 
	Parameter INIT bound to: 1'b0 
	Parameter IS_C_INVERTED bound to: 1'b0 
	Parameter IS_D_INVERTED bound to: 1'b0 
	Parameter IS_R_INVERTED bound to: 1'b0 
	Parameter INIT bound to: 1'b0 
	Parameter IS_C_INVERTED bound to: 1'b0 
	Parameter IS_D_INVERTED bound to: 1'b0 
	Parameter IS_R_INVERTED bound to: 1'b0 
INFO: [Synth 8-256] done synthesizing module 'qspi_cntrl_reg' (26#1) [/home/chethana/XILINX/New_IP_Accelerator/terrain_robot_hardware/terrain_robot_hardware.gen/sources_1/bd/design_1/ipshared/63ec/hdl/axi_quad_spi_v3_2_rfs.vhd:13820]
INFO: [Synth 8-638] synthesizing module 'qspi_status_slave_sel_reg' [/home/chethana/XILINX/New_IP_Accelerator/terrain_robot_hardware/terrain_robot_hardware.gen/sources_1/bd/design_1/ipshared/63ec/hdl/axi_quad_spi_v3_2_rfs.vhd:2658]
	Parameter C_SPI_NUM_BITS_REG bound to: 8 - type: integer 
	Parameter C_S_AXI_DATA_WIDTH bound to: 32 - type: integer 
	Parameter C_NUM_SS_BITS bound to: 1 - type: integer 
	Parameter C_SPISR_REG_WIDTH bound to: 11 - type: integer 
INFO: [Synth 8-256] done synthesizing module 'qspi_status_slave_sel_reg' (27#1) [/home/chethana/XILINX/New_IP_Accelerator/terrain_robot_hardware/terrain_robot_hardware.gen/sources_1/bd/design_1/ipshared/63ec/hdl/axi_quad_spi_v3_2_rfs.vhd:2658]
INFO: [Synth 8-638] synthesizing module 'soft_reset' [/home/chethana/XILINX/New_IP_Accelerator/terrain_robot_hardware/terrain_robot_hardware.gen/sources_1/bd/design_1/ipshared/63ec/hdl/axi_quad_spi_v3_2_rfs.vhd:874]
	Parameter C_SIPIF_DWIDTH bound to: 32 - type: integer 
	Parameter C_RESET_WIDTH bound to: 16 - type: integer 
	Parameter INIT bound to: 1'b0 
	Parameter IS_CE_INVERTED bound to: 1'b0 
	Parameter IS_C_INVERTED bound to: 1'b0 
	Parameter IS_D_INVERTED bound to: 1'b0 
	Parameter IS_R_INVERTED bound to: 1'b0 
	Parameter IS_S_INVERTED bound to: 1'b0 
	Parameter INIT bound to: 1'b0 
	Parameter IS_CE_INVERTED bound to: 1'b0 
	Parameter IS_C_INVERTED bound to: 1'b0 
	Parameter IS_D_INVERTED bound to: 1'b0 
	Parameter IS_R_INVERTED bound to: 1'b0 
	Parameter IS_S_INVERTED bound to: 1'b0 
	Parameter INIT bound to: 1'b0 
	Parameter IS_CE_INVERTED bound to: 1'b0 
	Parameter IS_C_INVERTED bound to: 1'b0 
	Parameter IS_D_INVERTED bound to: 1'b0 
	Parameter IS_R_INVERTED bound to: 1'b0 
	Parameter IS_S_INVERTED bound to: 1'b0 
	Parameter INIT bound to: 1'b0 
	Parameter IS_CE_INVERTED bound to: 1'b0 
	Parameter IS_C_INVERTED bound to: 1'b0 
	Parameter IS_D_INVERTED bound to: 1'b0 
	Parameter IS_R_INVERTED bound to: 1'b0 
	Parameter IS_S_INVERTED bound to: 1'b0 
	Parameter INIT bound to: 1'b0 
	Parameter IS_CE_INVERTED bound to: 1'b0 
	Parameter IS_C_INVERTED bound to: 1'b0 
	Parameter IS_D_INVERTED bound to: 1'b0 
	Parameter IS_R_INVERTED bound to: 1'b0 
	Parameter IS_S_INVERTED bound to: 1'b0 
	Parameter INIT bound to: 1'b0 
	Parameter IS_CE_INVERTED bound to: 1'b0 
	Parameter IS_C_INVERTED bound to: 1'b0 
	Parameter IS_D_INVERTED bound to: 1'b0 
	Parameter IS_R_INVERTED bound to: 1'b0 
	Parameter IS_S_INVERTED bound to: 1'b0 
	Parameter INIT bound to: 1'b0 
	Parameter IS_CE_INVERTED bound to: 1'b0 
	Parameter IS_C_INVERTED bound to: 1'b0 
	Parameter IS_D_INVERTED bound to: 1'b0 
	Parameter IS_R_INVERTED bound to: 1'b0 
	Parameter IS_S_INVERTED bound to: 1'b0 
	Parameter INIT bound to: 1'b0 
	Parameter IS_CE_INVERTED bound to: 1'b0 
	Parameter IS_C_INVERTED bound to: 1'b0 
	Parameter IS_D_INVERTED bound to: 1'b0 
	Parameter IS_R_INVERTED bound to: 1'b0 
	Parameter IS_S_INVERTED bound to: 1'b0 
	Parameter INIT bound to: 1'b0 
	Parameter IS_CE_INVERTED bound to: 1'b0 
	Parameter IS_C_INVERTED bound to: 1'b0 
	Parameter IS_D_INVERTED bound to: 1'b0 
	Parameter IS_R_INVERTED bound to: 1'b0 
	Parameter IS_S_INVERTED bound to: 1'b0 
	Parameter INIT bound to: 1'b0 
	Parameter IS_CE_INVERTED bound to: 1'b0 
	Parameter IS_C_INVERTED bound to: 1'b0 
	Parameter IS_D_INVERTED bound to: 1'b0 
	Parameter IS_R_INVERTED bound to: 1'b0 
	Parameter IS_S_INVERTED bound to: 1'b0 
	Parameter INIT bound to: 1'b0 
	Parameter IS_CE_INVERTED bound to: 1'b0 
	Parameter IS_C_INVERTED bound to: 1'b0 
	Parameter IS_D_INVERTED bound to: 1'b0 
	Parameter IS_R_INVERTED bound to: 1'b0 
	Parameter IS_S_INVERTED bound to: 1'b0 
	Parameter INIT bound to: 1'b0 
	Parameter IS_CE_INVERTED bound to: 1'b0 
	Parameter IS_C_INVERTED bound to: 1'b0 
	Parameter IS_D_INVERTED bound to: 1'b0 
	Parameter IS_R_INVERTED bound to: 1'b0 
	Parameter IS_S_INVERTED bound to: 1'b0 
	Parameter INIT bound to: 1'b0 
	Parameter IS_CE_INVERTED bound to: 1'b0 
	Parameter IS_C_INVERTED bound to: 1'b0 
	Parameter IS_D_INVERTED bound to: 1'b0 
	Parameter IS_R_INVERTED bound to: 1'b0 
	Parameter IS_S_INVERTED bound to: 1'b0 
	Parameter INIT bound to: 1'b0 
	Parameter IS_CE_INVERTED bound to: 1'b0 
	Parameter IS_C_INVERTED bound to: 1'b0 
	Parameter IS_D_INVERTED bound to: 1'b0 
	Parameter IS_R_INVERTED bound to: 1'b0 
	Parameter IS_S_INVERTED bound to: 1'b0 
	Parameter INIT bound to: 1'b0 
	Parameter IS_CE_INVERTED bound to: 1'b0 
	Parameter IS_C_INVERTED bound to: 1'b0 
	Parameter IS_D_INVERTED bound to: 1'b0 
	Parameter IS_R_INVERTED bound to: 1'b0 
	Parameter IS_S_INVERTED bound to: 1'b0 
	Parameter INIT bound to: 1'b0 
	Parameter IS_CE_INVERTED bound to: 1'b0 
	Parameter IS_C_INVERTED bound to: 1'b0 
	Parameter IS_D_INVERTED bound to: 1'b0 
	Parameter IS_R_INVERTED bound to: 1'b0 
	Parameter IS_S_INVERTED bound to: 1'b0 
	Parameter INIT bound to: 1'b0 
	Parameter IS_CE_INVERTED bound to: 1'b0 
	Parameter IS_C_INVERTED bound to: 1'b0 
	Parameter IS_D_INVERTED bound to: 1'b0 
	Parameter IS_R_INVERTED bound to: 1'b0 
	Parameter IS_S_INVERTED bound to: 1'b0 
INFO: [Synth 8-256] done synthesizing module 'soft_reset' (28#1) [/home/chethana/XILINX/New_IP_Accelerator/terrain_robot_hardware/terrain_robot_hardware.gen/sources_1/bd/design_1/ipshared/63ec/hdl/axi_quad_spi_v3_2_rfs.vhd:874]
INFO: [Synth 8-638] synthesizing module 'interrupt_control' [/home/chethana/XILINX/New_IP_Accelerator/terrain_robot_hardware/terrain_robot_hardware.gen/sources_1/bd/design_1/ipshared/a040/hdl/interrupt_control_v3_1_vh_rfs.vhd:259]
	Parameter C_NUM_CE bound to: 16 - type: integer 
	Parameter C_NUM_IPIF_IRPT_SRC bound to: 1 - type: integer 
	Parameter C_IP_INTR_MODE_ARRAY bound to: 448'b0000000000000000000000000000001100000000000000000000000000000011000000000000000000000000000000110000000000000000000000000000001100000000000000000000000000000011000000000000000000000000000000110000000000000000000000000000001100000000000000000000000000000011000000000000000000000000000000110000000000000000000000000000001100000000000000000000000000000011000000000000000000000000000000110000000000000000000000000000001100000000000000000000000000000011 
	Parameter C_INCLUDE_DEV_PENCODER bound to: 0 - type: bool 
	Parameter C_INCLUDE_DEV_ISC bound to: 0 - type: bool 
	Parameter C_IPIF_DWIDTH bound to: 32 - type: integer 
INFO: [Synth 8-256] done synthesizing module 'interrupt_control' (29#1) [/home/chethana/XILINX/New_IP_Accelerator/terrain_robot_hardware/terrain_robot_hardware.gen/sources_1/bd/design_1/ipshared/a040/hdl/interrupt_control_v3_1_vh_rfs.vhd:259]
INFO: [Synth 8-256] done synthesizing module 'qspi_core_interface' (30#1) [/home/chethana/XILINX/New_IP_Accelerator/terrain_robot_hardware/terrain_robot_hardware.gen/sources_1/bd/design_1/ipshared/63ec/hdl/axi_quad_spi_v3_2_rfs.vhd:19205]
INFO: [Synth 8-256] done synthesizing module 'axi_quad_spi_top' (31#1) [/home/chethana/XILINX/New_IP_Accelerator/terrain_robot_hardware/terrain_robot_hardware.gen/sources_1/bd/design_1/ipshared/63ec/hdl/axi_quad_spi_v3_2_rfs.vhd:34981]
INFO: [Synth 8-256] done synthesizing module 'axi_quad_spi' (32#1) [/home/chethana/XILINX/New_IP_Accelerator/terrain_robot_hardware/terrain_robot_hardware.gen/sources_1/bd/design_1/ipshared/63ec/hdl/axi_quad_spi_v3_2_rfs.vhd:36722]
INFO: [Synth 8-256] done synthesizing module 'design_1_axi_quad_spi_0_0' (33#1) [/home/chethana/XILINX/New_IP_Accelerator/terrain_robot_hardware/terrain_robot_hardware.gen/sources_1/bd/design_1/ip/design_1_axi_quad_spi_0_0/synth/design_1_axi_quad_spi_0_0.vhd:97]
WARNING: [Synth 8-7071] port 'io0_t' of module 'design_1_axi_quad_spi_0_0' is unconnected for instance 'axi_quad_spi_0' [/home/chethana/XILINX/New_IP_Accelerator/terrain_robot_hardware/terrain_robot_hardware.gen/sources_1/bd/design_1/synth/design_1.v:289]
WARNING: [Synth 8-7071] port 'io1_o' of module 'design_1_axi_quad_spi_0_0' is unconnected for instance 'axi_quad_spi_0' [/home/chethana/XILINX/New_IP_Accelerator/terrain_robot_hardware/terrain_robot_hardware.gen/sources_1/bd/design_1/synth/design_1.v:289]
WARNING: [Synth 8-7071] port 'io1_t' of module 'design_1_axi_quad_spi_0_0' is unconnected for instance 'axi_quad_spi_0' [/home/chethana/XILINX/New_IP_Accelerator/terrain_robot_hardware/terrain_robot_hardware.gen/sources_1/bd/design_1/synth/design_1.v:289]
WARNING: [Synth 8-7071] port 'sck_t' of module 'design_1_axi_quad_spi_0_0' is unconnected for instance 'axi_quad_spi_0' [/home/chethana/XILINX/New_IP_Accelerator/terrain_robot_hardware/terrain_robot_hardware.gen/sources_1/bd/design_1/synth/design_1.v:289]
WARNING: [Synth 8-7071] port 'ss_t' of module 'design_1_axi_quad_spi_0_0' is unconnected for instance 'axi_quad_spi_0' [/home/chethana/XILINX/New_IP_Accelerator/terrain_robot_hardware/terrain_robot_hardware.gen/sources_1/bd/design_1/synth/design_1.v:289]
WARNING: [Synth 8-7071] port 'ip2intc_irpt' of module 'design_1_axi_quad_spi_0_0' is unconnected for instance 'axi_quad_spi_0' [/home/chethana/XILINX/New_IP_Accelerator/terrain_robot_hardware/terrain_robot_hardware.gen/sources_1/bd/design_1/synth/design_1.v:289]
WARNING: [Synth 8-7023] instance 'axi_quad_spi_0' of module 'design_1_axi_quad_spi_0_0' has 33 connections declared, but only 27 given [/home/chethana/XILINX/New_IP_Accelerator/terrain_robot_hardware/terrain_robot_hardware.gen/sources_1/bd/design_1/synth/design_1.v:289]
WARNING: [Synth 8-4446] all outputs are unconnected for this instance and logic may be removed [/home/chethana/XILINX/New_IP_Accelerator/terrain_robot_hardware/terrain_robot_hardware.gen/sources_1/bd/design_1/synth/design_1.v:317]
INFO: [Synth 8-6157] synthesizing module 'design_1_ila_0_0' [/home/chethana/XILINX/New_IP_Accelerator/terrain_robot_hardware/terrain_robot_hardware.gen/sources_1/bd/design_1/ip/design_1_ila_0_0/synth/design_1_ila_0_0.v:84]
INFO: [Synth 8-6157] synthesizing module 'CFGLUT5' [/tools/Xilinx/Vivado/2020.2/scripts/rt/data/unisim_comp.v:1524]
INFO: [Synth 8-6155] done synthesizing module 'CFGLUT5' (45#1) [/tools/Xilinx/Vivado/2020.2/scripts/rt/data/unisim_comp.v:1524]
INFO: [Synth 8-6157] synthesizing module 'CARRY4' [/tools/Xilinx/Vivado/2020.2/scripts/rt/data/unisim_comp.v:1487]
INFO: [Synth 8-6155] done synthesizing module 'CARRY4' (46#1) [/tools/Xilinx/Vivado/2020.2/scripts/rt/data/unisim_comp.v:1487]
INFO: [Synth 8-6157] synthesizing module 'SRLC32E' [/tools/Xilinx/Vivado/2020.2/scripts/rt/data/unisim_comp.v:78184]
INFO: [Synth 8-6155] done synthesizing module 'SRLC32E' (56#1) [/tools/Xilinx/Vivado/2020.2/scripts/rt/data/unisim_comp.v:78184]
INFO: [Synth 8-6157] synthesizing module 'SRL16E' [/tools/Xilinx/Vivado/2020.2/scripts/rt/data/unisim_comp.v:78034]
INFO: [Synth 8-6155] done synthesizing module 'SRL16E' (58#1) [/tools/Xilinx/Vivado/2020.2/scripts/rt/data/unisim_comp.v:78034]
INFO: [Synth 8-6157] synthesizing module 'SRLC16E' [/tools/Xilinx/Vivado/2020.2/scripts/rt/data/unisim_comp.v:78123]
INFO: [Synth 8-6155] done synthesizing module 'SRLC16E' (60#1) [/tools/Xilinx/Vivado/2020.2/scripts/rt/data/unisim_comp.v:78123]
INFO: [Synth 8-6157] synthesizing module 'FDRE' [/tools/Xilinx/Vivado/2020.2/scripts/rt/data/unisim_comp.v:13724]
INFO: [Synth 8-6155] done synthesizing module 'FDRE' (65#1) [/tools/Xilinx/Vivado/2020.2/scripts/rt/data/unisim_comp.v:13724]
WARNING: [Synth 8-7071] port 'clk_nobuf' of module 'ila_v6_2_11_ila' is unconnected for instance 'inst' [/home/chethana/XILINX/New_IP_Accelerator/terrain_robot_hardware/terrain_robot_hardware.gen/sources_1/bd/design_1/ip/design_1_ila_0_0/synth/design_1_ila_0_0.v:3211]
WARNING: [Synth 8-7071] port 'clkdiv_out' of module 'ila_v6_2_11_ila' is unconnected for instance 'inst' [/home/chethana/XILINX/New_IP_Accelerator/terrain_robot_hardware/terrain_robot_hardware.gen/sources_1/bd/design_1/ip/design_1_ila_0_0/synth/design_1_ila_0_0.v:3211]
WARNING: [Synth 8-7071] port 'trig_in' of module 'ila_v6_2_11_ila' is unconnected for instance 'inst' [/home/chethana/XILINX/New_IP_Accelerator/terrain_robot_hardware/terrain_robot_hardware.gen/sources_1/bd/design_1/ip/design_1_ila_0_0/synth/design_1_ila_0_0.v:3211]
WARNING: [Synth 8-7071] port 'trig_in_ack' of module 'ila_v6_2_11_ila' is unconnected for instance 'inst' [/home/chethana/XILINX/New_IP_Accelerator/terrain_robot_hardware/terrain_robot_hardware.gen/sources_1/bd/design_1/ip/design_1_ila_0_0/synth/design_1_ila_0_0.v:3211]
WARNING: [Synth 8-7071] port 'trig_out' of module 'ila_v6_2_11_ila' is unconnected for instance 'inst' [/home/chethana/XILINX/New_IP_Accelerator/terrain_robot_hardware/terrain_robot_hardware.gen/sources_1/bd/design_1/ip/design_1_ila_0_0/synth/design_1_ila_0_0.v:3211]
WARNING: [Synth 8-7071] port 'trig_out_ack' of module 'ila_v6_2_11_ila' is unconnected for instance 'inst' [/home/chethana/XILINX/New_IP_Accelerator/terrain_robot_hardware/terrain_robot_hardware.gen/sources_1/bd/design_1/ip/design_1_ila_0_0/synth/design_1_ila_0_0.v:3211]
WARNING: [Synth 8-7023] instance 'inst' of module 'ila_v6_2_11_ila' has 1033 connections declared, but only 1027 given [/home/chethana/XILINX/New_IP_Accelerator/terrain_robot_hardware/terrain_robot_hardware.gen/sources_1/bd/design_1/ip/design_1_ila_0_0/synth/design_1_ila_0_0.v:3211]
INFO: [Synth 8-6155] done synthesizing module 'design_1_ila_0_0' (83#1) [/home/chethana/XILINX/New_IP_Accelerator/terrain_robot_hardware/terrain_robot_hardware.gen/sources_1/bd/design_1/ip/design_1_ila_0_0/synth/design_1_ila_0_0.v:84]
INFO: [Synth 8-6157] synthesizing module 'design_1_jtag_axi_0_0' [/home/chethana/XILINX/New_IP_Accelerator/terrain_robot_hardware/terrain_robot_hardware.gen/sources_1/bd/design_1/ip/design_1_jtag_axi_0_0/synth/design_1_jtag_axi_0_0.v:57]
INFO: [Synth 8-6157] synthesizing module 'xpm_cdc_gray__parameterized3' [/tools/Xilinx/Vivado/2020.2/data/ip/xpm/xpm_cdc/hdl/xpm_cdc.sv:284]
INFO: [Synth 8-6155] done synthesizing module 'xpm_cdc_gray__parameterized3' (91#1) [/tools/Xilinx/Vivado/2020.2/data/ip/xpm/xpm_cdc/hdl/xpm_cdc.sv:284]
INFO: [Synth 8-6157] synthesizing module 'xpm_cdc_gray__parameterized5' [/tools/Xilinx/Vivado/2020.2/data/ip/xpm/xpm_cdc/hdl/xpm_cdc.sv:284]
INFO: [Synth 8-6155] done synthesizing module 'xpm_cdc_gray__parameterized5' (106#1) [/tools/Xilinx/Vivado/2020.2/data/ip/xpm/xpm_cdc/hdl/xpm_cdc.sv:284]
WARNING: [Synth 8-7071] port 'sl_iport0' of module 'jtag_axi_v1_2_12_jtag_axi' is unconnected for instance 'inst' [/home/chethana/XILINX/New_IP_Accelerator/terrain_robot_hardware/terrain_robot_hardware.gen/sources_1/bd/design_1/ip/design_1_jtag_axi_0_0/synth/design_1_jtag_axi_0_0.v:191]
WARNING: [Synth 8-7071] port 'sl_oport0' of module 'jtag_axi_v1_2_12_jtag_axi' is unconnected for instance 'inst' [/home/chethana/XILINX/New_IP_Accelerator/terrain_robot_hardware/terrain_robot_hardware.gen/sources_1/bd/design_1/ip/design_1_jtag_axi_0_0/synth/design_1_jtag_axi_0_0.v:191]
WARNING: [Synth 8-7023] instance 'inst' of module 'jtag_axi_v1_2_12_jtag_axi' has 41 connections declared, but only 39 given [/home/chethana/XILINX/New_IP_Accelerator/terrain_robot_hardware/terrain_robot_hardware.gen/sources_1/bd/design_1/ip/design_1_jtag_axi_0_0/synth/design_1_jtag_axi_0_0.v:191]
INFO: [Synth 8-6155] done synthesizing module 'design_1_jtag_axi_0_0' (112#1) [/home/chethana/XILINX/New_IP_Accelerator/terrain_robot_hardware/terrain_robot_hardware.gen/sources_1/bd/design_1/ip/design_1_jtag_axi_0_0/synth/design_1_jtag_axi_0_0.v:57]
INFO: [Synth 8-6157] synthesizing module 'design_1_processing_system7_0_0' [/home/chethana/XILINX/New_IP_Accelerator/terrain_robot_hardware/terrain_robot_hardware.gen/sources_1/bd/design_1/ip/design_1_processing_system7_0_0/synth/design_1_processing_system7_0_0.v:60]
INFO: [Synth 8-6157] synthesizing module 'processing_system7_v5_5_processing_system7' [/home/chethana/XILINX/New_IP_Accelerator/terrain_robot_hardware/terrain_robot_hardware.gen/sources_1/bd/design_1/ip/design_1_processing_system7_0_0/hdl/verilog/processing_system7_v5_5_processing_system7.v:161]
	Parameter C_USE_DEFAULT_ACP_USER_VAL bound to: 0 - type: integer 
	Parameter C_S_AXI_ACP_ARUSER_VAL bound to: 31 - type: integer 
	Parameter C_S_AXI_ACP_AWUSER_VAL bound to: 31 - type: integer 
	Parameter C_M_AXI_GP0_THREAD_ID_WIDTH bound to: 12 - type: integer 
	Parameter C_M_AXI_GP1_THREAD_ID_WIDTH bound to: 12 - type: integer 
	Parameter C_M_AXI_GP0_ENABLE_STATIC_REMAP bound to: 0 - type: integer 
	Parameter C_M_AXI_GP1_ENABLE_STATIC_REMAP bound to: 0 - type: integer 
	Parameter C_M_AXI_GP0_ID_WIDTH bound to: 12 - type: integer 
	Parameter C_M_AXI_GP1_ID_WIDTH bound to: 12 - type: integer 
	Parameter C_S_AXI_GP0_ID_WIDTH bound to: 6 - type: integer 
	Parameter C_S_AXI_GP1_ID_WIDTH bound to: 6 - type: integer 
	Parameter C_S_AXI_HP0_ID_WIDTH bound to: 6 - type: integer 
	Parameter C_S_AXI_HP1_ID_WIDTH bound to: 6 - type: integer 
	Parameter C_S_AXI_HP2_ID_WIDTH bound to: 6 - type: integer 
	Parameter C_S_AXI_HP3_ID_WIDTH bound to: 6 - type: integer 
	Parameter C_S_AXI_ACP_ID_WIDTH bound to: 3 - type: integer 
	Parameter C_S_AXI_HP0_DATA_WIDTH bound to: 64 - type: integer 
	Parameter C_S_AXI_HP1_DATA_WIDTH bound to: 64 - type: integer 
	Parameter C_S_AXI_HP2_DATA_WIDTH bound to: 64 - type: integer 
	Parameter C_S_AXI_HP3_DATA_WIDTH bound to: 64 - type: integer 
	Parameter C_INCLUDE_ACP_TRANS_CHECK bound to: 0 - type: integer 
	Parameter C_NUM_F2P_INTR_INPUTS bound to: 1 - type: integer 
	Parameter C_FCLK_CLK0_BUF bound to: TRUE - type: string 
	Parameter C_FCLK_CLK1_BUF bound to: FALSE - type: string 
	Parameter C_FCLK_CLK2_BUF bound to: FALSE - type: string 
	Parameter C_FCLK_CLK3_BUF bound to: FALSE - type: string 
	Parameter C_EMIO_GPIO_WIDTH bound to: 64 - type: integer 
	Parameter C_INCLUDE_TRACE_BUFFER bound to: 0 - type: integer 
	Parameter C_TRACE_BUFFER_FIFO_SIZE bound to: 128 - type: integer 
	Parameter C_TRACE_BUFFER_CLOCK_DELAY bound to: 12 - type: integer 
	Parameter USE_TRACE_DATA_EDGE_DETECTOR bound to: 0 - type: integer 
	Parameter C_TRACE_PIPELINE_WIDTH bound to: 8 - type: integer 
	Parameter C_PS7_SI_REV bound to: PRODUCTION - type: string 
	Parameter C_EN_EMIO_ENET0 bound to: 0 - type: integer 
	Parameter C_EN_EMIO_ENET1 bound to: 0 - type: integer 
	Parameter C_EN_EMIO_TRACE bound to: 0 - type: integer 
	Parameter C_DQ_WIDTH bound to: 32 - type: integer 
	Parameter C_DQS_WIDTH bound to: 4 - type: integer 
	Parameter C_DM_WIDTH bound to: 4 - type: integer 
	Parameter C_MIO_PRIMITIVE bound to: 54 - type: integer 
	Parameter C_PACKAGE_NAME bound to: clg400 - type: string 
	Parameter C_IRQ_F2P_MODE bound to: DIRECT - type: string 
	Parameter C_TRACE_INTERNAL_WIDTH bound to: 2 - type: integer 
	Parameter C_EN_EMIO_PJTAG bound to: 0 - type: integer 
	Parameter C_USE_AXI_NONSECURE bound to: 0 - type: integer 
	Parameter C_USE_S_AXI_HP0 bound to: 0 - type: integer 
	Parameter C_USE_S_AXI_HP1 bound to: 0 - type: integer 
	Parameter C_USE_S_AXI_HP2 bound to: 0 - type: integer 
	Parameter C_USE_S_AXI_HP3 bound to: 0 - type: integer 
	Parameter C_USE_M_AXI_GP0 bound to: 1 - type: integer 
	Parameter C_USE_M_AXI_GP1 bound to: 0 - type: integer 
	Parameter C_USE_S_AXI_GP0 bound to: 0 - type: integer 
	Parameter C_USE_S_AXI_GP1 bound to: 0 - type: integer 
	Parameter C_USE_S_AXI_ACP bound to: 0 - type: integer 
	Parameter C_GP0_EN_MODIFIABLE_TXN bound to: 1 - type: integer 
	Parameter C_GP1_EN_MODIFIABLE_TXN bound to: 1 - type: integer 
INFO: [Synth 8-6157] synthesizing module 'BUFG' [/tools/Xilinx/Vivado/2020.2/scripts/rt/data/unisim_comp.v:1083]
INFO: [Synth 8-6155] done synthesizing module 'BUFG' (113#1) [/tools/Xilinx/Vivado/2020.2/scripts/rt/data/unisim_comp.v:1083]
INFO: [Synth 8-6157] synthesizing module 'BIBUF' [/tools/Xilinx/Vivado/2020.2/scripts/rt/data/unisim_comp.v:730]
INFO: [Synth 8-6155] done synthesizing module 'BIBUF' (114#1) [/tools/Xilinx/Vivado/2020.2/scripts/rt/data/unisim_comp.v:730]
INFO: [Synth 8-6157] synthesizing module 'PS7' [/tools/Xilinx/Vivado/2020.2/scripts/rt/data/unisim_comp.v:62034]
INFO: [Synth 8-6155] done synthesizing module 'PS7' (115#1) [/tools/Xilinx/Vivado/2020.2/scripts/rt/data/unisim_comp.v:62034]
INFO: [Synth 8-6155] done synthesizing module 'processing_system7_v5_5_processing_system7' (116#1) [/home/chethana/XILINX/New_IP_Accelerator/terrain_robot_hardware/terrain_robot_hardware.gen/sources_1/bd/design_1/ip/design_1_processing_system7_0_0/hdl/verilog/processing_system7_v5_5_processing_system7.v:161]
WARNING: [Synth 8-7071] port 'M_AXI_GP0_ARESETN' of module 'processing_system7_v5_5_processing_system7' is unconnected for instance 'inst' [/home/chethana/XILINX/New_IP_Accelerator/terrain_robot_hardware/terrain_robot_hardware.gen/sources_1/bd/design_1/ip/design_1_processing_system7_0_0/synth/design_1_processing_system7_0_0.v:327]
WARNING: [Synth 8-7071] port 'M_AXI_GP1_ARESETN' of module 'processing_system7_v5_5_processing_system7' is unconnected for instance 'inst' [/home/chethana/XILINX/New_IP_Accelerator/terrain_robot_hardware/terrain_robot_hardware.gen/sources_1/bd/design_1/ip/design_1_processing_system7_0_0/synth/design_1_processing_system7_0_0.v:327]
WARNING: [Synth 8-7071] port 'S_AXI_GP0_ARESETN' of module 'processing_system7_v5_5_processing_system7' is unconnected for instance 'inst' [/home/chethana/XILINX/New_IP_Accelerator/terrain_robot_hardware/terrain_robot_hardware.gen/sources_1/bd/design_1/ip/design_1_processing_system7_0_0/synth/design_1_processing_system7_0_0.v:327]
WARNING: [Synth 8-7071] port 'S_AXI_GP1_ARESETN' of module 'processing_system7_v5_5_processing_system7' is unconnected for instance 'inst' [/home/chethana/XILINX/New_IP_Accelerator/terrain_robot_hardware/terrain_robot_hardware.gen/sources_1/bd/design_1/ip/design_1_processing_system7_0_0/synth/design_1_processing_system7_0_0.v:327]
WARNING: [Synth 8-7071] port 'S_AXI_ACP_ARESETN' of module 'processing_system7_v5_5_processing_system7' is unconnected for instance 'inst' [/home/chethana/XILINX/New_IP_Accelerator/terrain_robot_hardware/terrain_robot_hardware.gen/sources_1/bd/design_1/ip/design_1_processing_system7_0_0/synth/design_1_processing_system7_0_0.v:327]
WARNING: [Synth 8-7071] port 'S_AXI_HP0_ARESETN' of module 'processing_system7_v5_5_processing_system7' is unconnected for instance 'inst' [/home/chethana/XILINX/New_IP_Accelerator/terrain_robot_hardware/terrain_robot_hardware.gen/sources_1/bd/design_1/ip/design_1_processing_system7_0_0/synth/design_1_processing_system7_0_0.v:327]
WARNING: [Synth 8-7071] port 'S_AXI_HP1_ARESETN' of module 'processing_system7_v5_5_processing_system7' is unconnected for instance 'inst' [/home/chethana/XILINX/New_IP_Accelerator/terrain_robot_hardware/terrain_robot_hardware.gen/sources_1/bd/design_1/ip/design_1_processing_system7_0_0/synth/design_1_processing_system7_0_0.v:327]
WARNING: [Synth 8-7071] port 'S_AXI_HP2_ARESETN' of module 'processing_system7_v5_5_processing_system7' is unconnected for instance 'inst' [/home/chethana/XILINX/New_IP_Accelerator/terrain_robot_hardware/terrain_robot_hardware.gen/sources_1/bd/design_1/ip/design_1_processing_system7_0_0/synth/design_1_processing_system7_0_0.v:327]
WARNING: [Synth 8-7071] port 'S_AXI_HP3_ARESETN' of module 'processing_system7_v5_5_processing_system7' is unconnected for instance 'inst' [/home/chethana/XILINX/New_IP_Accelerator/terrain_robot_hardware/terrain_robot_hardware.gen/sources_1/bd/design_1/ip/design_1_processing_system7_0_0/synth/design_1_processing_system7_0_0.v:327]
WARNING: [Synth 8-7071] port 'DMA0_RSTN' of module 'processing_system7_v5_5_processing_system7' is unconnected for instance 'inst' [/home/chethana/XILINX/New_IP_Accelerator/terrain_robot_hardware/terrain_robot_hardware.gen/sources_1/bd/design_1/ip/design_1_processing_system7_0_0/synth/design_1_processing_system7_0_0.v:327]
WARNING: [Synth 8-7071] port 'DMA1_RSTN' of module 'processing_system7_v5_5_processing_system7' is unconnected for instance 'inst' [/home/chethana/XILINX/New_IP_Accelerator/terrain_robot_hardware/terrain_robot_hardware.gen/sources_1/bd/design_1/ip/design_1_processing_system7_0_0/synth/design_1_processing_system7_0_0.v:327]
WARNING: [Synth 8-7071] port 'DMA2_RSTN' of module 'processing_system7_v5_5_processing_system7' is unconnected for instance 'inst' [/home/chethana/XILINX/New_IP_Accelerator/terrain_robot_hardware/terrain_robot_hardware.gen/sources_1/bd/design_1/ip/design_1_processing_system7_0_0/synth/design_1_processing_system7_0_0.v:327]
WARNING: [Synth 8-7071] port 'DMA3_RSTN' of module 'processing_system7_v5_5_processing_system7' is unconnected for instance 'inst' [/home/chethana/XILINX/New_IP_Accelerator/terrain_robot_hardware/terrain_robot_hardware.gen/sources_1/bd/design_1/ip/design_1_processing_system7_0_0/synth/design_1_processing_system7_0_0.v:327]
WARNING: [Synth 8-7023] instance 'inst' of module 'processing_system7_v5_5_processing_system7' has 685 connections declared, but only 672 given [/home/chethana/XILINX/New_IP_Accelerator/terrain_robot_hardware/terrain_robot_hardware.gen/sources_1/bd/design_1/ip/design_1_processing_system7_0_0/synth/design_1_processing_system7_0_0.v:327]
INFO: [Synth 8-6155] done synthesizing module 'design_1_processing_system7_0_0' (117#1) [/home/chethana/XILINX/New_IP_Accelerator/terrain_robot_hardware/terrain_robot_hardware.gen/sources_1/bd/design_1/ip/design_1_processing_system7_0_0/synth/design_1_processing_system7_0_0.v:60]
WARNING: [Synth 8-7071] port 'USB0_PORT_INDCTL' of module 'design_1_processing_system7_0_0' is unconnected for instance 'processing_system7_0' [/home/chethana/XILINX/New_IP_Accelerator/terrain_robot_hardware/terrain_robot_hardware.gen/sources_1/bd/design_1/synth/design_1.v:361]
WARNING: [Synth 8-7071] port 'USB0_VBUS_PWRSELECT' of module 'design_1_processing_system7_0_0' is unconnected for instance 'processing_system7_0' [/home/chethana/XILINX/New_IP_Accelerator/terrain_robot_hardware/terrain_robot_hardware.gen/sources_1/bd/design_1/synth/design_1.v:361]
WARNING: [Synth 8-7023] instance 'processing_system7_0' of module 'design_1_processing_system7_0_0' has 66 connections declared, but only 64 given [/home/chethana/XILINX/New_IP_Accelerator/terrain_robot_hardware/terrain_robot_hardware.gen/sources_1/bd/design_1/synth/design_1.v:361]
INFO: [Synth 8-6157] synthesizing module 'design_1_ps7_0_axi_periph_1' [/home/chethana/XILINX/New_IP_Accelerator/terrain_robot_hardware/terrain_robot_hardware.gen/sources_1/bd/design_1/synth/design_1.v:614]
INFO: [Synth 8-6157] synthesizing module 'm00_couplers_imp_15SPJYW' [/home/chethana/XILINX/New_IP_Accelerator/terrain_robot_hardware/terrain_robot_hardware.gen/sources_1/bd/design_1/synth/design_1.v:1647]
INFO: [Synth 8-6155] done synthesizing module 'm00_couplers_imp_15SPJYW' (118#1) [/home/chethana/XILINX/New_IP_Accelerator/terrain_robot_hardware/terrain_robot_hardware.gen/sources_1/bd/design_1/synth/design_1.v:1647]
INFO: [Synth 8-6157] synthesizing module 'm01_couplers_imp_XU9C55' [/home/chethana/XILINX/New_IP_Accelerator/terrain_robot_hardware/terrain_robot_hardware.gen/sources_1/bd/design_1/synth/design_1.v:1779]
INFO: [Synth 8-6155] done synthesizing module 'm01_couplers_imp_XU9C55' (119#1) [/home/chethana/XILINX/New_IP_Accelerator/terrain_robot_hardware/terrain_robot_hardware.gen/sources_1/bd/design_1/synth/design_1.v:1779]
INFO: [Synth 8-6157] synthesizing module 'm02_couplers_imp_14WQB4R' [/home/chethana/XILINX/New_IP_Accelerator/terrain_robot_hardware/terrain_robot_hardware.gen/sources_1/bd/design_1/synth/design_1.v:1911]
INFO: [Synth 8-6155] done synthesizing module 'm02_couplers_imp_14WQB4R' (120#1) [/home/chethana/XILINX/New_IP_Accelerator/terrain_robot_hardware/terrain_robot_hardware.gen/sources_1/bd/design_1/synth/design_1.v:1911]
INFO: [Synth 8-6157] synthesizing module 'm03_couplers_imp_YFYJ3U' [/home/chethana/XILINX/New_IP_Accelerator/terrain_robot_hardware/terrain_robot_hardware.gen/sources_1/bd/design_1/synth/design_1.v:2043]
INFO: [Synth 8-6155] done synthesizing module 'm03_couplers_imp_YFYJ3U' (121#1) [/home/chethana/XILINX/New_IP_Accelerator/terrain_robot_hardware/terrain_robot_hardware.gen/sources_1/bd/design_1/synth/design_1.v:2043]
INFO: [Synth 8-6157] synthesizing module 's00_couplers_imp_UYSKKA' [/home/chethana/XILINX/New_IP_Accelerator/terrain_robot_hardware/terrain_robot_hardware.gen/sources_1/bd/design_1/synth/design_1.v:2175]
INFO: [Synth 8-6157] synthesizing module 'design_1_auto_pc_0' [/home/chethana/XILINX/New_IP_Accelerator/terrain_robot_hardware/terrain_robot_hardware.gen/sources_1/bd/design_1/ip/design_1_auto_pc_0/synth/design_1_auto_pc_0.v:58]
INFO: [Synth 8-6157] synthesizing module 'axi_protocol_converter_v2_1_22_axi_protocol_converter' [/home/chethana/XILINX/New_IP_Accelerator/terrain_robot_hardware/terrain_robot_hardware.gen/sources_1/bd/design_1/ipshared/5cee/hdl/axi_protocol_converter_v2_1_vl_rfs.v:4808]
	Parameter C_FAMILY bound to: zynq - type: string 
	Parameter C_M_AXI_PROTOCOL bound to: 2 - type: integer 
	Parameter C_S_AXI_PROTOCOL bound to: 1 - type: integer 
	Parameter C_IGNORE_ID bound to: 0 - type: integer 
	Parameter C_AXI_ID_WIDTH bound to: 12 - type: integer 
	Parameter C_AXI_ADDR_WIDTH bound to: 32 - type: integer 
	Parameter C_AXI_DATA_WIDTH bound to: 32 - type: integer 
	Parameter C_AXI_SUPPORTS_WRITE bound to: 1 - type: integer 
	Parameter C_AXI_SUPPORTS_READ bound to: 1 - type: integer 
	Parameter C_AXI_SUPPORTS_USER_SIGNALS bound to: 0 - type: integer 
	Parameter C_AXI_AWUSER_WIDTH bound to: 1 - type: integer 
	Parameter C_AXI_ARUSER_WIDTH bound to: 1 - type: integer 
	Parameter C_AXI_WUSER_WIDTH bound to: 1 - type: integer 
	Parameter C_AXI_RUSER_WIDTH bound to: 1 - type: integer 
	Parameter C_AXI_BUSER_WIDTH bound to: 1 - type: integer 
	Parameter C_TRANSLATION_MODE bound to: 2 - type: integer 
	Parameter P_AXI4 bound to: 0 - type: integer 
	Parameter P_AXI3 bound to: 1 - type: integer 
	Parameter P_AXILITE bound to: 2 - type: integer 
	Parameter P_AXILITE_SIZE bound to: 3'b010 
	Parameter P_INCR bound to: 2'b01 
	Parameter P_DECERR bound to: 2'b11 
	Parameter P_SLVERR bound to: 2'b10 
	Parameter P_PROTECTION bound to: 1 - type: integer 
	Parameter P_CONVERSION bound to: 2 - type: integer 
INFO: [Synth 8-6157] synthesizing module 'axi_protocol_converter_v2_1_22_b2s' [/home/chethana/XILINX/New_IP_Accelerator/terrain_robot_hardware/terrain_robot_hardware.gen/sources_1/bd/design_1/ipshared/5cee/hdl/axi_protocol_converter_v2_1_vl_rfs.v:4226]
	Parameter C_S_AXI_PROTOCOL bound to: 1 - type: integer 
	Parameter C_AXI_ID_WIDTH bound to: 12 - type: integer 
	Parameter C_AXI_ADDR_WIDTH bound to: 32 - type: integer 
	Parameter C_AXI_DATA_WIDTH bound to: 32 - type: integer 
	Parameter C_AXI_SUPPORTS_WRITE bound to: 1 - type: integer 
	Parameter C_AXI_SUPPORTS_READ bound to: 1 - type: integer 
INFO: [Synth 8-6157] synthesizing module 'axi_protocol_converter_v2_1_22_b2s_aw_channel' [/home/chethana/XILINX/New_IP_Accelerator/terrain_robot_hardware/terrain_robot_hardware.gen/sources_1/bd/design_1/ipshared/5cee/hdl/axi_protocol_converter_v2_1_vl_rfs.v:3971]
	Parameter C_ID_WIDTH bound to: 12 - type: integer 
	Parameter C_AXI_ADDR_WIDTH bound to: 32 - type: integer 
INFO: [Synth 8-6157] synthesizing module 'axi_protocol_converter_v2_1_22_b2s_cmd_translator' [/home/chethana/XILINX/New_IP_Accelerator/terrain_robot_hardware/terrain_robot_hardware.gen/sources_1/bd/design_1/ipshared/5cee/hdl/axi_protocol_converter_v2_1_vl_rfs.v:3464]
	Parameter C_AXI_ADDR_WIDTH bound to: 32 - type: integer 
	Parameter P_AXBURST_FIXED bound to: 2'b00 
	Parameter P_AXBURST_INCR bound to: 2'b01 
	Parameter P_AXBURST_WRAP bound to: 2'b10 
INFO: [Synth 8-6157] synthesizing module 'axi_protocol_converter_v2_1_22_b2s_incr_cmd' [/home/chethana/XILINX/New_IP_Accelerator/terrain_robot_hardware/terrain_robot_hardware.gen/sources_1/bd/design_1/ipshared/5cee/hdl/axi_protocol_converter_v2_1_vl_rfs.v:3092]
	Parameter C_AXI_ADDR_WIDTH bound to: 32 - type: integer 
	Parameter L_AXI_ADDR_LOW_BIT bound to: 12 - type: integer 
INFO: [Synth 8-6155] done synthesizing module 'axi_protocol_converter_v2_1_22_b2s_incr_cmd' (122#1) [/home/chethana/XILINX/New_IP_Accelerator/terrain_robot_hardware/terrain_robot_hardware.gen/sources_1/bd/design_1/ipshared/5cee/hdl/axi_protocol_converter_v2_1_vl_rfs.v:3092]
INFO: [Synth 8-6157] synthesizing module 'axi_protocol_converter_v2_1_22_b2s_wrap_cmd' [/home/chethana/XILINX/New_IP_Accelerator/terrain_robot_hardware/terrain_robot_hardware.gen/sources_1/bd/design_1/ipshared/5cee/hdl/axi_protocol_converter_v2_1_vl_rfs.v:2902]
	Parameter C_AXI_ADDR_WIDTH bound to: 32 - type: integer 
	Parameter L_AXI_ADDR_LOW_BIT bound to: 12 - type: integer 
INFO: [Synth 8-6155] done synthesizing module 'axi_protocol_converter_v2_1_22_b2s_wrap_cmd' (123#1) [/home/chethana/XILINX/New_IP_Accelerator/terrain_robot_hardware/terrain_robot_hardware.gen/sources_1/bd/design_1/ipshared/5cee/hdl/axi_protocol_converter_v2_1_vl_rfs.v:2902]
INFO: [Synth 8-6155] done synthesizing module 'axi_protocol_converter_v2_1_22_b2s_cmd_translator' (124#1) [/home/chethana/XILINX/New_IP_Accelerator/terrain_robot_hardware/terrain_robot_hardware.gen/sources_1/bd/design_1/ipshared/5cee/hdl/axi_protocol_converter_v2_1_vl_rfs.v:3464]
INFO: [Synth 8-6157] synthesizing module 'axi_protocol_converter_v2_1_22_b2s_wr_cmd_fsm' [/home/chethana/XILINX/New_IP_Accelerator/terrain_robot_hardware/terrain_robot_hardware.gen/sources_1/bd/design_1/ipshared/5cee/hdl/axi_protocol_converter_v2_1_vl_rfs.v:3224]
	Parameter SM_IDLE bound to: 2'b00 
	Parameter SM_CMD_EN bound to: 2'b01 
	Parameter SM_CMD_ACCEPTED bound to: 2'b10 
	Parameter SM_DONE_WAIT bound to: 2'b11 
INFO: [Synth 8-226] default block is never used [/home/chethana/XILINX/New_IP_Accelerator/terrain_robot_hardware/terrain_robot_hardware.gen/sources_1/bd/design_1/ipshared/5cee/hdl/axi_protocol_converter_v2_1_vl_rfs.v:3277]
INFO: [Synth 8-6155] done synthesizing module 'axi_protocol_converter_v2_1_22_b2s_wr_cmd_fsm' (125#1) [/home/chethana/XILINX/New_IP_Accelerator/terrain_robot_hardware/terrain_robot_hardware.gen/sources_1/bd/design_1/ipshared/5cee/hdl/axi_protocol_converter_v2_1_vl_rfs.v:3224]
INFO: [Synth 8-6155] done synthesizing module 'axi_protocol_converter_v2_1_22_b2s_aw_channel' (126#1) [/home/chethana/XILINX/New_IP_Accelerator/terrain_robot_hardware/terrain_robot_hardware.gen/sources_1/bd/design_1/ipshared/5cee/hdl/axi_protocol_converter_v2_1_vl_rfs.v:3971]
INFO: [Synth 8-6157] synthesizing module 'axi_protocol_converter_v2_1_22_b2s_b_channel' [/home/chethana/XILINX/New_IP_Accelerator/terrain_robot_hardware/terrain_robot_hardware.gen/sources_1/bd/design_1/ipshared/5cee/hdl/axi_protocol_converter_v2_1_vl_rfs.v:3606]
	Parameter C_ID_WIDTH bound to: 12 - type: integer 
	Parameter LP_RESP_OKAY bound to: 2'b00 
	Parameter LP_RESP_EXOKAY bound to: 2'b01 
	Parameter LP_RESP_SLVERROR bound to: 2'b10 
	Parameter LP_RESP_DECERR bound to: 2'b11 
	Parameter P_WIDTH bound to: 20 - type: integer 
	Parameter P_DEPTH bound to: 4 - type: integer 
	Parameter P_AWIDTH bound to: 2 - type: integer 
	Parameter P_RWIDTH bound to: 2 - type: integer 
	Parameter P_RDEPTH bound to: 4 - type: integer 
	Parameter P_RAWIDTH bound to: 2 - type: integer 
INFO: [Synth 8-6157] synthesizing module 'axi_protocol_converter_v2_1_22_b2s_simple_fifo' [/home/chethana/XILINX/New_IP_Accelerator/terrain_robot_hardware/terrain_robot_hardware.gen/sources_1/bd/design_1/ipshared/5cee/hdl/axi_protocol_converter_v2_1_vl_rfs.v:2816]
	Parameter C_WIDTH bound to: 20 - type: integer 
	Parameter C_AWIDTH bound to: 2 - type: integer 
	Parameter C_DEPTH bound to: 4 - type: integer 
	Parameter C_EMPTY bound to: 2'b11 
	Parameter C_EMPTY_PRE bound to: 2'b00 
	Parameter C_FULL bound to: 2'b10 
	Parameter C_FULL_PRE bound to: 2'b01 
INFO: [Synth 8-6155] done synthesizing module 'axi_protocol_converter_v2_1_22_b2s_simple_fifo' (127#1) [/home/chethana/XILINX/New_IP_Accelerator/terrain_robot_hardware/terrain_robot_hardware.gen/sources_1/bd/design_1/ipshared/5cee/hdl/axi_protocol_converter_v2_1_vl_rfs.v:2816]
INFO: [Synth 8-6157] synthesizing module 'axi_protocol_converter_v2_1_22_b2s_simple_fifo__parameterized0' [/home/chethana/XILINX/New_IP_Accelerator/terrain_robot_hardware/terrain_robot_hardware.gen/sources_1/bd/design_1/ipshared/5cee/hdl/axi_protocol_converter_v2_1_vl_rfs.v:2816]
	Parameter C_WIDTH bound to: 2 - type: integer 
	Parameter C_AWIDTH bound to: 2 - type: integer 
	Parameter C_DEPTH bound to: 4 - type: integer 
	Parameter C_EMPTY bound to: 2'b11 
	Parameter C_EMPTY_PRE bound to: 2'b00 
	Parameter C_FULL bound to: 2'b10 
	Parameter C_FULL_PRE bound to: 2'b01 
INFO: [Synth 8-6155] done synthesizing module 'axi_protocol_converter_v2_1_22_b2s_simple_fifo__parameterized0' (127#1) [/home/chethana/XILINX/New_IP_Accelerator/terrain_robot_hardware/terrain_robot_hardware.gen/sources_1/bd/design_1/ipshared/5cee/hdl/axi_protocol_converter_v2_1_vl_rfs.v:2816]
INFO: [Synth 8-6155] done synthesizing module 'axi_protocol_converter_v2_1_22_b2s_b_channel' (128#1) [/home/chethana/XILINX/New_IP_Accelerator/terrain_robot_hardware/terrain_robot_hardware.gen/sources_1/bd/design_1/ipshared/5cee/hdl/axi_protocol_converter_v2_1_vl_rfs.v:3606]
INFO: [Synth 8-6157] synthesizing module 'axi_protocol_converter_v2_1_22_b2s_ar_channel' [/home/chethana/XILINX/New_IP_Accelerator/terrain_robot_hardware/terrain_robot_hardware.gen/sources_1/bd/design_1/ipshared/5cee/hdl/axi_protocol_converter_v2_1_vl_rfs.v:4082]
	Parameter C_ID_WIDTH bound to: 12 - type: integer 
	Parameter C_AXI_ADDR_WIDTH bound to: 32 - type: integer 
INFO: [Synth 8-6157] synthesizing module 'axi_protocol_converter_v2_1_22_b2s_rd_cmd_fsm' [/home/chethana/XILINX/New_IP_Accelerator/terrain_robot_hardware/terrain_robot_hardware.gen/sources_1/bd/design_1/ipshared/5cee/hdl/axi_protocol_converter_v2_1_vl_rfs.v:3334]
	Parameter SM_IDLE bound to: 2'b00 
	Parameter SM_CMD_EN bound to: 2'b01 
	Parameter SM_CMD_ACCEPTED bound to: 2'b10 
	Parameter SM_DONE bound to: 2'b11 
INFO: [Synth 8-226] default block is never used [/home/chethana/XILINX/New_IP_Accelerator/terrain_robot_hardware/terrain_robot_hardware.gen/sources_1/bd/design_1/ipshared/5cee/hdl/axi_protocol_converter_v2_1_vl_rfs.v:3395]
INFO: [Synth 8-6155] done synthesizing module 'axi_protocol_converter_v2_1_22_b2s_rd_cmd_fsm' (129#1) [/home/chethana/XILINX/New_IP_Accelerator/terrain_robot_hardware/terrain_robot_hardware.gen/sources_1/bd/design_1/ipshared/5cee/hdl/axi_protocol_converter_v2_1_vl_rfs.v:3334]
INFO: [Synth 8-6155] done synthesizing module 'axi_protocol_converter_v2_1_22_b2s_ar_channel' (130#1) [/home/chethana/XILINX/New_IP_Accelerator/terrain_robot_hardware/terrain_robot_hardware.gen/sources_1/bd/design_1/ipshared/5cee/hdl/axi_protocol_converter_v2_1_vl_rfs.v:4082]
INFO: [Synth 8-6157] synthesizing module 'axi_protocol_converter_v2_1_22_b2s_r_channel' [/home/chethana/XILINX/New_IP_Accelerator/terrain_robot_hardware/terrain_robot_hardware.gen/sources_1/bd/design_1/ipshared/5cee/hdl/axi_protocol_converter_v2_1_vl_rfs.v:3811]
	Parameter C_ID_WIDTH bound to: 12 - type: integer 
	Parameter C_DATA_WIDTH bound to: 32 - type: integer 
	Parameter P_WIDTH bound to: 13 - type: integer 
	Parameter P_DEPTH bound to: 32 - type: integer 
	Parameter P_AWIDTH bound to: 5 - type: integer 
	Parameter P_D_WIDTH bound to: 34 - type: integer 
	Parameter P_D_DEPTH bound to: 32 - type: integer 
	Parameter P_D_AWIDTH bound to: 5 - type: integer 
INFO: [Synth 8-6157] synthesizing module 'axi_protocol_converter_v2_1_22_b2s_simple_fifo__parameterized1' [/home/chethana/XILINX/New_IP_Accelerator/terrain_robot_hardware/terrain_robot_hardware.gen/sources_1/bd/design_1/ipshared/5cee/hdl/axi_protocol_converter_v2_1_vl_rfs.v:2816]
	Parameter C_WIDTH bound to: 34 - type: integer 
	Parameter C_AWIDTH bound to: 5 - type: integer 
	Parameter C_DEPTH bound to: 32 - type: integer 
	Parameter C_EMPTY bound to: 5'b11111 
	Parameter C_EMPTY_PRE bound to: 5'b00000 
	Parameter C_FULL bound to: 5'b11110 
	Parameter C_FULL_PRE bound to: 5'b11010 
INFO: [Synth 8-6155] done synthesizing module 'axi_protocol_converter_v2_1_22_b2s_simple_fifo__parameterized1' (130#1) [/home/chethana/XILINX/New_IP_Accelerator/terrain_robot_hardware/terrain_robot_hardware.gen/sources_1/bd/design_1/ipshared/5cee/hdl/axi_protocol_converter_v2_1_vl_rfs.v:2816]
INFO: [Synth 8-6157] synthesizing module 'axi_protocol_converter_v2_1_22_b2s_simple_fifo__parameterized2' [/home/chethana/XILINX/New_IP_Accelerator/terrain_robot_hardware/terrain_robot_hardware.gen/sources_1/bd/design_1/ipshared/5cee/hdl/axi_protocol_converter_v2_1_vl_rfs.v:2816]
	Parameter C_WIDTH bound to: 13 - type: integer 
	Parameter C_AWIDTH bound to: 5 - type: integer 
	Parameter C_DEPTH bound to: 32 - type: integer 
	Parameter C_EMPTY bound to: 5'b11111 
	Parameter C_EMPTY_PRE bound to: 5'b00000 
	Parameter C_FULL bound to: 5'b11110 
	Parameter C_FULL_PRE bound to: 5'b11010 
INFO: [Synth 8-6155] done synthesizing module 'axi_protocol_converter_v2_1_22_b2s_simple_fifo__parameterized2' (130#1) [/home/chethana/XILINX/New_IP_Accelerator/terrain_robot_hardware/terrain_robot_hardware.gen/sources_1/bd/design_1/ipshared/5cee/hdl/axi_protocol_converter_v2_1_vl_rfs.v:2816]
INFO: [Synth 8-6155] done synthesizing module 'axi_protocol_converter_v2_1_22_b2s_r_channel' (131#1) [/home/chethana/XILINX/New_IP_Accelerator/terrain_robot_hardware/terrain_robot_hardware.gen/sources_1/bd/design_1/ipshared/5cee/hdl/axi_protocol_converter_v2_1_vl_rfs.v:3811]
INFO: [Synth 8-6157] synthesizing module 'axi_register_slice_v2_1_22_axi_register_slice' [/home/chethana/XILINX/New_IP_Accelerator/terrain_robot_hardware/terrain_robot_hardware.gen/sources_1/bd/design_1/ipshared/af2c/hdl/axi_register_slice_v2_1_vl_rfs.v:3726]
	Parameter C_FAMILY bound to: virtex6 - type: string 
	Parameter C_AXI_PROTOCOL bound to: 1 - type: integer 
	Parameter C_AXI_ID_WIDTH bound to: 12 - type: integer 
	Parameter C_AXI_ADDR_WIDTH bound to: 32 - type: integer 
	Parameter C_AXI_DATA_WIDTH bound to: 32 - type: integer 
	Parameter C_AXI_SUPPORTS_USER_SIGNALS bound to: 0 - type: integer 
	Parameter C_AXI_AWUSER_WIDTH bound to: 1 - type: integer 
	Parameter C_AXI_ARUSER_WIDTH bound to: 1 - type: integer 
	Parameter C_AXI_WUSER_WIDTH bound to: 1 - type: integer 
	Parameter C_AXI_RUSER_WIDTH bound to: 1 - type: integer 
	Parameter C_AXI_BUSER_WIDTH bound to: 1 - type: integer 
	Parameter C_REG_CONFIG_AW bound to: 1 - type: integer 
	Parameter C_REG_CONFIG_W bound to: 0 - type: integer 
	Parameter C_REG_CONFIG_B bound to: 1 - type: integer 
	Parameter C_REG_CONFIG_AR bound to: 1 - type: integer 
	Parameter C_REG_CONFIG_R bound to: 1 - type: integer 
	Parameter C_RESERVE_MODE bound to: 0 - type: integer 
	Parameter C_NUM_SLR_CROSSINGS bound to: 0 - type: integer 
	Parameter C_PIPELINES_MASTER_AW bound to: 0 - type: integer 
	Parameter C_PIPELINES_MASTER_W bound to: 0 - type: integer 
	Parameter C_PIPELINES_MASTER_B bound to: 0 - type: integer 
	Parameter C_PIPELINES_MASTER_AR bound to: 0 - type: integer 
	Parameter C_PIPELINES_MASTER_R bound to: 0 - type: integer 
	Parameter C_PIPELINES_SLAVE_AW bound to: 0 - type: integer 
	Parameter C_PIPELINES_SLAVE_W bound to: 0 - type: integer 
	Parameter C_PIPELINES_SLAVE_B bound to: 0 - type: integer 
	Parameter C_PIPELINES_SLAVE_AR bound to: 0 - type: integer 
	Parameter C_PIPELINES_SLAVE_R bound to: 0 - type: integer 
	Parameter C_PIPELINES_MIDDLE_AW bound to: 0 - type: integer 
	Parameter C_PIPELINES_MIDDLE_W bound to: 0 - type: integer 
	Parameter C_PIPELINES_MIDDLE_B bound to: 0 - type: integer 
	Parameter C_PIPELINES_MIDDLE_AR bound to: 0 - type: integer 
	Parameter C_PIPELINES_MIDDLE_R bound to: 0 - type: integer 
	Parameter C_AXI_SUPPORTS_REGION_SIGNALS bound to: 0 - type: integer 
	Parameter P_FORWARD bound to: 0 - type: integer 
	Parameter P_RESPONSE bound to: 1 - type: integer 
	Parameter G_AXI_AWADDR_INDEX bound to: 0 - type: integer 
	Parameter G_AXI_AWADDR_WIDTH bound to: 32 - type: integer 
	Parameter G_AXI_AWPROT_INDEX bound to: 32 - type: integer 
	Parameter G_AXI_AWPROT_WIDTH bound to: 3 - type: integer 
	Parameter G_AXI_AWSIZE_INDEX bound to: 35 - type: integer 
	Parameter G_AXI_AWSIZE_WIDTH bound to: 3 - type: integer 
	Parameter G_AXI_AWBURST_INDEX bound to: 38 - type: integer 
	Parameter G_AXI_AWBURST_WIDTH bound to: 2 - type: integer 
	Parameter G_AXI_AWCACHE_INDEX bound to: 40 - type: integer 
	Parameter G_AXI_AWCACHE_WIDTH bound to: 4 - type: integer 
	Parameter G_AXI_AWLEN_INDEX bound to: 44 - type: integer 
	Parameter G_AXI_AWLEN_WIDTH bound to: 4 - type: integer 
	Parameter G_AXI_AWLOCK_INDEX bound to: 48 - type: integer 
	Parameter G_AXI_AWLOCK_WIDTH bound to: 2 - type: integer 
	Parameter G_AXI_AWID_INDEX bound to: 50 - type: integer 
	Parameter G_AXI_AWID_WIDTH bound to: 12 - type: integer 
	Parameter G_AXI_AWQOS_INDEX bound to: 62 - type: integer 
	Parameter G_AXI_AWQOS_WIDTH bound to: 4 - type: integer 
	Parameter G_AXI_AWREGION_INDEX bound to: 66 - type: integer 
	Parameter G_AXI_AWREGION_WIDTH bound to: 0 - type: integer 
	Parameter G_AXI_AWUSER_INDEX bound to: 66 - type: integer 
	Parameter G_AXI_AWUSER_WIDTH bound to: 0 - type: integer 
	Parameter G_AXI_AWPAYLOAD_WIDTH bound to: 66 - type: integer 
	Parameter G_AXI_ARADDR_INDEX bound to: 0 - type: integer 
	Parameter G_AXI_ARADDR_WIDTH bound to: 32 - type: integer 
	Parameter G_AXI_ARPROT_INDEX bound to: 32 - type: integer 
	Parameter G_AXI_ARPROT_WIDTH bound to: 3 - type: integer 
	Parameter G_AXI_ARSIZE_INDEX bound to: 35 - type: integer 
	Parameter G_AXI_ARSIZE_WIDTH bound to: 3 - type: integer 
	Parameter G_AXI_ARBURST_INDEX bound to: 38 - type: integer 
	Parameter G_AXI_ARBURST_WIDTH bound to: 2 - type: integer 
	Parameter G_AXI_ARCACHE_INDEX bound to: 40 - type: integer 
	Parameter G_AXI_ARCACHE_WIDTH bound to: 4 - type: integer 
	Parameter G_AXI_ARLEN_INDEX bound to: 44 - type: integer 
	Parameter G_AXI_ARLEN_WIDTH bound to: 4 - type: integer 
	Parameter G_AXI_ARLOCK_INDEX bound to: 48 - type: integer 
	Parameter G_AXI_ARLOCK_WIDTH bound to: 2 - type: integer 
	Parameter G_AXI_ARID_INDEX bound to: 50 - type: integer 
	Parameter G_AXI_ARID_WIDTH bound to: 12 - type: integer 
	Parameter G_AXI_ARQOS_INDEX bound to: 62 - type: integer 
	Parameter G_AXI_ARQOS_WIDTH bound to: 4 - type: integer 
	Parameter G_AXI_ARREGION_INDEX bound to: 66 - type: integer 
	Parameter G_AXI_ARREGION_WIDTH bound to: 0 - type: integer 
	Parameter G_AXI_ARUSER_INDEX bound to: 66 - type: integer 
	Parameter G_AXI_ARUSER_WIDTH bound to: 0 - type: integer 
	Parameter G_AXI_ARPAYLOAD_WIDTH bound to: 66 - type: integer 
	Parameter G_AXI_WDATA_INDEX bound to: 0 - type: integer 
	Parameter G_AXI_WDATA_WIDTH bound to: 32 - type: integer 
	Parameter G_AXI_WSTRB_INDEX bound to: 32 - type: integer 
	Parameter G_AXI_WSTRB_WIDTH bound to: 4 - type: integer 
	Parameter G_AXI_WLAST_INDEX bound to: 36 - type: integer 
	Parameter G_AXI_WLAST_WIDTH bound to: 1 - type: integer 
	Parameter G_AXI_WID_INDEX bound to: 37 - type: integer 
	Parameter G_AXI_WID_WIDTH bound to: 12 - type: integer 
	Parameter G_AXI_WUSER_INDEX bound to: 49 - type: integer 
	Parameter G_AXI_WUSER_WIDTH bound to: 0 - type: integer 
	Parameter G_AXI_WPAYLOAD_WIDTH bound to: 49 - type: integer 
	Parameter G_AXI_BRESP_INDEX bound to: 0 - type: integer 
	Parameter G_AXI_BRESP_WIDTH bound to: 2 - type: integer 
	Parameter G_AXI_BID_INDEX bound to: 2 - type: integer 
	Parameter G_AXI_BID_WIDTH bound to: 12 - type: integer 
	Parameter G_AXI_BUSER_INDEX bound to: 14 - type: integer 
	Parameter G_AXI_BUSER_WIDTH bound to: 0 - type: integer 
	Parameter G_AXI_BPAYLOAD_WIDTH bound to: 14 - type: integer 
	Parameter G_AXI_RDATA_INDEX bound to: 0 - type: integer 
	Parameter G_AXI_RDATA_WIDTH bound to: 32 - type: integer 
	Parameter G_AXI_RRESP_INDEX bound to: 32 - type: integer 
	Parameter G_AXI_RRESP_WIDTH bound to: 2 - type: integer 
	Parameter G_AXI_RLAST_INDEX bound to: 34 - type: integer 
	Parameter G_AXI_RLAST_WIDTH bound to: 1 - type: integer 
	Parameter G_AXI_RID_INDEX bound to: 35 - type: integer 
	Parameter G_AXI_RID_WIDTH bound to: 12 - type: integer 
	Parameter G_AXI_RUSER_INDEX bound to: 47 - type: integer 
	Parameter G_AXI_RUSER_WIDTH bound to: 0 - type: integer 
	Parameter G_AXI_RPAYLOAD_WIDTH bound to: 47 - type: integer 
INFO: [Synth 8-6157] synthesizing module 'axi_infrastructure_v1_1_0_axi2vector' [/home/chethana/XILINX/New_IP_Accelerator/terrain_robot_hardware/terrain_robot_hardware.gen/sources_1/bd/design_1/ipshared/ec67/hdl/axi_infrastructure_v1_1_vl_rfs.v:60]
	Parameter C_AXI_PROTOCOL bound to: 1 - type: integer 
	Parameter C_AXI_ID_WIDTH bound to: 12 - type: integer 
	Parameter C_AXI_ADDR_WIDTH bound to: 32 - type: integer 
	Parameter C_AXI_DATA_WIDTH bound to: 32 - type: integer 
	Parameter C_AXI_SUPPORTS_USER_SIGNALS bound to: 0 - type: integer 
	Parameter C_AXI_SUPPORTS_REGION_SIGNALS bound to: 0 - type: integer 
	Parameter C_AXI_AWUSER_WIDTH bound to: 1 - type: integer 
	Parameter C_AXI_WUSER_WIDTH bound to: 1 - type: integer 
	Parameter C_AXI_BUSER_WIDTH bound to: 1 - type: integer 
	Parameter C_AXI_ARUSER_WIDTH bound to: 1 - type: integer 
	Parameter C_AXI_RUSER_WIDTH bound to: 1 - type: integer 
	Parameter C_AWPAYLOAD_WIDTH bound to: 66 - type: integer 
	Parameter C_WPAYLOAD_WIDTH bound to: 49 - type: integer 
	Parameter C_BPAYLOAD_WIDTH bound to: 14 - type: integer 
	Parameter C_ARPAYLOAD_WIDTH bound to: 66 - type: integer 
	Parameter C_RPAYLOAD_WIDTH bound to: 47 - type: integer 
	Parameter G_AXI_AWADDR_INDEX bound to: 0 - type: integer 
	Parameter G_AXI_AWADDR_WIDTH bound to: 32 - type: integer 
	Parameter G_AXI_AWPROT_INDEX bound to: 32 - type: integer 
	Parameter G_AXI_AWPROT_WIDTH bound to: 3 - type: integer 
	Parameter G_AXI_AWSIZE_INDEX bound to: 35 - type: integer 
	Parameter G_AXI_AWSIZE_WIDTH bound to: 3 - type: integer 
	Parameter G_AXI_AWBURST_INDEX bound to: 38 - type: integer 
	Parameter G_AXI_AWBURST_WIDTH bound to: 2 - type: integer 
	Parameter G_AXI_AWCACHE_INDEX bound to: 40 - type: integer 
	Parameter G_AXI_AWCACHE_WIDTH bound to: 4 - type: integer 
	Parameter G_AXI_AWLEN_INDEX bound to: 44 - type: integer 
	Parameter G_AXI_AWLEN_WIDTH bound to: 4 - type: integer 
	Parameter G_AXI_AWLOCK_INDEX bound to: 48 - type: integer 
	Parameter G_AXI_AWLOCK_WIDTH bound to: 2 - type: integer 
	Parameter G_AXI_AWID_INDEX bound to: 50 - type: integer 
	Parameter G_AXI_AWID_WIDTH bound to: 12 - type: integer 
	Parameter G_AXI_AWQOS_INDEX bound to: 62 - type: integer 
	Parameter G_AXI_AWQOS_WIDTH bound to: 4 - type: integer 
	Parameter G_AXI_AWREGION_INDEX bound to: 66 - type: integer 
	Parameter G_AXI_AWREGION_WIDTH bound to: 0 - type: integer 
	Parameter G_AXI_AWUSER_INDEX bound to: 66 - type: integer 
	Parameter G_AXI_AWUSER_WIDTH bound to: 0 - type: integer 
	Parameter G_AXI_AWPAYLOAD_WIDTH bound to: 66 - type: integer 
	Parameter G_AXI_ARADDR_INDEX bound to: 0 - type: integer 
	Parameter G_AXI_ARADDR_WIDTH bound to: 32 - type: integer 
	Parameter G_AXI_ARPROT_INDEX bound to: 32 - type: integer 
	Parameter G_AXI_ARPROT_WIDTH bound to: 3 - type: integer 
	Parameter G_AXI_ARSIZE_INDEX bound to: 35 - type: integer 
	Parameter G_AXI_ARSIZE_WIDTH bound to: 3 - type: integer 
	Parameter G_AXI_ARBURST_INDEX bound to: 38 - type: integer 
	Parameter G_AXI_ARBURST_WIDTH bound to: 2 - type: integer 
	Parameter G_AXI_ARCACHE_INDEX bound to: 40 - type: integer 
	Parameter G_AXI_ARCACHE_WIDTH bound to: 4 - type: integer 
	Parameter G_AXI_ARLEN_INDEX bound to: 44 - type: integer 
	Parameter G_AXI_ARLEN_WIDTH bound to: 4 - type: integer 
	Parameter G_AXI_ARLOCK_INDEX bound to: 48 - type: integer 
	Parameter G_AXI_ARLOCK_WIDTH bound to: 2 - type: integer 
	Parameter G_AXI_ARID_INDEX bound to: 50 - type: integer 
	Parameter G_AXI_ARID_WIDTH bound to: 12 - type: integer 
	Parameter G_AXI_ARQOS_INDEX bound to: 62 - type: integer 
	Parameter G_AXI_ARQOS_WIDTH bound to: 4 - type: integer 
	Parameter G_AXI_ARREGION_INDEX bound to: 66 - type: integer 
	Parameter G_AXI_ARREGION_WIDTH bound to: 0 - type: integer 
	Parameter G_AXI_ARUSER_INDEX bound to: 66 - type: integer 
	Parameter G_AXI_ARUSER_WIDTH bound to: 0 - type: integer 
	Parameter G_AXI_ARPAYLOAD_WIDTH bound to: 66 - type: integer 
	Parameter G_AXI_WDATA_INDEX bound to: 0 - type: integer 
	Parameter G_AXI_WDATA_WIDTH bound to: 32 - type: integer 
	Parameter G_AXI_WSTRB_INDEX bound to: 32 - type: integer 
	Parameter G_AXI_WSTRB_WIDTH bound to: 4 - type: integer 
	Parameter G_AXI_WLAST_INDEX bound to: 36 - type: integer 
	Parameter G_AXI_WLAST_WIDTH bound to: 1 - type: integer 
	Parameter G_AXI_WID_INDEX bound to: 37 - type: integer 
	Parameter G_AXI_WID_WIDTH bound to: 12 - type: integer 
	Parameter G_AXI_WUSER_INDEX bound to: 49 - type: integer 
	Parameter G_AXI_WUSER_WIDTH bound to: 0 - type: integer 
	Parameter G_AXI_WPAYLOAD_WIDTH bound to: 49 - type: integer 
	Parameter G_AXI_BRESP_INDEX bound to: 0 - type: integer 
	Parameter G_AXI_BRESP_WIDTH bound to: 2 - type: integer 
	Parameter G_AXI_BID_INDEX bound to: 2 - type: integer 
	Parameter G_AXI_BID_WIDTH bound to: 12 - type: integer 
	Parameter G_AXI_BUSER_INDEX bound to: 14 - type: integer 
	Parameter G_AXI_BUSER_WIDTH bound to: 0 - type: integer 
	Parameter G_AXI_BPAYLOAD_WIDTH bound to: 14 - type: integer 
	Parameter G_AXI_RDATA_INDEX bound to: 0 - type: integer 
	Parameter G_AXI_RDATA_WIDTH bound to: 32 - type: integer 
	Parameter G_AXI_RRESP_INDEX bound to: 32 - type: integer 
	Parameter G_AXI_RRESP_WIDTH bound to: 2 - type: integer 
	Parameter G_AXI_RLAST_INDEX bound to: 34 - type: integer 
	Parameter G_AXI_RLAST_WIDTH bound to: 1 - type: integer 
	Parameter G_AXI_RID_INDEX bound to: 35 - type: integer 
	Parameter G_AXI_RID_WIDTH bound to: 12 - type: integer 
	Parameter G_AXI_RUSER_INDEX bound to: 47 - type: integer 
	Parameter G_AXI_RUSER_WIDTH bound to: 0 - type: integer 
	Parameter G_AXI_RPAYLOAD_WIDTH bound to: 47 - type: integer 
INFO: [Synth 8-6155] done synthesizing module 'axi_infrastructure_v1_1_0_axi2vector' (132#1) [/home/chethana/XILINX/New_IP_Accelerator/terrain_robot_hardware/terrain_robot_hardware.gen/sources_1/bd/design_1/ipshared/ec67/hdl/axi_infrastructure_v1_1_vl_rfs.v:60]
INFO: [Synth 8-6157] synthesizing module 'axi_infrastructure_v1_1_0_vector2axi' [/home/chethana/XILINX/New_IP_Accelerator/terrain_robot_hardware/terrain_robot_hardware.gen/sources_1/bd/design_1/ipshared/ec67/hdl/axi_infrastructure_v1_1_vl_rfs.v:474]
	Parameter C_AXI_PROTOCOL bound to: 1 - type: integer 
	Parameter C_AXI_ID_WIDTH bound to: 12 - type: integer 
	Parameter C_AXI_ADDR_WIDTH bound to: 32 - type: integer 
	Parameter C_AXI_DATA_WIDTH bound to: 32 - type: integer 
	Parameter C_AXI_SUPPORTS_USER_SIGNALS bound to: 0 - type: integer 
	Parameter C_AXI_SUPPORTS_REGION_SIGNALS bound to: 0 - type: integer 
	Parameter C_AXI_AWUSER_WIDTH bound to: 1 - type: integer 
	Parameter C_AXI_WUSER_WIDTH bound to: 1 - type: integer 
	Parameter C_AXI_BUSER_WIDTH bound to: 1 - type: integer 
	Parameter C_AXI_ARUSER_WIDTH bound to: 1 - type: integer 
	Parameter C_AXI_RUSER_WIDTH bound to: 1 - type: integer 
	Parameter C_AWPAYLOAD_WIDTH bound to: 66 - type: integer 
	Parameter C_WPAYLOAD_WIDTH bound to: 49 - type: integer 
	Parameter C_BPAYLOAD_WIDTH bound to: 14 - type: integer 
	Parameter C_ARPAYLOAD_WIDTH bound to: 66 - type: integer 
	Parameter C_RPAYLOAD_WIDTH bound to: 47 - type: integer 
	Parameter G_AXI_AWADDR_INDEX bound to: 0 - type: integer 
	Parameter G_AXI_AWADDR_WIDTH bound to: 32 - type: integer 
	Parameter G_AXI_AWPROT_INDEX bound to: 32 - type: integer 
	Parameter G_AXI_AWPROT_WIDTH bound to: 3 - type: integer 
	Parameter G_AXI_AWSIZE_INDEX bound to: 35 - type: integer 
	Parameter G_AXI_AWSIZE_WIDTH bound to: 3 - type: integer 
	Parameter G_AXI_AWBURST_INDEX bound to: 38 - type: integer 
	Parameter G_AXI_AWBURST_WIDTH bound to: 2 - type: integer 
	Parameter G_AXI_AWCACHE_INDEX bound to: 40 - type: integer 
	Parameter G_AXI_AWCACHE_WIDTH bound to: 4 - type: integer 
	Parameter G_AXI_AWLEN_INDEX bound to: 44 - type: integer 
	Parameter G_AXI_AWLEN_WIDTH bound to: 4 - type: integer 
	Parameter G_AXI_AWLOCK_INDEX bound to: 48 - type: integer 
	Parameter G_AXI_AWLOCK_WIDTH bound to: 2 - type: integer 
	Parameter G_AXI_AWID_INDEX bound to: 50 - type: integer 
	Parameter G_AXI_AWID_WIDTH bound to: 12 - type: integer 
	Parameter G_AXI_AWQOS_INDEX bound to: 62 - type: integer 
	Parameter G_AXI_AWQOS_WIDTH bound to: 4 - type: integer 
	Parameter G_AXI_AWREGION_INDEX bound to: 66 - type: integer 
	Parameter G_AXI_AWREGION_WIDTH bound to: 0 - type: integer 
	Parameter G_AXI_AWUSER_INDEX bound to: 66 - type: integer 
	Parameter G_AXI_AWUSER_WIDTH bound to: 0 - type: integer 
	Parameter G_AXI_AWPAYLOAD_WIDTH bound to: 66 - type: integer 
	Parameter G_AXI_ARADDR_INDEX bound to: 0 - type: integer 
	Parameter G_AXI_ARADDR_WIDTH bound to: 32 - type: integer 
	Parameter G_AXI_ARPROT_INDEX bound to: 32 - type: integer 
	Parameter G_AXI_ARPROT_WIDTH bound to: 3 - type: integer 
	Parameter G_AXI_ARSIZE_INDEX bound to: 35 - type: integer 
	Parameter G_AXI_ARSIZE_WIDTH bound to: 3 - type: integer 
	Parameter G_AXI_ARBURST_INDEX bound to: 38 - type: integer 
	Parameter G_AXI_ARBURST_WIDTH bound to: 2 - type: integer 
	Parameter G_AXI_ARCACHE_INDEX bound to: 40 - type: integer 
	Parameter G_AXI_ARCACHE_WIDTH bound to: 4 - type: integer 
	Parameter G_AXI_ARLEN_INDEX bound to: 44 - type: integer 
	Parameter G_AXI_ARLEN_WIDTH bound to: 4 - type: integer 
	Parameter G_AXI_ARLOCK_INDEX bound to: 48 - type: integer 
	Parameter G_AXI_ARLOCK_WIDTH bound to: 2 - type: integer 
	Parameter G_AXI_ARID_INDEX bound to: 50 - type: integer 
	Parameter G_AXI_ARID_WIDTH bound to: 12 - type: integer 
	Parameter G_AXI_ARQOS_INDEX bound to: 62 - type: integer 
	Parameter G_AXI_ARQOS_WIDTH bound to: 4 - type: integer 
	Parameter G_AXI_ARREGION_INDEX bound to: 66 - type: integer 
	Parameter G_AXI_ARREGION_WIDTH bound to: 0 - type: integer 
	Parameter G_AXI_ARUSER_INDEX bound to: 66 - type: integer 
	Parameter G_AXI_ARUSER_WIDTH bound to: 0 - type: integer 
	Parameter G_AXI_ARPAYLOAD_WIDTH bound to: 66 - type: integer 
	Parameter G_AXI_WDATA_INDEX bound to: 0 - type: integer 
	Parameter G_AXI_WDATA_WIDTH bound to: 32 - type: integer 
	Parameter G_AXI_WSTRB_INDEX bound to: 32 - type: integer 
	Parameter G_AXI_WSTRB_WIDTH bound to: 4 - type: integer 
	Parameter G_AXI_WLAST_INDEX bound to: 36 - type: integer 
	Parameter G_AXI_WLAST_WIDTH bound to: 1 - type: integer 
	Parameter G_AXI_WID_INDEX bound to: 37 - type: integer 
	Parameter G_AXI_WID_WIDTH bound to: 12 - type: integer 
	Parameter G_AXI_WUSER_INDEX bound to: 49 - type: integer 
	Parameter G_AXI_WUSER_WIDTH bound to: 0 - type: integer 
	Parameter G_AXI_WPAYLOAD_WIDTH bound to: 49 - type: integer 
	Parameter G_AXI_BRESP_INDEX bound to: 0 - type: integer 
	Parameter G_AXI_BRESP_WIDTH bound to: 2 - type: integer 
	Parameter G_AXI_BID_INDEX bound to: 2 - type: integer 
	Parameter G_AXI_BID_WIDTH bound to: 12 - type: integer 
	Parameter G_AXI_BUSER_INDEX bound to: 14 - type: integer 
	Parameter G_AXI_BUSER_WIDTH bound to: 0 - type: integer 
	Parameter G_AXI_BPAYLOAD_WIDTH bound to: 14 - type: integer 
	Parameter G_AXI_RDATA_INDEX bound to: 0 - type: integer 
	Parameter G_AXI_RDATA_WIDTH bound to: 32 - type: integer 
	Parameter G_AXI_RRESP_INDEX bound to: 32 - type: integer 
	Parameter G_AXI_RRESP_WIDTH bound to: 2 - type: integer 
	Parameter G_AXI_RLAST_INDEX bound to: 34 - type: integer 
	Parameter G_AXI_RLAST_WIDTH bound to: 1 - type: integer 
	Parameter G_AXI_RID_INDEX bound to: 35 - type: integer 
	Parameter G_AXI_RID_WIDTH bound to: 12 - type: integer 
	Parameter G_AXI_RUSER_INDEX bound to: 47 - type: integer 
	Parameter G_AXI_RUSER_WIDTH bound to: 0 - type: integer 
	Parameter G_AXI_RPAYLOAD_WIDTH bound to: 47 - type: integer 
INFO: [Synth 8-6155] done synthesizing module 'axi_infrastructure_v1_1_0_vector2axi' (133#1) [/home/chethana/XILINX/New_IP_Accelerator/terrain_robot_hardware/terrain_robot_hardware.gen/sources_1/bd/design_1/ipshared/ec67/hdl/axi_infrastructure_v1_1_vl_rfs.v:474]
INFO: [Synth 8-6157] synthesizing module 'axi_register_slice_v2_1_22_axic_register_slice' [/home/chethana/XILINX/New_IP_Accelerator/terrain_robot_hardware/terrain_robot_hardware.gen/sources_1/bd/design_1/ipshared/af2c/hdl/axi_register_slice_v2_1_vl_rfs.v:1498]
	Parameter C_FAMILY bound to: virtex6 - type: string 
	Parameter C_DATA_WIDTH bound to: 66 - type: integer 
	Parameter C_REG_CONFIG bound to: 1 - type: integer 
INFO: [Synth 8-6155] done synthesizing module 'axi_register_slice_v2_1_22_axic_register_slice' (134#1) [/home/chethana/XILINX/New_IP_Accelerator/terrain_robot_hardware/terrain_robot_hardware.gen/sources_1/bd/design_1/ipshared/af2c/hdl/axi_register_slice_v2_1_vl_rfs.v:1498]
INFO: [Synth 8-6157] synthesizing module 'axi_register_slice_v2_1_22_axic_register_slice__parameterized0' [/home/chethana/XILINX/New_IP_Accelerator/terrain_robot_hardware/terrain_robot_hardware.gen/sources_1/bd/design_1/ipshared/af2c/hdl/axi_register_slice_v2_1_vl_rfs.v:1498]
	Parameter C_FAMILY bound to: virtex6 - type: string 
	Parameter C_DATA_WIDTH bound to: 49 - type: integer 
	Parameter C_REG_CONFIG bound to: 0 - type: integer 
INFO: [Synth 8-6155] done synthesizing module 'axi_register_slice_v2_1_22_axic_register_slice__parameterized0' (134#1) [/home/chethana/XILINX/New_IP_Accelerator/terrain_robot_hardware/terrain_robot_hardware.gen/sources_1/bd/design_1/ipshared/af2c/hdl/axi_register_slice_v2_1_vl_rfs.v:1498]
INFO: [Synth 8-6157] synthesizing module 'axi_register_slice_v2_1_22_axic_register_slice__parameterized1' [/home/chethana/XILINX/New_IP_Accelerator/terrain_robot_hardware/terrain_robot_hardware.gen/sources_1/bd/design_1/ipshared/af2c/hdl/axi_register_slice_v2_1_vl_rfs.v:1498]
	Parameter C_FAMILY bound to: virtex6 - type: string 
	Parameter C_DATA_WIDTH bound to: 14 - type: integer 
	Parameter C_REG_CONFIG bound to: 1 - type: integer 
INFO: [Synth 8-6155] done synthesizing module 'axi_register_slice_v2_1_22_axic_register_slice__parameterized1' (134#1) [/home/chethana/XILINX/New_IP_Accelerator/terrain_robot_hardware/terrain_robot_hardware.gen/sources_1/bd/design_1/ipshared/af2c/hdl/axi_register_slice_v2_1_vl_rfs.v:1498]
INFO: [Synth 8-6157] synthesizing module 'axi_register_slice_v2_1_22_axic_register_slice__parameterized2' [/home/chethana/XILINX/New_IP_Accelerator/terrain_robot_hardware/terrain_robot_hardware.gen/sources_1/bd/design_1/ipshared/af2c/hdl/axi_register_slice_v2_1_vl_rfs.v:1498]
	Parameter C_FAMILY bound to: virtex6 - type: string 
	Parameter C_DATA_WIDTH bound to: 47 - type: integer 
	Parameter C_REG_CONFIG bound to: 1 - type: integer 
INFO: [Synth 8-6155] done synthesizing module 'axi_register_slice_v2_1_22_axic_register_slice__parameterized2' (134#1) [/home/chethana/XILINX/New_IP_Accelerator/terrain_robot_hardware/terrain_robot_hardware.gen/sources_1/bd/design_1/ipshared/af2c/hdl/axi_register_slice_v2_1_vl_rfs.v:1498]
INFO: [Synth 8-6155] done synthesizing module 'axi_register_slice_v2_1_22_axi_register_slice' (135#1) [/home/chethana/XILINX/New_IP_Accelerator/terrain_robot_hardware/terrain_robot_hardware.gen/sources_1/bd/design_1/ipshared/af2c/hdl/axi_register_slice_v2_1_vl_rfs.v:3726]
WARNING: [Synth 8-7071] port 'aclk2x' of module 'axi_register_slice_v2_1_22_axi_register_slice' is unconnected for instance 'SI_REG' [/home/chethana/XILINX/New_IP_Accelerator/terrain_robot_hardware/terrain_robot_hardware.gen/sources_1/bd/design_1/ipshared/5cee/hdl/axi_protocol_converter_v2_1_vl_rfs.v:4392]
WARNING: [Synth 8-7023] instance 'SI_REG' of module 'axi_register_slice_v2_1_22_axi_register_slice' has 93 connections declared, but only 92 given [/home/chethana/XILINX/New_IP_Accelerator/terrain_robot_hardware/terrain_robot_hardware.gen/sources_1/bd/design_1/ipshared/5cee/hdl/axi_protocol_converter_v2_1_vl_rfs.v:4392]
INFO: [Synth 8-6157] synthesizing module 'axi_register_slice_v2_1_22_axi_register_slice__parameterized0' [/home/chethana/XILINX/New_IP_Accelerator/terrain_robot_hardware/terrain_robot_hardware.gen/sources_1/bd/design_1/ipshared/af2c/hdl/axi_register_slice_v2_1_vl_rfs.v:3726]
	Parameter C_FAMILY bound to: virtex6 - type: string 
	Parameter C_AXI_PROTOCOL bound to: 2 - type: integer 
	Parameter C_AXI_ID_WIDTH bound to: 1 - type: integer 
	Parameter C_AXI_ADDR_WIDTH bound to: 32 - type: integer 
	Parameter C_AXI_DATA_WIDTH bound to: 32 - type: integer 
	Parameter C_AXI_SUPPORTS_USER_SIGNALS bound to: 0 - type: integer 
	Parameter C_AXI_AWUSER_WIDTH bound to: 1 - type: integer 
	Parameter C_AXI_ARUSER_WIDTH bound to: 1 - type: integer 
	Parameter C_AXI_WUSER_WIDTH bound to: 1 - type: integer 
	Parameter C_AXI_RUSER_WIDTH bound to: 1 - type: integer 
	Parameter C_AXI_BUSER_WIDTH bound to: 1 - type: integer 
	Parameter C_REG_CONFIG_AW bound to: 0 - type: integer 
	Parameter C_REG_CONFIG_W bound to: 0 - type: integer 
	Parameter C_REG_CONFIG_B bound to: 0 - type: integer 
	Parameter C_REG_CONFIG_AR bound to: 0 - type: integer 
	Parameter C_REG_CONFIG_R bound to: 0 - type: integer 
	Parameter C_RESERVE_MODE bound to: 0 - type: integer 
	Parameter C_NUM_SLR_CROSSINGS bound to: 0 - type: integer 
	Parameter C_PIPELINES_MASTER_AW bound to: 0 - type: integer 
	Parameter C_PIPELINES_MASTER_W bound to: 0 - type: integer 
	Parameter C_PIPELINES_MASTER_B bound to: 0 - type: integer 
	Parameter C_PIPELINES_MASTER_AR bound to: 0 - type: integer 
	Parameter C_PIPELINES_MASTER_R bound to: 0 - type: integer 
	Parameter C_PIPELINES_SLAVE_AW bound to: 0 - type: integer 
	Parameter C_PIPELINES_SLAVE_W bound to: 0 - type: integer 
	Parameter C_PIPELINES_SLAVE_B bound to: 0 - type: integer 
	Parameter C_PIPELINES_SLAVE_AR bound to: 0 - type: integer 
	Parameter C_PIPELINES_SLAVE_R bound to: 0 - type: integer 
	Parameter C_PIPELINES_MIDDLE_AW bound to: 0 - type: integer 
	Parameter C_PIPELINES_MIDDLE_W bound to: 0 - type: integer 
	Parameter C_PIPELINES_MIDDLE_B bound to: 0 - type: integer 
	Parameter C_PIPELINES_MIDDLE_AR bound to: 0 - type: integer 
	Parameter C_PIPELINES_MIDDLE_R bound to: 0 - type: integer 
	Parameter C_AXI_SUPPORTS_REGION_SIGNALS bound to: 0 - type: integer 
	Parameter P_FORWARD bound to: 0 - type: integer 
	Parameter P_RESPONSE bound to: 1 - type: integer 
	Parameter G_AXI_AWADDR_INDEX bound to: 0 - type: integer 
	Parameter G_AXI_AWADDR_WIDTH bound to: 32 - type: integer 
	Parameter G_AXI_AWPROT_INDEX bound to: 32 - type: integer 
	Parameter G_AXI_AWPROT_WIDTH bound to: 3 - type: integer 
	Parameter G_AXI_AWSIZE_INDEX bound to: 35 - type: integer 
	Parameter G_AXI_AWSIZE_WIDTH bound to: 0 - type: integer 
	Parameter G_AXI_AWBURST_INDEX bound to: 35 - type: integer 
	Parameter G_AXI_AWBURST_WIDTH bound to: 0 - type: integer 
	Parameter G_AXI_AWCACHE_INDEX bound to: 35 - type: integer 
	Parameter G_AXI_AWCACHE_WIDTH bound to: 0 - type: integer 
	Parameter G_AXI_AWLEN_INDEX bound to: 35 - type: integer 
	Parameter G_AXI_AWLEN_WIDTH bound to: 0 - type: integer 
	Parameter G_AXI_AWLOCK_INDEX bound to: 35 - type: integer 
	Parameter G_AXI_AWLOCK_WIDTH bound to: 0 - type: integer 
	Parameter G_AXI_AWID_INDEX bound to: 35 - type: integer 
	Parameter G_AXI_AWID_WIDTH bound to: 0 - type: integer 
	Parameter G_AXI_AWQOS_INDEX bound to: 35 - type: integer 
	Parameter G_AXI_AWQOS_WIDTH bound to: 0 - type: integer 
	Parameter G_AXI_AWREGION_INDEX bound to: 35 - type: integer 
	Parameter G_AXI_AWREGION_WIDTH bound to: 0 - type: integer 
	Parameter G_AXI_AWUSER_INDEX bound to: 35 - type: integer 
	Parameter G_AXI_AWUSER_WIDTH bound to: 0 - type: integer 
	Parameter G_AXI_AWPAYLOAD_WIDTH bound to: 35 - type: integer 
	Parameter G_AXI_ARADDR_INDEX bound to: 0 - type: integer 
	Parameter G_AXI_ARADDR_WIDTH bound to: 32 - type: integer 
	Parameter G_AXI_ARPROT_INDEX bound to: 32 - type: integer 
	Parameter G_AXI_ARPROT_WIDTH bound to: 3 - type: integer 
	Parameter G_AXI_ARSIZE_INDEX bound to: 35 - type: integer 
	Parameter G_AXI_ARSIZE_WIDTH bound to: 0 - type: integer 
	Parameter G_AXI_ARBURST_INDEX bound to: 35 - type: integer 
	Parameter G_AXI_ARBURST_WIDTH bound to: 0 - type: integer 
	Parameter G_AXI_ARCACHE_INDEX bound to: 35 - type: integer 
	Parameter G_AXI_ARCACHE_WIDTH bound to: 0 - type: integer 
	Parameter G_AXI_ARLEN_INDEX bound to: 35 - type: integer 
	Parameter G_AXI_ARLEN_WIDTH bound to: 0 - type: integer 
	Parameter G_AXI_ARLOCK_INDEX bound to: 35 - type: integer 
	Parameter G_AXI_ARLOCK_WIDTH bound to: 0 - type: integer 
	Parameter G_AXI_ARID_INDEX bound to: 35 - type: integer 
	Parameter G_AXI_ARID_WIDTH bound to: 0 - type: integer 
	Parameter G_AXI_ARQOS_INDEX bound to: 35 - type: integer 
	Parameter G_AXI_ARQOS_WIDTH bound to: 0 - type: integer 
	Parameter G_AXI_ARREGION_INDEX bound to: 35 - type: integer 
	Parameter G_AXI_ARREGION_WIDTH bound to: 0 - type: integer 
	Parameter G_AXI_ARUSER_INDEX bound to: 35 - type: integer 
	Parameter G_AXI_ARUSER_WIDTH bound to: 0 - type: integer 
	Parameter G_AXI_ARPAYLOAD_WIDTH bound to: 35 - type: integer 
	Parameter G_AXI_WDATA_INDEX bound to: 0 - type: integer 
	Parameter G_AXI_WDATA_WIDTH bound to: 32 - type: integer 
	Parameter G_AXI_WSTRB_INDEX bound to: 32 - type: integer 
	Parameter G_AXI_WSTRB_WIDTH bound to: 4 - type: integer 
	Parameter G_AXI_WLAST_INDEX bound to: 36 - type: integer 
	Parameter G_AXI_WLAST_WIDTH bound to: 0 - type: integer 
	Parameter G_AXI_WID_INDEX bound to: 36 - type: integer 
	Parameter G_AXI_WID_WIDTH bound to: 0 - type: integer 
	Parameter G_AXI_WUSER_INDEX bound to: 36 - type: integer 
	Parameter G_AXI_WUSER_WIDTH bound to: 0 - type: integer 
	Parameter G_AXI_WPAYLOAD_WIDTH bound to: 36 - type: integer 
	Parameter G_AXI_BRESP_INDEX bound to: 0 - type: integer 
	Parameter G_AXI_BRESP_WIDTH bound to: 2 - type: integer 
	Parameter G_AXI_BID_INDEX bound to: 2 - type: integer 
	Parameter G_AXI_BID_WIDTH bound to: 0 - type: integer 
	Parameter G_AXI_BUSER_INDEX bound to: 2 - type: integer 
	Parameter G_AXI_BUSER_WIDTH bound to: 0 - type: integer 
	Parameter G_AXI_BPAYLOAD_WIDTH bound to: 2 - type: integer 
	Parameter G_AXI_RDATA_INDEX bound to: 0 - type: integer 
	Parameter G_AXI_RDATA_WIDTH bound to: 32 - type: integer 
	Parameter G_AXI_RRESP_INDEX bound to: 32 - type: integer 
	Parameter G_AXI_RRESP_WIDTH bound to: 2 - type: integer 
	Parameter G_AXI_RLAST_INDEX bound to: 34 - type: integer 
	Parameter G_AXI_RLAST_WIDTH bound to: 0 - type: integer 
	Parameter G_AXI_RID_INDEX bound to: 34 - type: integer 
	Parameter G_AXI_RID_WIDTH bound to: 0 - type: integer 
	Parameter G_AXI_RUSER_INDEX bound to: 34 - type: integer 
	Parameter G_AXI_RUSER_WIDTH bound to: 0 - type: integer 
	Parameter G_AXI_RPAYLOAD_WIDTH bound to: 34 - type: integer 
INFO: [Synth 8-6157] synthesizing module 'axi_infrastructure_v1_1_0_axi2vector__parameterized0' [/home/chethana/XILINX/New_IP_Accelerator/terrain_robot_hardware/terrain_robot_hardware.gen/sources_1/bd/design_1/ipshared/ec67/hdl/axi_infrastructure_v1_1_vl_rfs.v:60]
	Parameter C_AXI_PROTOCOL bound to: 2 - type: integer 
	Parameter C_AXI_ID_WIDTH bound to: 1 - type: integer 
	Parameter C_AXI_ADDR_WIDTH bound to: 32 - type: integer 
	Parameter C_AXI_DATA_WIDTH bound to: 32 - type: integer 
	Parameter C_AXI_SUPPORTS_USER_SIGNALS bound to: 0 - type: integer 
	Parameter C_AXI_SUPPORTS_REGION_SIGNALS bound to: 0 - type: integer 
	Parameter C_AXI_AWUSER_WIDTH bound to: 1 - type: integer 
	Parameter C_AXI_WUSER_WIDTH bound to: 1 - type: integer 
	Parameter C_AXI_BUSER_WIDTH bound to: 1 - type: integer 
	Parameter C_AXI_ARUSER_WIDTH bound to: 1 - type: integer 
	Parameter C_AXI_RUSER_WIDTH bound to: 1 - type: integer 
	Parameter C_AWPAYLOAD_WIDTH bound to: 35 - type: integer 
	Parameter C_WPAYLOAD_WIDTH bound to: 36 - type: integer 
	Parameter C_BPAYLOAD_WIDTH bound to: 2 - type: integer 
	Parameter C_ARPAYLOAD_WIDTH bound to: 35 - type: integer 
	Parameter C_RPAYLOAD_WIDTH bound to: 34 - type: integer 
	Parameter G_AXI_AWADDR_INDEX bound to: 0 - type: integer 
	Parameter G_AXI_AWADDR_WIDTH bound to: 32 - type: integer 
	Parameter G_AXI_AWPROT_INDEX bound to: 32 - type: integer 
	Parameter G_AXI_AWPROT_WIDTH bound to: 3 - type: integer 
	Parameter G_AXI_AWSIZE_INDEX bound to: 35 - type: integer 
	Parameter G_AXI_AWSIZE_WIDTH bound to: 0 - type: integer 
	Parameter G_AXI_AWBURST_INDEX bound to: 35 - type: integer 
	Parameter G_AXI_AWBURST_WIDTH bound to: 0 - type: integer 
	Parameter G_AXI_AWCACHE_INDEX bound to: 35 - type: integer 
	Parameter G_AXI_AWCACHE_WIDTH bound to: 0 - type: integer 
	Parameter G_AXI_AWLEN_INDEX bound to: 35 - type: integer 
	Parameter G_AXI_AWLEN_WIDTH bound to: 0 - type: integer 
	Parameter G_AXI_AWLOCK_INDEX bound to: 35 - type: integer 
	Parameter G_AXI_AWLOCK_WIDTH bound to: 0 - type: integer 
	Parameter G_AXI_AWID_INDEX bound to: 35 - type: integer 
	Parameter G_AXI_AWID_WIDTH bound to: 0 - type: integer 
	Parameter G_AXI_AWQOS_INDEX bound to: 35 - type: integer 
	Parameter G_AXI_AWQOS_WIDTH bound to: 0 - type: integer 
	Parameter G_AXI_AWREGION_INDEX bound to: 35 - type: integer 
	Parameter G_AXI_AWREGION_WIDTH bound to: 0 - type: integer 
	Parameter G_AXI_AWUSER_INDEX bound to: 35 - type: integer 
	Parameter G_AXI_AWUSER_WIDTH bound to: 0 - type: integer 
	Parameter G_AXI_AWPAYLOAD_WIDTH bound to: 35 - type: integer 
	Parameter G_AXI_ARADDR_INDEX bound to: 0 - type: integer 
	Parameter G_AXI_ARADDR_WIDTH bound to: 32 - type: integer 
	Parameter G_AXI_ARPROT_INDEX bound to: 32 - type: integer 
	Parameter G_AXI_ARPROT_WIDTH bound to: 3 - type: integer 
	Parameter G_AXI_ARSIZE_INDEX bound to: 35 - type: integer 
	Parameter G_AXI_ARSIZE_WIDTH bound to: 0 - type: integer 
	Parameter G_AXI_ARBURST_INDEX bound to: 35 - type: integer 
	Parameter G_AXI_ARBURST_WIDTH bound to: 0 - type: integer 
	Parameter G_AXI_ARCACHE_INDEX bound to: 35 - type: integer 
	Parameter G_AXI_ARCACHE_WIDTH bound to: 0 - type: integer 
	Parameter G_AXI_ARLEN_INDEX bound to: 35 - type: integer 
	Parameter G_AXI_ARLEN_WIDTH bound to: 0 - type: integer 
	Parameter G_AXI_ARLOCK_INDEX bound to: 35 - type: integer 
	Parameter G_AXI_ARLOCK_WIDTH bound to: 0 - type: integer 
	Parameter G_AXI_ARID_INDEX bound to: 35 - type: integer 
	Parameter G_AXI_ARID_WIDTH bound to: 0 - type: integer 
	Parameter G_AXI_ARQOS_INDEX bound to: 35 - type: integer 
	Parameter G_AXI_ARQOS_WIDTH bound to: 0 - type: integer 
	Parameter G_AXI_ARREGION_INDEX bound to: 35 - type: integer 
	Parameter G_AXI_ARREGION_WIDTH bound to: 0 - type: integer 
	Parameter G_AXI_ARUSER_INDEX bound to: 35 - type: integer 
	Parameter G_AXI_ARUSER_WIDTH bound to: 0 - type: integer 
	Parameter G_AXI_ARPAYLOAD_WIDTH bound to: 35 - type: integer 
	Parameter G_AXI_WDATA_INDEX bound to: 0 - type: integer 
	Parameter G_AXI_WDATA_WIDTH bound to: 32 - type: integer 
	Parameter G_AXI_WSTRB_INDEX bound to: 32 - type: integer 
	Parameter G_AXI_WSTRB_WIDTH bound to: 4 - type: integer 
	Parameter G_AXI_WLAST_INDEX bound to: 36 - type: integer 
	Parameter G_AXI_WLAST_WIDTH bound to: 0 - type: integer 
	Parameter G_AXI_WID_INDEX bound to: 36 - type: integer 
	Parameter G_AXI_WID_WIDTH bound to: 0 - type: integer 
	Parameter G_AXI_WUSER_INDEX bound to: 36 - type: integer 
	Parameter G_AXI_WUSER_WIDTH bound to: 0 - type: integer 
	Parameter G_AXI_WPAYLOAD_WIDTH bound to: 36 - type: integer 
	Parameter G_AXI_BRESP_INDEX bound to: 0 - type: integer 
	Parameter G_AXI_BRESP_WIDTH bound to: 2 - type: integer 
	Parameter G_AXI_BID_INDEX bound to: 2 - type: integer 
	Parameter G_AXI_BID_WIDTH bound to: 0 - type: integer 
	Parameter G_AXI_BUSER_INDEX bound to: 2 - type: integer 
	Parameter G_AXI_BUSER_WIDTH bound to: 0 - type: integer 
	Parameter G_AXI_BPAYLOAD_WIDTH bound to: 2 - type: integer 
	Parameter G_AXI_RDATA_INDEX bound to: 0 - type: integer 
	Parameter G_AXI_RDATA_WIDTH bound to: 32 - type: integer 
	Parameter G_AXI_RRESP_INDEX bound to: 32 - type: integer 
	Parameter G_AXI_RRESP_WIDTH bound to: 2 - type: integer 
	Parameter G_AXI_RLAST_INDEX bound to: 34 - type: integer 
	Parameter G_AXI_RLAST_WIDTH bound to: 0 - type: integer 
	Parameter G_AXI_RID_INDEX bound to: 34 - type: integer 
	Parameter G_AXI_RID_WIDTH bound to: 0 - type: integer 
	Parameter G_AXI_RUSER_INDEX bound to: 34 - type: integer 
	Parameter G_AXI_RUSER_WIDTH bound to: 0 - type: integer 
	Parameter G_AXI_RPAYLOAD_WIDTH bound to: 34 - type: integer 
INFO: [Synth 8-6155] done synthesizing module 'axi_infrastructure_v1_1_0_axi2vector__parameterized0' (135#1) [/home/chethana/XILINX/New_IP_Accelerator/terrain_robot_hardware/terrain_robot_hardware.gen/sources_1/bd/design_1/ipshared/ec67/hdl/axi_infrastructure_v1_1_vl_rfs.v:60]
INFO: [Synth 8-6157] synthesizing module 'axi_infrastructure_v1_1_0_vector2axi__parameterized0' [/home/chethana/XILINX/New_IP_Accelerator/terrain_robot_hardware/terrain_robot_hardware.gen/sources_1/bd/design_1/ipshared/ec67/hdl/axi_infrastructure_v1_1_vl_rfs.v:474]
	Parameter C_AXI_PROTOCOL bound to: 2 - type: integer 
	Parameter C_AXI_ID_WIDTH bound to: 1 - type: integer 
	Parameter C_AXI_ADDR_WIDTH bound to: 32 - type: integer 
	Parameter C_AXI_DATA_WIDTH bound to: 32 - type: integer 
	Parameter C_AXI_SUPPORTS_USER_SIGNALS bound to: 0 - type: integer 
	Parameter C_AXI_SUPPORTS_REGION_SIGNALS bound to: 0 - type: integer 
	Parameter C_AXI_AWUSER_WIDTH bound to: 1 - type: integer 
	Parameter C_AXI_WUSER_WIDTH bound to: 1 - type: integer 
	Parameter C_AXI_BUSER_WIDTH bound to: 1 - type: integer 
	Parameter C_AXI_ARUSER_WIDTH bound to: 1 - type: integer 
	Parameter C_AXI_RUSER_WIDTH bound to: 1 - type: integer 
	Parameter C_AWPAYLOAD_WIDTH bound to: 35 - type: integer 
	Parameter C_WPAYLOAD_WIDTH bound to: 36 - type: integer 
	Parameter C_BPAYLOAD_WIDTH bound to: 2 - type: integer 
	Parameter C_ARPAYLOAD_WIDTH bound to: 35 - type: integer 
	Parameter C_RPAYLOAD_WIDTH bound to: 34 - type: integer 
	Parameter G_AXI_AWADDR_INDEX bound to: 0 - type: integer 
	Parameter G_AXI_AWADDR_WIDTH bound to: 32 - type: integer 
	Parameter G_AXI_AWPROT_INDEX bound to: 32 - type: integer 
	Parameter G_AXI_AWPROT_WIDTH bound to: 3 - type: integer 
	Parameter G_AXI_AWSIZE_INDEX bound to: 35 - type: integer 
	Parameter G_AXI_AWSIZE_WIDTH bound to: 0 - type: integer 
	Parameter G_AXI_AWBURST_INDEX bound to: 35 - type: integer 
	Parameter G_AXI_AWBURST_WIDTH bound to: 0 - type: integer 
	Parameter G_AXI_AWCACHE_INDEX bound to: 35 - type: integer 
	Parameter G_AXI_AWCACHE_WIDTH bound to: 0 - type: integer 
	Parameter G_AXI_AWLEN_INDEX bound to: 35 - type: integer 
	Parameter G_AXI_AWLEN_WIDTH bound to: 0 - type: integer 
	Parameter G_AXI_AWLOCK_INDEX bound to: 35 - type: integer 
	Parameter G_AXI_AWLOCK_WIDTH bound to: 0 - type: integer 
	Parameter G_AXI_AWID_INDEX bound to: 35 - type: integer 
	Parameter G_AXI_AWID_WIDTH bound to: 0 - type: integer 
	Parameter G_AXI_AWQOS_INDEX bound to: 35 - type: integer 
	Parameter G_AXI_AWQOS_WIDTH bound to: 0 - type: integer 
	Parameter G_AXI_AWREGION_INDEX bound to: 35 - type: integer 
	Parameter G_AXI_AWREGION_WIDTH bound to: 0 - type: integer 
	Parameter G_AXI_AWUSER_INDEX bound to: 35 - type: integer 
	Parameter G_AXI_AWUSER_WIDTH bound to: 0 - type: integer 
	Parameter G_AXI_AWPAYLOAD_WIDTH bound to: 35 - type: integer 
	Parameter G_AXI_ARADDR_INDEX bound to: 0 - type: integer 
	Parameter G_AXI_ARADDR_WIDTH bound to: 32 - type: integer 
	Parameter G_AXI_ARPROT_INDEX bound to: 32 - type: integer 
	Parameter G_AXI_ARPROT_WIDTH bound to: 3 - type: integer 
	Parameter G_AXI_ARSIZE_INDEX bound to: 35 - type: integer 
	Parameter G_AXI_ARSIZE_WIDTH bound to: 0 - type: integer 
	Parameter G_AXI_ARBURST_INDEX bound to: 35 - type: integer 
	Parameter G_AXI_ARBURST_WIDTH bound to: 0 - type: integer 
	Parameter G_AXI_ARCACHE_INDEX bound to: 35 - type: integer 
	Parameter G_AXI_ARCACHE_WIDTH bound to: 0 - type: integer 
	Parameter G_AXI_ARLEN_INDEX bound to: 35 - type: integer 
	Parameter G_AXI_ARLEN_WIDTH bound to: 0 - type: integer 
	Parameter G_AXI_ARLOCK_INDEX bound to: 35 - type: integer 
	Parameter G_AXI_ARLOCK_WIDTH bound to: 0 - type: integer 
	Parameter G_AXI_ARID_INDEX bound to: 35 - type: integer 
	Parameter G_AXI_ARID_WIDTH bound to: 0 - type: integer 
	Parameter G_AXI_ARQOS_INDEX bound to: 35 - type: integer 
	Parameter G_AXI_ARQOS_WIDTH bound to: 0 - type: integer 
	Parameter G_AXI_ARREGION_INDEX bound to: 35 - type: integer 
	Parameter G_AXI_ARREGION_WIDTH bound to: 0 - type: integer 
	Parameter G_AXI_ARUSER_INDEX bound to: 35 - type: integer 
	Parameter G_AXI_ARUSER_WIDTH bound to: 0 - type: integer 
	Parameter G_AXI_ARPAYLOAD_WIDTH bound to: 35 - type: integer 
	Parameter G_AXI_WDATA_INDEX bound to: 0 - type: integer 
	Parameter G_AXI_WDATA_WIDTH bound to: 32 - type: integer 
	Parameter G_AXI_WSTRB_INDEX bound to: 32 - type: integer 
	Parameter G_AXI_WSTRB_WIDTH bound to: 4 - type: integer 
	Parameter G_AXI_WLAST_INDEX bound to: 36 - type: integer 
	Parameter G_AXI_WLAST_WIDTH bound to: 0 - type: integer 
	Parameter G_AXI_WID_INDEX bound to: 36 - type: integer 
	Parameter G_AXI_WID_WIDTH bound to: 0 - type: integer 
	Parameter G_AXI_WUSER_INDEX bound to: 36 - type: integer 
	Parameter G_AXI_WUSER_WIDTH bound to: 0 - type: integer 
	Parameter G_AXI_WPAYLOAD_WIDTH bound to: 36 - type: integer 
	Parameter G_AXI_BRESP_INDEX bound to: 0 - type: integer 
	Parameter G_AXI_BRESP_WIDTH bound to: 2 - type: integer 
	Parameter G_AXI_BID_INDEX bound to: 2 - type: integer 
	Parameter G_AXI_BID_WIDTH bound to: 0 - type: integer 
	Parameter G_AXI_BUSER_INDEX bound to: 2 - type: integer 
	Parameter G_AXI_BUSER_WIDTH bound to: 0 - type: integer 
	Parameter G_AXI_BPAYLOAD_WIDTH bound to: 2 - type: integer 
	Parameter G_AXI_RDATA_INDEX bound to: 0 - type: integer 
	Parameter G_AXI_RDATA_WIDTH bound to: 32 - type: integer 
	Parameter G_AXI_RRESP_INDEX bound to: 32 - type: integer 
	Parameter G_AXI_RRESP_WIDTH bound to: 2 - type: integer 
	Parameter G_AXI_RLAST_INDEX bound to: 34 - type: integer 
	Parameter G_AXI_RLAST_WIDTH bound to: 0 - type: integer 
	Parameter G_AXI_RID_INDEX bound to: 34 - type: integer 
	Parameter G_AXI_RID_WIDTH bound to: 0 - type: integer 
	Parameter G_AXI_RUSER_INDEX bound to: 34 - type: integer 
	Parameter G_AXI_RUSER_WIDTH bound to: 0 - type: integer 
	Parameter G_AXI_RPAYLOAD_WIDTH bound to: 34 - type: integer 
INFO: [Synth 8-6155] done synthesizing module 'axi_infrastructure_v1_1_0_vector2axi__parameterized0' (135#1) [/home/chethana/XILINX/New_IP_Accelerator/terrain_robot_hardware/terrain_robot_hardware.gen/sources_1/bd/design_1/ipshared/ec67/hdl/axi_infrastructure_v1_1_vl_rfs.v:474]
INFO: [Synth 8-6157] synthesizing module 'axi_register_slice_v2_1_22_axic_register_slice__parameterized3' [/home/chethana/XILINX/New_IP_Accelerator/terrain_robot_hardware/terrain_robot_hardware.gen/sources_1/bd/design_1/ipshared/af2c/hdl/axi_register_slice_v2_1_vl_rfs.v:1498]
	Parameter C_FAMILY bound to: virtex6 - type: string 
	Parameter C_DATA_WIDTH bound to: 35 - type: integer 
	Parameter C_REG_CONFIG bound to: 0 - type: integer 
INFO: [Synth 8-6155] done synthesizing module 'axi_register_slice_v2_1_22_axic_register_slice__parameterized3' (135#1) [/home/chethana/XILINX/New_IP_Accelerator/terrain_robot_hardware/terrain_robot_hardware.gen/sources_1/bd/design_1/ipshared/af2c/hdl/axi_register_slice_v2_1_vl_rfs.v:1498]
INFO: [Synth 8-6157] synthesizing module 'axi_register_slice_v2_1_22_axic_register_slice__parameterized4' [/home/chethana/XILINX/New_IP_Accelerator/terrain_robot_hardware/terrain_robot_hardware.gen/sources_1/bd/design_1/ipshared/af2c/hdl/axi_register_slice_v2_1_vl_rfs.v:1498]
	Parameter C_FAMILY bound to: virtex6 - type: string 
	Parameter C_DATA_WIDTH bound to: 36 - type: integer 
	Parameter C_REG_CONFIG bound to: 0 - type: integer 
INFO: [Synth 8-6155] done synthesizing module 'axi_register_slice_v2_1_22_axic_register_slice__parameterized4' (135#1) [/home/chethana/XILINX/New_IP_Accelerator/terrain_robot_hardware/terrain_robot_hardware.gen/sources_1/bd/design_1/ipshared/af2c/hdl/axi_register_slice_v2_1_vl_rfs.v:1498]
INFO: [Synth 8-6157] synthesizing module 'axi_register_slice_v2_1_22_axic_register_slice__parameterized5' [/home/chethana/XILINX/New_IP_Accelerator/terrain_robot_hardware/terrain_robot_hardware.gen/sources_1/bd/design_1/ipshared/af2c/hdl/axi_register_slice_v2_1_vl_rfs.v:1498]
	Parameter C_FAMILY bound to: virtex6 - type: string 
	Parameter C_DATA_WIDTH bound to: 2 - type: integer 
	Parameter C_REG_CONFIG bound to: 0 - type: integer 
INFO: [Synth 8-6155] done synthesizing module 'axi_register_slice_v2_1_22_axic_register_slice__parameterized5' (135#1) [/home/chethana/XILINX/New_IP_Accelerator/terrain_robot_hardware/terrain_robot_hardware.gen/sources_1/bd/design_1/ipshared/af2c/hdl/axi_register_slice_v2_1_vl_rfs.v:1498]
INFO: [Synth 8-6157] synthesizing module 'axi_register_slice_v2_1_22_axic_register_slice__parameterized6' [/home/chethana/XILINX/New_IP_Accelerator/terrain_robot_hardware/terrain_robot_hardware.gen/sources_1/bd/design_1/ipshared/af2c/hdl/axi_register_slice_v2_1_vl_rfs.v:1498]
	Parameter C_FAMILY bound to: virtex6 - type: string 
	Parameter C_DATA_WIDTH bound to: 34 - type: integer 
	Parameter C_REG_CONFIG bound to: 0 - type: integer 
INFO: [Synth 8-6155] done synthesizing module 'axi_register_slice_v2_1_22_axic_register_slice__parameterized6' (135#1) [/home/chethana/XILINX/New_IP_Accelerator/terrain_robot_hardware/terrain_robot_hardware.gen/sources_1/bd/design_1/ipshared/af2c/hdl/axi_register_slice_v2_1_vl_rfs.v:1498]
INFO: [Synth 8-6155] done synthesizing module 'axi_register_slice_v2_1_22_axi_register_slice__parameterized0' (135#1) [/home/chethana/XILINX/New_IP_Accelerator/terrain_robot_hardware/terrain_robot_hardware.gen/sources_1/bd/design_1/ipshared/af2c/hdl/axi_register_slice_v2_1_vl_rfs.v:3726]
WARNING: [Synth 8-7071] port 'aclk2x' of module 'axi_register_slice_v2_1_22_axi_register_slice' is unconnected for instance 'MI_REG' [/home/chethana/XILINX/New_IP_Accelerator/terrain_robot_hardware/terrain_robot_hardware.gen/sources_1/bd/design_1/ipshared/5cee/hdl/axi_protocol_converter_v2_1_vl_rfs.v:4647]
WARNING: [Synth 8-7023] instance 'MI_REG' of module 'axi_register_slice_v2_1_22_axi_register_slice' has 93 connections declared, but only 92 given [/home/chethana/XILINX/New_IP_Accelerator/terrain_robot_hardware/terrain_robot_hardware.gen/sources_1/bd/design_1/ipshared/5cee/hdl/axi_protocol_converter_v2_1_vl_rfs.v:4647]
INFO: [Synth 8-6155] done synthesizing module 'axi_protocol_converter_v2_1_22_b2s' (136#1) [/home/chethana/XILINX/New_IP_Accelerator/terrain_robot_hardware/terrain_robot_hardware.gen/sources_1/bd/design_1/ipshared/5cee/hdl/axi_protocol_converter_v2_1_vl_rfs.v:4226]
INFO: [Synth 8-6155] done synthesizing module 'axi_protocol_converter_v2_1_22_axi_protocol_converter' (137#1) [/home/chethana/XILINX/New_IP_Accelerator/terrain_robot_hardware/terrain_robot_hardware.gen/sources_1/bd/design_1/ipshared/5cee/hdl/axi_protocol_converter_v2_1_vl_rfs.v:4808]
INFO: [Synth 8-6155] done synthesizing module 'design_1_auto_pc_0' (138#1) [/home/chethana/XILINX/New_IP_Accelerator/terrain_robot_hardware/terrain_robot_hardware.gen/sources_1/bd/design_1/ip/design_1_auto_pc_0/synth/design_1_auto_pc_0.v:58]
INFO: [Synth 8-6155] done synthesizing module 's00_couplers_imp_UYSKKA' (139#1) [/home/chethana/XILINX/New_IP_Accelerator/terrain_robot_hardware/terrain_robot_hardware.gen/sources_1/bd/design_1/synth/design_1.v:2175]
INFO: [Synth 8-6157] synthesizing module 's01_couplers_imp_ZQDCSB' [/home/chethana/XILINX/New_IP_Accelerator/terrain_robot_hardware/terrain_robot_hardware.gen/sources_1/bd/design_1/synth/design_1.v:2480]
INFO: [Synth 8-6157] synthesizing module 'design_1_auto_pc_1' [/home/chethana/XILINX/New_IP_Accelerator/terrain_robot_hardware/terrain_robot_hardware.gen/sources_1/bd/design_1/ip/design_1_auto_pc_1/synth/design_1_auto_pc_1.v:58]
INFO: [Synth 8-6157] synthesizing module 'axi_protocol_converter_v2_1_22_axi_protocol_converter__parameterized0' [/home/chethana/XILINX/New_IP_Accelerator/terrain_robot_hardware/terrain_robot_hardware.gen/sources_1/bd/design_1/ipshared/5cee/hdl/axi_protocol_converter_v2_1_vl_rfs.v:4808]
	Parameter C_FAMILY bound to: zynq - type: string 
	Parameter C_M_AXI_PROTOCOL bound to: 2 - type: integer 
	Parameter C_S_AXI_PROTOCOL bound to: 0 - type: integer 
	Parameter C_IGNORE_ID bound to: 0 - type: integer 
	Parameter C_AXI_ID_WIDTH bound to: 1 - type: integer 
	Parameter C_AXI_ADDR_WIDTH bound to: 32 - type: integer 
	Parameter C_AXI_DATA_WIDTH bound to: 32 - type: integer 
	Parameter C_AXI_SUPPORTS_WRITE bound to: 1 - type: integer 
	Parameter C_AXI_SUPPORTS_READ bound to: 1 - type: integer 
	Parameter C_AXI_SUPPORTS_USER_SIGNALS bound to: 0 - type: integer 
	Parameter C_AXI_AWUSER_WIDTH bound to: 1 - type: integer 
	Parameter C_AXI_ARUSER_WIDTH bound to: 1 - type: integer 
	Parameter C_AXI_WUSER_WIDTH bound to: 1 - type: integer 
	Parameter C_AXI_RUSER_WIDTH bound to: 1 - type: integer 
	Parameter C_AXI_BUSER_WIDTH bound to: 1 - type: integer 
	Parameter C_TRANSLATION_MODE bound to: 2 - type: integer 
	Parameter P_AXI4 bound to: 0 - type: integer 
	Parameter P_AXI3 bound to: 1 - type: integer 
	Parameter P_AXILITE bound to: 2 - type: integer 
	Parameter P_AXILITE_SIZE bound to: 3'b010 
	Parameter P_INCR bound to: 2'b01 
	Parameter P_DECERR bound to: 2'b11 
	Parameter P_SLVERR bound to: 2'b10 
	Parameter P_PROTECTION bound to: 1 - type: integer 
	Parameter P_CONVERSION bound to: 2 - type: integer 
INFO: [Synth 8-6157] synthesizing module 'axi_protocol_converter_v2_1_22_b2s__parameterized0' [/home/chethana/XILINX/New_IP_Accelerator/terrain_robot_hardware/terrain_robot_hardware.gen/sources_1/bd/design_1/ipshared/5cee/hdl/axi_protocol_converter_v2_1_vl_rfs.v:4226]
	Parameter C_S_AXI_PROTOCOL bound to: 0 - type: integer 
	Parameter C_AXI_ID_WIDTH bound to: 1 - type: integer 
	Parameter C_AXI_ADDR_WIDTH bound to: 32 - type: integer 
	Parameter C_AXI_DATA_WIDTH bound to: 32 - type: integer 
	Parameter C_AXI_SUPPORTS_WRITE bound to: 1 - type: integer 
	Parameter C_AXI_SUPPORTS_READ bound to: 1 - type: integer 
INFO: [Synth 8-6157] synthesizing module 'axi_protocol_converter_v2_1_22_b2s_aw_channel__parameterized0' [/home/chethana/XILINX/New_IP_Accelerator/terrain_robot_hardware/terrain_robot_hardware.gen/sources_1/bd/design_1/ipshared/5cee/hdl/axi_protocol_converter_v2_1_vl_rfs.v:3971]
	Parameter C_ID_WIDTH bound to: 1 - type: integer 
	Parameter C_AXI_ADDR_WIDTH bound to: 32 - type: integer 
INFO: [Synth 8-6155] done synthesizing module 'axi_protocol_converter_v2_1_22_b2s_aw_channel__parameterized0' (139#1) [/home/chethana/XILINX/New_IP_Accelerator/terrain_robot_hardware/terrain_robot_hardware.gen/sources_1/bd/design_1/ipshared/5cee/hdl/axi_protocol_converter_v2_1_vl_rfs.v:3971]
INFO: [Synth 8-6157] synthesizing module 'axi_protocol_converter_v2_1_22_b2s_b_channel__parameterized0' [/home/chethana/XILINX/New_IP_Accelerator/terrain_robot_hardware/terrain_robot_hardware.gen/sources_1/bd/design_1/ipshared/5cee/hdl/axi_protocol_converter_v2_1_vl_rfs.v:3606]
	Parameter C_ID_WIDTH bound to: 1 - type: integer 
	Parameter LP_RESP_OKAY bound to: 2'b00 
	Parameter LP_RESP_EXOKAY bound to: 2'b01 
	Parameter LP_RESP_SLVERROR bound to: 2'b10 
	Parameter LP_RESP_DECERR bound to: 2'b11 
	Parameter P_WIDTH bound to: 9 - type: integer 
	Parameter P_DEPTH bound to: 4 - type: integer 
	Parameter P_AWIDTH bound to: 2 - type: integer 
	Parameter P_RWIDTH bound to: 2 - type: integer 
	Parameter P_RDEPTH bound to: 4 - type: integer 
	Parameter P_RAWIDTH bound to: 2 - type: integer 
INFO: [Synth 8-6157] synthesizing module 'axi_protocol_converter_v2_1_22_b2s_simple_fifo__parameterized3' [/home/chethana/XILINX/New_IP_Accelerator/terrain_robot_hardware/terrain_robot_hardware.gen/sources_1/bd/design_1/ipshared/5cee/hdl/axi_protocol_converter_v2_1_vl_rfs.v:2816]
	Parameter C_WIDTH bound to: 9 - type: integer 
	Parameter C_AWIDTH bound to: 2 - type: integer 
	Parameter C_DEPTH bound to: 4 - type: integer 
	Parameter C_EMPTY bound to: 2'b11 
	Parameter C_EMPTY_PRE bound to: 2'b00 
	Parameter C_FULL bound to: 2'b10 
	Parameter C_FULL_PRE bound to: 2'b01 
INFO: [Synth 8-6155] done synthesizing module 'axi_protocol_converter_v2_1_22_b2s_simple_fifo__parameterized3' (139#1) [/home/chethana/XILINX/New_IP_Accelerator/terrain_robot_hardware/terrain_robot_hardware.gen/sources_1/bd/design_1/ipshared/5cee/hdl/axi_protocol_converter_v2_1_vl_rfs.v:2816]
INFO: [Synth 8-6155] done synthesizing module 'axi_protocol_converter_v2_1_22_b2s_b_channel__parameterized0' (139#1) [/home/chethana/XILINX/New_IP_Accelerator/terrain_robot_hardware/terrain_robot_hardware.gen/sources_1/bd/design_1/ipshared/5cee/hdl/axi_protocol_converter_v2_1_vl_rfs.v:3606]
INFO: [Synth 8-6157] synthesizing module 'axi_protocol_converter_v2_1_22_b2s_ar_channel__parameterized0' [/home/chethana/XILINX/New_IP_Accelerator/terrain_robot_hardware/terrain_robot_hardware.gen/sources_1/bd/design_1/ipshared/5cee/hdl/axi_protocol_converter_v2_1_vl_rfs.v:4082]
	Parameter C_ID_WIDTH bound to: 1 - type: integer 
	Parameter C_AXI_ADDR_WIDTH bound to: 32 - type: integer 
INFO: [Synth 8-6155] done synthesizing module 'axi_protocol_converter_v2_1_22_b2s_ar_channel__parameterized0' (139#1) [/home/chethana/XILINX/New_IP_Accelerator/terrain_robot_hardware/terrain_robot_hardware.gen/sources_1/bd/design_1/ipshared/5cee/hdl/axi_protocol_converter_v2_1_vl_rfs.v:4082]
INFO: [Synth 8-6157] synthesizing module 'axi_protocol_converter_v2_1_22_b2s_r_channel__parameterized0' [/home/chethana/XILINX/New_IP_Accelerator/terrain_robot_hardware/terrain_robot_hardware.gen/sources_1/bd/design_1/ipshared/5cee/hdl/axi_protocol_converter_v2_1_vl_rfs.v:3811]
	Parameter C_ID_WIDTH bound to: 1 - type: integer 
	Parameter C_DATA_WIDTH bound to: 32 - type: integer 
	Parameter P_WIDTH bound to: 2 - type: integer 
	Parameter P_DEPTH bound to: 32 - type: integer 
	Parameter P_AWIDTH bound to: 5 - type: integer 
	Parameter P_D_WIDTH bound to: 34 - type: integer 
	Parameter P_D_DEPTH bound to: 32 - type: integer 
	Parameter P_D_AWIDTH bound to: 5 - type: integer 
INFO: [Synth 8-6157] synthesizing module 'axi_protocol_converter_v2_1_22_b2s_simple_fifo__parameterized4' [/home/chethana/XILINX/New_IP_Accelerator/terrain_robot_hardware/terrain_robot_hardware.gen/sources_1/bd/design_1/ipshared/5cee/hdl/axi_protocol_converter_v2_1_vl_rfs.v:2816]
	Parameter C_WIDTH bound to: 2 - type: integer 
	Parameter C_AWIDTH bound to: 5 - type: integer 
	Parameter C_DEPTH bound to: 32 - type: integer 
	Parameter C_EMPTY bound to: 5'b11111 
	Parameter C_EMPTY_PRE bound to: 5'b00000 
	Parameter C_FULL bound to: 5'b11110 
	Parameter C_FULL_PRE bound to: 5'b11010 
INFO: [Synth 8-6155] done synthesizing module 'axi_protocol_converter_v2_1_22_b2s_simple_fifo__parameterized4' (139#1) [/home/chethana/XILINX/New_IP_Accelerator/terrain_robot_hardware/terrain_robot_hardware.gen/sources_1/bd/design_1/ipshared/5cee/hdl/axi_protocol_converter_v2_1_vl_rfs.v:2816]
INFO: [Synth 8-6155] done synthesizing module 'axi_protocol_converter_v2_1_22_b2s_r_channel__parameterized0' (139#1) [/home/chethana/XILINX/New_IP_Accelerator/terrain_robot_hardware/terrain_robot_hardware.gen/sources_1/bd/design_1/ipshared/5cee/hdl/axi_protocol_converter_v2_1_vl_rfs.v:3811]
INFO: [Synth 8-6157] synthesizing module 'axi_register_slice_v2_1_22_axi_register_slice__parameterized1' [/home/chethana/XILINX/New_IP_Accelerator/terrain_robot_hardware/terrain_robot_hardware.gen/sources_1/bd/design_1/ipshared/af2c/hdl/axi_register_slice_v2_1_vl_rfs.v:3726]
	Parameter C_FAMILY bound to: virtex6 - type: string 
	Parameter C_AXI_PROTOCOL bound to: 0 - type: integer 
	Parameter C_AXI_ID_WIDTH bound to: 1 - type: integer 
	Parameter C_AXI_ADDR_WIDTH bound to: 32 - type: integer 
	Parameter C_AXI_DATA_WIDTH bound to: 32 - type: integer 
	Parameter C_AXI_SUPPORTS_USER_SIGNALS bound to: 0 - type: integer 
	Parameter C_AXI_AWUSER_WIDTH bound to: 1 - type: integer 
	Parameter C_AXI_ARUSER_WIDTH bound to: 1 - type: integer 
	Parameter C_AXI_WUSER_WIDTH bound to: 1 - type: integer 
	Parameter C_AXI_RUSER_WIDTH bound to: 1 - type: integer 
	Parameter C_AXI_BUSER_WIDTH bound to: 1 - type: integer 
	Parameter C_REG_CONFIG_AW bound to: 1 - type: integer 
	Parameter C_REG_CONFIG_W bound to: 0 - type: integer 
	Parameter C_REG_CONFIG_B bound to: 1 - type: integer 
	Parameter C_REG_CONFIG_AR bound to: 1 - type: integer 
	Parameter C_REG_CONFIG_R bound to: 1 - type: integer 
	Parameter C_RESERVE_MODE bound to: 0 - type: integer 
	Parameter C_NUM_SLR_CROSSINGS bound to: 0 - type: integer 
	Parameter C_PIPELINES_MASTER_AW bound to: 0 - type: integer 
	Parameter C_PIPELINES_MASTER_W bound to: 0 - type: integer 
	Parameter C_PIPELINES_MASTER_B bound to: 0 - type: integer 
	Parameter C_PIPELINES_MASTER_AR bound to: 0 - type: integer 
	Parameter C_PIPELINES_MASTER_R bound to: 0 - type: integer 
	Parameter C_PIPELINES_SLAVE_AW bound to: 0 - type: integer 
	Parameter C_PIPELINES_SLAVE_W bound to: 0 - type: integer 
	Parameter C_PIPELINES_SLAVE_B bound to: 0 - type: integer 
	Parameter C_PIPELINES_SLAVE_AR bound to: 0 - type: integer 
	Parameter C_PIPELINES_SLAVE_R bound to: 0 - type: integer 
	Parameter C_PIPELINES_MIDDLE_AW bound to: 0 - type: integer 
	Parameter C_PIPELINES_MIDDLE_W bound to: 0 - type: integer 
	Parameter C_PIPELINES_MIDDLE_B bound to: 0 - type: integer 
	Parameter C_PIPELINES_MIDDLE_AR bound to: 0 - type: integer 
	Parameter C_PIPELINES_MIDDLE_R bound to: 0 - type: integer 
	Parameter C_AXI_SUPPORTS_REGION_SIGNALS bound to: 1 - type: integer 
	Parameter P_FORWARD bound to: 0 - type: integer 
	Parameter P_RESPONSE bound to: 1 - type: integer 
	Parameter G_AXI_AWADDR_INDEX bound to: 0 - type: integer 
	Parameter G_AXI_AWADDR_WIDTH bound to: 32 - type: integer 
	Parameter G_AXI_AWPROT_INDEX bound to: 32 - type: integer 
	Parameter G_AXI_AWPROT_WIDTH bound to: 3 - type: integer 
	Parameter G_AXI_AWSIZE_INDEX bound to: 35 - type: integer 
	Parameter G_AXI_AWSIZE_WIDTH bound to: 3 - type: integer 
	Parameter G_AXI_AWBURST_INDEX bound to: 38 - type: integer 
	Parameter G_AXI_AWBURST_WIDTH bound to: 2 - type: integer 
	Parameter G_AXI_AWCACHE_INDEX bound to: 40 - type: integer 
	Parameter G_AXI_AWCACHE_WIDTH bound to: 4 - type: integer 
	Parameter G_AXI_AWLEN_INDEX bound to: 44 - type: integer 
	Parameter G_AXI_AWLEN_WIDTH bound to: 8 - type: integer 
	Parameter G_AXI_AWLOCK_INDEX bound to: 52 - type: integer 
	Parameter G_AXI_AWLOCK_WIDTH bound to: 1 - type: integer 
	Parameter G_AXI_AWID_INDEX bound to: 53 - type: integer 
	Parameter G_AXI_AWID_WIDTH bound to: 1 - type: integer 
	Parameter G_AXI_AWQOS_INDEX bound to: 54 - type: integer 
	Parameter G_AXI_AWQOS_WIDTH bound to: 4 - type: integer 
	Parameter G_AXI_AWREGION_INDEX bound to: 58 - type: integer 
	Parameter G_AXI_AWREGION_WIDTH bound to: 4 - type: integer 
	Parameter G_AXI_AWUSER_INDEX bound to: 62 - type: integer 
	Parameter G_AXI_AWUSER_WIDTH bound to: 0 - type: integer 
	Parameter G_AXI_AWPAYLOAD_WIDTH bound to: 62 - type: integer 
	Parameter G_AXI_ARADDR_INDEX bound to: 0 - type: integer 
	Parameter G_AXI_ARADDR_WIDTH bound to: 32 - type: integer 
	Parameter G_AXI_ARPROT_INDEX bound to: 32 - type: integer 
	Parameter G_AXI_ARPROT_WIDTH bound to: 3 - type: integer 
	Parameter G_AXI_ARSIZE_INDEX bound to: 35 - type: integer 
	Parameter G_AXI_ARSIZE_WIDTH bound to: 3 - type: integer 
	Parameter G_AXI_ARBURST_INDEX bound to: 38 - type: integer 
	Parameter G_AXI_ARBURST_WIDTH bound to: 2 - type: integer 
	Parameter G_AXI_ARCACHE_INDEX bound to: 40 - type: integer 
	Parameter G_AXI_ARCACHE_WIDTH bound to: 4 - type: integer 
	Parameter G_AXI_ARLEN_INDEX bound to: 44 - type: integer 
	Parameter G_AXI_ARLEN_WIDTH bound to: 8 - type: integer 
	Parameter G_AXI_ARLOCK_INDEX bound to: 52 - type: integer 
	Parameter G_AXI_ARLOCK_WIDTH bound to: 1 - type: integer 
	Parameter G_AXI_ARID_INDEX bound to: 53 - type: integer 
	Parameter G_AXI_ARID_WIDTH bound to: 1 - type: integer 
	Parameter G_AXI_ARQOS_INDEX bound to: 54 - type: integer 
	Parameter G_AXI_ARQOS_WIDTH bound to: 4 - type: integer 
	Parameter G_AXI_ARREGION_INDEX bound to: 58 - type: integer 
	Parameter G_AXI_ARREGION_WIDTH bound to: 4 - type: integer 
	Parameter G_AXI_ARUSER_INDEX bound to: 62 - type: integer 
	Parameter G_AXI_ARUSER_WIDTH bound to: 0 - type: integer 
	Parameter G_AXI_ARPAYLOAD_WIDTH bound to: 62 - type: integer 
	Parameter G_AXI_WDATA_INDEX bound to: 0 - type: integer 
	Parameter G_AXI_WDATA_WIDTH bound to: 32 - type: integer 
	Parameter G_AXI_WSTRB_INDEX bound to: 32 - type: integer 
	Parameter G_AXI_WSTRB_WIDTH bound to: 4 - type: integer 
	Parameter G_AXI_WLAST_INDEX bound to: 36 - type: integer 
	Parameter G_AXI_WLAST_WIDTH bound to: 1 - type: integer 
	Parameter G_AXI_WID_INDEX bound to: 37 - type: integer 
	Parameter G_AXI_WID_WIDTH bound to: 0 - type: integer 
	Parameter G_AXI_WUSER_INDEX bound to: 37 - type: integer 
	Parameter G_AXI_WUSER_WIDTH bound to: 0 - type: integer 
	Parameter G_AXI_WPAYLOAD_WIDTH bound to: 37 - type: integer 
	Parameter G_AXI_BRESP_INDEX bound to: 0 - type: integer 
	Parameter G_AXI_BRESP_WIDTH bound to: 2 - type: integer 
	Parameter G_AXI_BID_INDEX bound to: 2 - type: integer 
	Parameter G_AXI_BID_WIDTH bound to: 1 - type: integer 
	Parameter G_AXI_BUSER_INDEX bound to: 3 - type: integer 
	Parameter G_AXI_BUSER_WIDTH bound to: 0 - type: integer 
	Parameter G_AXI_BPAYLOAD_WIDTH bound to: 3 - type: integer 
	Parameter G_AXI_RDATA_INDEX bound to: 0 - type: integer 
	Parameter G_AXI_RDATA_WIDTH bound to: 32 - type: integer 
	Parameter G_AXI_RRESP_INDEX bound to: 32 - type: integer 
	Parameter G_AXI_RRESP_WIDTH bound to: 2 - type: integer 
	Parameter G_AXI_RLAST_INDEX bound to: 34 - type: integer 
	Parameter G_AXI_RLAST_WIDTH bound to: 1 - type: integer 
	Parameter G_AXI_RID_INDEX bound to: 35 - type: integer 
	Parameter G_AXI_RID_WIDTH bound to: 1 - type: integer 
	Parameter G_AXI_RUSER_INDEX bound to: 36 - type: integer 
	Parameter G_AXI_RUSER_WIDTH bound to: 0 - type: integer 
	Parameter G_AXI_RPAYLOAD_WIDTH bound to: 36 - type: integer 
INFO: [Synth 8-6157] synthesizing module 'axi_infrastructure_v1_1_0_axi2vector__parameterized1' [/home/chethana/XILINX/New_IP_Accelerator/terrain_robot_hardware/terrain_robot_hardware.gen/sources_1/bd/design_1/ipshared/ec67/hdl/axi_infrastructure_v1_1_vl_rfs.v:60]
	Parameter C_AXI_PROTOCOL bound to: 0 - type: integer 
	Parameter C_AXI_ID_WIDTH bound to: 1 - type: integer 
	Parameter C_AXI_ADDR_WIDTH bound to: 32 - type: integer 
	Parameter C_AXI_DATA_WIDTH bound to: 32 - type: integer 
	Parameter C_AXI_SUPPORTS_USER_SIGNALS bound to: 0 - type: integer 
	Parameter C_AXI_SUPPORTS_REGION_SIGNALS bound to: 1 - type: integer 
	Parameter C_AXI_AWUSER_WIDTH bound to: 1 - type: integer 
	Parameter C_AXI_WUSER_WIDTH bound to: 1 - type: integer 
	Parameter C_AXI_BUSER_WIDTH bound to: 1 - type: integer 
	Parameter C_AXI_ARUSER_WIDTH bound to: 1 - type: integer 
	Parameter C_AXI_RUSER_WIDTH bound to: 1 - type: integer 
	Parameter C_AWPAYLOAD_WIDTH bound to: 62 - type: integer 
	Parameter C_WPAYLOAD_WIDTH bound to: 37 - type: integer 
	Parameter C_BPAYLOAD_WIDTH bound to: 3 - type: integer 
	Parameter C_ARPAYLOAD_WIDTH bound to: 62 - type: integer 
	Parameter C_RPAYLOAD_WIDTH bound to: 36 - type: integer 
	Parameter G_AXI_AWADDR_INDEX bound to: 0 - type: integer 
	Parameter G_AXI_AWADDR_WIDTH bound to: 32 - type: integer 
	Parameter G_AXI_AWPROT_INDEX bound to: 32 - type: integer 
	Parameter G_AXI_AWPROT_WIDTH bound to: 3 - type: integer 
	Parameter G_AXI_AWSIZE_INDEX bound to: 35 - type: integer 
	Parameter G_AXI_AWSIZE_WIDTH bound to: 3 - type: integer 
	Parameter G_AXI_AWBURST_INDEX bound to: 38 - type: integer 
	Parameter G_AXI_AWBURST_WIDTH bound to: 2 - type: integer 
	Parameter G_AXI_AWCACHE_INDEX bound to: 40 - type: integer 
	Parameter G_AXI_AWCACHE_WIDTH bound to: 4 - type: integer 
	Parameter G_AXI_AWLEN_INDEX bound to: 44 - type: integer 
	Parameter G_AXI_AWLEN_WIDTH bound to: 8 - type: integer 
	Parameter G_AXI_AWLOCK_INDEX bound to: 52 - type: integer 
	Parameter G_AXI_AWLOCK_WIDTH bound to: 1 - type: integer 
	Parameter G_AXI_AWID_INDEX bound to: 53 - type: integer 
	Parameter G_AXI_AWID_WIDTH bound to: 1 - type: integer 
	Parameter G_AXI_AWQOS_INDEX bound to: 54 - type: integer 
	Parameter G_AXI_AWQOS_WIDTH bound to: 4 - type: integer 
	Parameter G_AXI_AWREGION_INDEX bound to: 58 - type: integer 
	Parameter G_AXI_AWREGION_WIDTH bound to: 4 - type: integer 
	Parameter G_AXI_AWUSER_INDEX bound to: 62 - type: integer 
	Parameter G_AXI_AWUSER_WIDTH bound to: 0 - type: integer 
	Parameter G_AXI_AWPAYLOAD_WIDTH bound to: 62 - type: integer 
	Parameter G_AXI_ARADDR_INDEX bound to: 0 - type: integer 
	Parameter G_AXI_ARADDR_WIDTH bound to: 32 - type: integer 
	Parameter G_AXI_ARPROT_INDEX bound to: 32 - type: integer 
	Parameter G_AXI_ARPROT_WIDTH bound to: 3 - type: integer 
	Parameter G_AXI_ARSIZE_INDEX bound to: 35 - type: integer 
	Parameter G_AXI_ARSIZE_WIDTH bound to: 3 - type: integer 
	Parameter G_AXI_ARBURST_INDEX bound to: 38 - type: integer 
	Parameter G_AXI_ARBURST_WIDTH bound to: 2 - type: integer 
	Parameter G_AXI_ARCACHE_INDEX bound to: 40 - type: integer 
	Parameter G_AXI_ARCACHE_WIDTH bound to: 4 - type: integer 
	Parameter G_AXI_ARLEN_INDEX bound to: 44 - type: integer 
	Parameter G_AXI_ARLEN_WIDTH bound to: 8 - type: integer 
	Parameter G_AXI_ARLOCK_INDEX bound to: 52 - type: integer 
	Parameter G_AXI_ARLOCK_WIDTH bound to: 1 - type: integer 
	Parameter G_AXI_ARID_INDEX bound to: 53 - type: integer 
	Parameter G_AXI_ARID_WIDTH bound to: 1 - type: integer 
	Parameter G_AXI_ARQOS_INDEX bound to: 54 - type: integer 
	Parameter G_AXI_ARQOS_WIDTH bound to: 4 - type: integer 
	Parameter G_AXI_ARREGION_INDEX bound to: 58 - type: integer 
	Parameter G_AXI_ARREGION_WIDTH bound to: 4 - type: integer 
	Parameter G_AXI_ARUSER_INDEX bound to: 62 - type: integer 
	Parameter G_AXI_ARUSER_WIDTH bound to: 0 - type: integer 
	Parameter G_AXI_ARPAYLOAD_WIDTH bound to: 62 - type: integer 
	Parameter G_AXI_WDATA_INDEX bound to: 0 - type: integer 
	Parameter G_AXI_WDATA_WIDTH bound to: 32 - type: integer 
	Parameter G_AXI_WSTRB_INDEX bound to: 32 - type: integer 
	Parameter G_AXI_WSTRB_WIDTH bound to: 4 - type: integer 
	Parameter G_AXI_WLAST_INDEX bound to: 36 - type: integer 
	Parameter G_AXI_WLAST_WIDTH bound to: 1 - type: integer 
	Parameter G_AXI_WID_INDEX bound to: 37 - type: integer 
	Parameter G_AXI_WID_WIDTH bound to: 0 - type: integer 
	Parameter G_AXI_WUSER_INDEX bound to: 37 - type: integer 
	Parameter G_AXI_WUSER_WIDTH bound to: 0 - type: integer 
	Parameter G_AXI_WPAYLOAD_WIDTH bound to: 37 - type: integer 
	Parameter G_AXI_BRESP_INDEX bound to: 0 - type: integer 
	Parameter G_AXI_BRESP_WIDTH bound to: 2 - type: integer 
	Parameter G_AXI_BID_INDEX bound to: 2 - type: integer 
	Parameter G_AXI_BID_WIDTH bound to: 1 - type: integer 
	Parameter G_AXI_BUSER_INDEX bound to: 3 - type: integer 
	Parameter G_AXI_BUSER_WIDTH bound to: 0 - type: integer 
	Parameter G_AXI_BPAYLOAD_WIDTH bound to: 3 - type: integer 
	Parameter G_AXI_RDATA_INDEX bound to: 0 - type: integer 
	Parameter G_AXI_RDATA_WIDTH bound to: 32 - type: integer 
	Parameter G_AXI_RRESP_INDEX bound to: 32 - type: integer 
	Parameter G_AXI_RRESP_WIDTH bound to: 2 - type: integer 
	Parameter G_AXI_RLAST_INDEX bound to: 34 - type: integer 
	Parameter G_AXI_RLAST_WIDTH bound to: 1 - type: integer 
	Parameter G_AXI_RID_INDEX bound to: 35 - type: integer 
	Parameter G_AXI_RID_WIDTH bound to: 1 - type: integer 
	Parameter G_AXI_RUSER_INDEX bound to: 36 - type: integer 
	Parameter G_AXI_RUSER_WIDTH bound to: 0 - type: integer 
	Parameter G_AXI_RPAYLOAD_WIDTH bound to: 36 - type: integer 
INFO: [Synth 8-6155] done synthesizing module 'axi_infrastructure_v1_1_0_axi2vector__parameterized1' (139#1) [/home/chethana/XILINX/New_IP_Accelerator/terrain_robot_hardware/terrain_robot_hardware.gen/sources_1/bd/design_1/ipshared/ec67/hdl/axi_infrastructure_v1_1_vl_rfs.v:60]
INFO: [Synth 8-6157] synthesizing module 'axi_infrastructure_v1_1_0_vector2axi__parameterized1' [/home/chethana/XILINX/New_IP_Accelerator/terrain_robot_hardware/terrain_robot_hardware.gen/sources_1/bd/design_1/ipshared/ec67/hdl/axi_infrastructure_v1_1_vl_rfs.v:474]
	Parameter C_AXI_PROTOCOL bound to: 0 - type: integer 
	Parameter C_AXI_ID_WIDTH bound to: 1 - type: integer 
	Parameter C_AXI_ADDR_WIDTH bound to: 32 - type: integer 
	Parameter C_AXI_DATA_WIDTH bound to: 32 - type: integer 
	Parameter C_AXI_SUPPORTS_USER_SIGNALS bound to: 0 - type: integer 
	Parameter C_AXI_SUPPORTS_REGION_SIGNALS bound to: 1 - type: integer 
	Parameter C_AXI_AWUSER_WIDTH bound to: 1 - type: integer 
	Parameter C_AXI_WUSER_WIDTH bound to: 1 - type: integer 
	Parameter C_AXI_BUSER_WIDTH bound to: 1 - type: integer 
	Parameter C_AXI_ARUSER_WIDTH bound to: 1 - type: integer 
	Parameter C_AXI_RUSER_WIDTH bound to: 1 - type: integer 
	Parameter C_AWPAYLOAD_WIDTH bound to: 62 - type: integer 
	Parameter C_WPAYLOAD_WIDTH bound to: 37 - type: integer 
	Parameter C_BPAYLOAD_WIDTH bound to: 3 - type: integer 
	Parameter C_ARPAYLOAD_WIDTH bound to: 62 - type: integer 
	Parameter C_RPAYLOAD_WIDTH bound to: 36 - type: integer 
	Parameter G_AXI_AWADDR_INDEX bound to: 0 - type: integer 
	Parameter G_AXI_AWADDR_WIDTH bound to: 32 - type: integer 
	Parameter G_AXI_AWPROT_INDEX bound to: 32 - type: integer 
	Parameter G_AXI_AWPROT_WIDTH bound to: 3 - type: integer 
	Parameter G_AXI_AWSIZE_INDEX bound to: 35 - type: integer 
	Parameter G_AXI_AWSIZE_WIDTH bound to: 3 - type: integer 
	Parameter G_AXI_AWBURST_INDEX bound to: 38 - type: integer 
	Parameter G_AXI_AWBURST_WIDTH bound to: 2 - type: integer 
	Parameter G_AXI_AWCACHE_INDEX bound to: 40 - type: integer 
	Parameter G_AXI_AWCACHE_WIDTH bound to: 4 - type: integer 
	Parameter G_AXI_AWLEN_INDEX bound to: 44 - type: integer 
	Parameter G_AXI_AWLEN_WIDTH bound to: 8 - type: integer 
	Parameter G_AXI_AWLOCK_INDEX bound to: 52 - type: integer 
	Parameter G_AXI_AWLOCK_WIDTH bound to: 1 - type: integer 
	Parameter G_AXI_AWID_INDEX bound to: 53 - type: integer 
	Parameter G_AXI_AWID_WIDTH bound to: 1 - type: integer 
	Parameter G_AXI_AWQOS_INDEX bound to: 54 - type: integer 
	Parameter G_AXI_AWQOS_WIDTH bound to: 4 - type: integer 
	Parameter G_AXI_AWREGION_INDEX bound to: 58 - type: integer 
	Parameter G_AXI_AWREGION_WIDTH bound to: 4 - type: integer 
	Parameter G_AXI_AWUSER_INDEX bound to: 62 - type: integer 
	Parameter G_AXI_AWUSER_WIDTH bound to: 0 - type: integer 
	Parameter G_AXI_AWPAYLOAD_WIDTH bound to: 62 - type: integer 
	Parameter G_AXI_ARADDR_INDEX bound to: 0 - type: integer 
	Parameter G_AXI_ARADDR_WIDTH bound to: 32 - type: integer 
	Parameter G_AXI_ARPROT_INDEX bound to: 32 - type: integer 
	Parameter G_AXI_ARPROT_WIDTH bound to: 3 - type: integer 
	Parameter G_AXI_ARSIZE_INDEX bound to: 35 - type: integer 
	Parameter G_AXI_ARSIZE_WIDTH bound to: 3 - type: integer 
	Parameter G_AXI_ARBURST_INDEX bound to: 38 - type: integer 
	Parameter G_AXI_ARBURST_WIDTH bound to: 2 - type: integer 
	Parameter G_AXI_ARCACHE_INDEX bound to: 40 - type: integer 
	Parameter G_AXI_ARCACHE_WIDTH bound to: 4 - type: integer 
	Parameter G_AXI_ARLEN_INDEX bound to: 44 - type: integer 
	Parameter G_AXI_ARLEN_WIDTH bound to: 8 - type: integer 
	Parameter G_AXI_ARLOCK_INDEX bound to: 52 - type: integer 
	Parameter G_AXI_ARLOCK_WIDTH bound to: 1 - type: integer 
	Parameter G_AXI_ARID_INDEX bound to: 53 - type: integer 
	Parameter G_AXI_ARID_WIDTH bound to: 1 - type: integer 
	Parameter G_AXI_ARQOS_INDEX bound to: 54 - type: integer 
	Parameter G_AXI_ARQOS_WIDTH bound to: 4 - type: integer 
	Parameter G_AXI_ARREGION_INDEX bound to: 58 - type: integer 
	Parameter G_AXI_ARREGION_WIDTH bound to: 4 - type: integer 
	Parameter G_AXI_ARUSER_INDEX bound to: 62 - type: integer 
	Parameter G_AXI_ARUSER_WIDTH bound to: 0 - type: integer 
	Parameter G_AXI_ARPAYLOAD_WIDTH bound to: 62 - type: integer 
	Parameter G_AXI_WDATA_INDEX bound to: 0 - type: integer 
	Parameter G_AXI_WDATA_WIDTH bound to: 32 - type: integer 
	Parameter G_AXI_WSTRB_INDEX bound to: 32 - type: integer 
	Parameter G_AXI_WSTRB_WIDTH bound to: 4 - type: integer 
	Parameter G_AXI_WLAST_INDEX bound to: 36 - type: integer 
	Parameter G_AXI_WLAST_WIDTH bound to: 1 - type: integer 
	Parameter G_AXI_WID_INDEX bound to: 37 - type: integer 
	Parameter G_AXI_WID_WIDTH bound to: 0 - type: integer 
	Parameter G_AXI_WUSER_INDEX bound to: 37 - type: integer 
	Parameter G_AXI_WUSER_WIDTH bound to: 0 - type: integer 
	Parameter G_AXI_WPAYLOAD_WIDTH bound to: 37 - type: integer 
	Parameter G_AXI_BRESP_INDEX bound to: 0 - type: integer 
	Parameter G_AXI_BRESP_WIDTH bound to: 2 - type: integer 
	Parameter G_AXI_BID_INDEX bound to: 2 - type: integer 
	Parameter G_AXI_BID_WIDTH bound to: 1 - type: integer 
	Parameter G_AXI_BUSER_INDEX bound to: 3 - type: integer 
	Parameter G_AXI_BUSER_WIDTH bound to: 0 - type: integer 
	Parameter G_AXI_BPAYLOAD_WIDTH bound to: 3 - type: integer 
	Parameter G_AXI_RDATA_INDEX bound to: 0 - type: integer 
	Parameter G_AXI_RDATA_WIDTH bound to: 32 - type: integer 
	Parameter G_AXI_RRESP_INDEX bound to: 32 - type: integer 
	Parameter G_AXI_RRESP_WIDTH bound to: 2 - type: integer 
	Parameter G_AXI_RLAST_INDEX bound to: 34 - type: integer 
	Parameter G_AXI_RLAST_WIDTH bound to: 1 - type: integer 
	Parameter G_AXI_RID_INDEX bound to: 35 - type: integer 
	Parameter G_AXI_RID_WIDTH bound to: 1 - type: integer 
	Parameter G_AXI_RUSER_INDEX bound to: 36 - type: integer 
	Parameter G_AXI_RUSER_WIDTH bound to: 0 - type: integer 
	Parameter G_AXI_RPAYLOAD_WIDTH bound to: 36 - type: integer 
INFO: [Synth 8-6155] done synthesizing module 'axi_infrastructure_v1_1_0_vector2axi__parameterized1' (139#1) [/home/chethana/XILINX/New_IP_Accelerator/terrain_robot_hardware/terrain_robot_hardware.gen/sources_1/bd/design_1/ipshared/ec67/hdl/axi_infrastructure_v1_1_vl_rfs.v:474]
INFO: [Synth 8-6157] synthesizing module 'axi_register_slice_v2_1_22_axic_register_slice__parameterized7' [/home/chethana/XILINX/New_IP_Accelerator/terrain_robot_hardware/terrain_robot_hardware.gen/sources_1/bd/design_1/ipshared/af2c/hdl/axi_register_slice_v2_1_vl_rfs.v:1498]
	Parameter C_FAMILY bound to: virtex6 - type: string 
	Parameter C_DATA_WIDTH bound to: 62 - type: integer 
	Parameter C_REG_CONFIG bound to: 1 - type: integer 
INFO: [Synth 8-6155] done synthesizing module 'axi_register_slice_v2_1_22_axic_register_slice__parameterized7' (139#1) [/home/chethana/XILINX/New_IP_Accelerator/terrain_robot_hardware/terrain_robot_hardware.gen/sources_1/bd/design_1/ipshared/af2c/hdl/axi_register_slice_v2_1_vl_rfs.v:1498]
INFO: [Synth 8-6157] synthesizing module 'axi_register_slice_v2_1_22_axic_register_slice__parameterized8' [/home/chethana/XILINX/New_IP_Accelerator/terrain_robot_hardware/terrain_robot_hardware.gen/sources_1/bd/design_1/ipshared/af2c/hdl/axi_register_slice_v2_1_vl_rfs.v:1498]
	Parameter C_FAMILY bound to: virtex6 - type: string 
	Parameter C_DATA_WIDTH bound to: 37 - type: integer 
	Parameter C_REG_CONFIG bound to: 0 - type: integer 
INFO: [Synth 8-6155] done synthesizing module 'axi_register_slice_v2_1_22_axic_register_slice__parameterized8' (139#1) [/home/chethana/XILINX/New_IP_Accelerator/terrain_robot_hardware/terrain_robot_hardware.gen/sources_1/bd/design_1/ipshared/af2c/hdl/axi_register_slice_v2_1_vl_rfs.v:1498]
INFO: [Synth 8-6157] synthesizing module 'axi_register_slice_v2_1_22_axic_register_slice__parameterized9' [/home/chethana/XILINX/New_IP_Accelerator/terrain_robot_hardware/terrain_robot_hardware.gen/sources_1/bd/design_1/ipshared/af2c/hdl/axi_register_slice_v2_1_vl_rfs.v:1498]
	Parameter C_FAMILY bound to: virtex6 - type: string 
	Parameter C_DATA_WIDTH bound to: 3 - type: integer 
	Parameter C_REG_CONFIG bound to: 1 - type: integer 
INFO: [Synth 8-6155] done synthesizing module 'axi_register_slice_v2_1_22_axic_register_slice__parameterized9' (139#1) [/home/chethana/XILINX/New_IP_Accelerator/terrain_robot_hardware/terrain_robot_hardware.gen/sources_1/bd/design_1/ipshared/af2c/hdl/axi_register_slice_v2_1_vl_rfs.v:1498]
INFO: [Synth 8-6157] synthesizing module 'axi_register_slice_v2_1_22_axic_register_slice__parameterized10' [/home/chethana/XILINX/New_IP_Accelerator/terrain_robot_hardware/terrain_robot_hardware.gen/sources_1/bd/design_1/ipshared/af2c/hdl/axi_register_slice_v2_1_vl_rfs.v:1498]
	Parameter C_FAMILY bound to: virtex6 - type: string 
	Parameter C_DATA_WIDTH bound to: 36 - type: integer 
	Parameter C_REG_CONFIG bound to: 1 - type: integer 
INFO: [Synth 8-6155] done synthesizing module 'axi_register_slice_v2_1_22_axic_register_slice__parameterized10' (139#1) [/home/chethana/XILINX/New_IP_Accelerator/terrain_robot_hardware/terrain_robot_hardware.gen/sources_1/bd/design_1/ipshared/af2c/hdl/axi_register_slice_v2_1_vl_rfs.v:1498]
INFO: [Synth 8-6155] done synthesizing module 'axi_register_slice_v2_1_22_axi_register_slice__parameterized1' (139#1) [/home/chethana/XILINX/New_IP_Accelerator/terrain_robot_hardware/terrain_robot_hardware.gen/sources_1/bd/design_1/ipshared/af2c/hdl/axi_register_slice_v2_1_vl_rfs.v:3726]
WARNING: [Synth 8-7071] port 'aclk2x' of module 'axi_register_slice_v2_1_22_axi_register_slice' is unconnected for instance 'SI_REG' [/home/chethana/XILINX/New_IP_Accelerator/terrain_robot_hardware/terrain_robot_hardware.gen/sources_1/bd/design_1/ipshared/5cee/hdl/axi_protocol_converter_v2_1_vl_rfs.v:4392]
WARNING: [Synth 8-7023] instance 'SI_REG' of module 'axi_register_slice_v2_1_22_axi_register_slice' has 93 connections declared, but only 92 given [/home/chethana/XILINX/New_IP_Accelerator/terrain_robot_hardware/terrain_robot_hardware.gen/sources_1/bd/design_1/ipshared/5cee/hdl/axi_protocol_converter_v2_1_vl_rfs.v:4392]
WARNING: [Synth 8-7071] port 'aclk2x' of module 'axi_register_slice_v2_1_22_axi_register_slice' is unconnected for instance 'MI_REG' [/home/chethana/XILINX/New_IP_Accelerator/terrain_robot_hardware/terrain_robot_hardware.gen/sources_1/bd/design_1/ipshared/5cee/hdl/axi_protocol_converter_v2_1_vl_rfs.v:4647]
WARNING: [Synth 8-7023] instance 'MI_REG' of module 'axi_register_slice_v2_1_22_axi_register_slice' has 93 connections declared, but only 92 given [/home/chethana/XILINX/New_IP_Accelerator/terrain_robot_hardware/terrain_robot_hardware.gen/sources_1/bd/design_1/ipshared/5cee/hdl/axi_protocol_converter_v2_1_vl_rfs.v:4647]
INFO: [Synth 8-6155] done synthesizing module 'axi_protocol_converter_v2_1_22_b2s__parameterized0' (139#1) [/home/chethana/XILINX/New_IP_Accelerator/terrain_robot_hardware/terrain_robot_hardware.gen/sources_1/bd/design_1/ipshared/5cee/hdl/axi_protocol_converter_v2_1_vl_rfs.v:4226]
INFO: [Synth 8-6155] done synthesizing module 'axi_protocol_converter_v2_1_22_axi_protocol_converter__parameterized0' (139#1) [/home/chethana/XILINX/New_IP_Accelerator/terrain_robot_hardware/terrain_robot_hardware.gen/sources_1/bd/design_1/ipshared/5cee/hdl/axi_protocol_converter_v2_1_vl_rfs.v:4808]
INFO: [Synth 8-6155] done synthesizing module 'design_1_auto_pc_1' (140#1) [/home/chethana/XILINX/New_IP_Accelerator/terrain_robot_hardware/terrain_robot_hardware.gen/sources_1/bd/design_1/ip/design_1_auto_pc_1/synth/design_1_auto_pc_1.v:58]
INFO: [Synth 8-6155] done synthesizing module 's01_couplers_imp_ZQDCSB' (141#1) [/home/chethana/XILINX/New_IP_Accelerator/terrain_robot_hardware/terrain_robot_hardware.gen/sources_1/bd/design_1/synth/design_1.v:2480]
INFO: [Synth 8-6157] synthesizing module 'design_1_xbar_0' [/home/chethana/XILINX/New_IP_Accelerator/terrain_robot_hardware/terrain_robot_hardware.gen/sources_1/bd/design_1/ip/design_1_xbar_0/synth/design_1_xbar_0.v:59]
INFO: [Synth 8-6157] synthesizing module 'axi_crossbar_v2_1_23_axi_crossbar' [/home/chethana/XILINX/New_IP_Accelerator/terrain_robot_hardware/terrain_robot_hardware.gen/sources_1/bd/design_1/ipshared/bc0a/hdl/axi_crossbar_v2_1_vl_rfs.v:4884]
	Parameter C_FAMILY bound to: zynq - type: string 
	Parameter C_NUM_SLAVE_SLOTS bound to: 2 - type: integer 
	Parameter C_NUM_MASTER_SLOTS bound to: 4 - type: integer 
	Parameter C_AXI_ID_WIDTH bound to: 1 - type: integer 
	Parameter C_AXI_ADDR_WIDTH bound to: 32 - type: integer 
	Parameter C_AXI_DATA_WIDTH bound to: 32 - type: integer 
	Parameter C_AXI_PROTOCOL bound to: 2 - type: integer 
	Parameter C_NUM_ADDR_RANGES bound to: 1 - type: integer 
	Parameter C_M_AXI_BASE_ADDR bound to: 256'b0000000000000000000000000000000001000000000000100000000000000000000000000000000000000000000000000100010010100000000000000000000000000000000000000000000000000000010000000000000100000000000000000000000000000000000000000000000001000000000000000000000000000000 
	Parameter C_M_AXI_ADDR_WIDTH bound to: 128'b00000000000000000000000000010000000000000000000000000000000100000000000000000000000000000001000000000000000000000000000000010000 
	Parameter C_S_AXI_BASE_ID bound to: 64'b0000000000000000000100000000000000000000000000000000000000000000 
	Parameter C_S_AXI_THREAD_ID_WIDTH bound to: 64'b0000000000000000000000000000000100000000000000000000000000001100 
	Parameter C_AXI_SUPPORTS_USER_SIGNALS bound to: 0 - type: integer 
	Parameter C_AXI_AWUSER_WIDTH bound to: 1 - type: integer 
	Parameter C_AXI_ARUSER_WIDTH bound to: 1 - type: integer 
	Parameter C_AXI_WUSER_WIDTH bound to: 1 - type: integer 
	Parameter C_AXI_RUSER_WIDTH bound to: 1 - type: integer 
	Parameter C_AXI_BUSER_WIDTH bound to: 1 - type: integer 
	Parameter C_M_AXI_WRITE_CONNECTIVITY bound to: 128'b00000000000000000000000000000011000000000000000000000000000000110000000000000000000000000000001100000000000000000000000000000011 
	Parameter C_M_AXI_READ_CONNECTIVITY bound to: 128'b00000000000000000000000000000011000000000000000000000000000000110000000000000000000000000000001100000000000000000000000000000011 
	Parameter C_R_REGISTER bound to: 1 - type: integer 
	Parameter C_S_AXI_SINGLE_THREAD bound to: 64'b0000000000000000000000000000000100000000000000000000000000000001 
	Parameter C_S_AXI_WRITE_ACCEPTANCE bound to: 64'b0000000000000000000000000000000100000000000000000000000000000001 
	Parameter C_S_AXI_READ_ACCEPTANCE bound to: 64'b0000000000000000000000000000000100000000000000000000000000000001 
	Parameter C_M_AXI_WRITE_ISSUING bound to: 128'b00000000000000000000000000000001000000000000000000000000000000010000000000000000000000000000000100000000000000000000000000000001 
	Parameter C_M_AXI_READ_ISSUING bound to: 128'b00000000000000000000000000000001000000000000000000000000000000010000000000000000000000000000000100000000000000000000000000000001 
	Parameter C_S_AXI_ARB_PRIORITY bound to: 64'b0000000000000000000000000000000000000000000000000000000000000000 
	Parameter C_M_AXI_SECURE bound to: 128'b00000000000000000000000000000000000000000000000000000000000000000000000000000000000000000000000000000000000000000000000000000000 
	Parameter C_CONNECTIVITY_MODE bound to: 0 - type: integer 
	Parameter P_ONES bound to: 65'b11111111111111111111111111111111111111111111111111111111111111111 
	Parameter P_S_AXI_BASE_ID bound to: 128'b00000000000000000000000000000000000000000000000000000000000000000000000000000000000000000000000000000000000000000000000000000000 
	Parameter P_S_AXI_HIGH_ID bound to: 128'b00000000000000000000000000000000000000000000000000000000000000010000000000000000000000000000000000000000000000000000000000000001 
	Parameter P_AXI4 bound to: 0 - type: integer 
	Parameter P_AXI3 bound to: 1 - type: integer 
	Parameter P_AXILITE bound to: 2 - type: integer 
	Parameter P_AXILITE_SIZE bound to: 3'b010 
	Parameter P_INCR bound to: 2'b01 
	Parameter P_M_AXI_SUPPORTS_WRITE bound to: 4'b1111 
	Parameter P_M_AXI_SUPPORTS_READ bound to: 4'b1111 
	Parameter P_S_AXI_SUPPORTS_WRITE bound to: 2'b11 
	Parameter P_S_AXI_SUPPORTS_READ bound to: 2'b11 
	Parameter C_DEBUG bound to: 1 - type: integer 
	Parameter P_RANGE_CHECK bound to: 1 - type: integer 
	Parameter P_ADDR_DECODE bound to: 1 - type: integer 
	Parameter P_M_AXI_ERR_MODE bound to: 128'b00000000000000000000000000000000000000000000000000000000000000000000000000000000000000000000000000000000000000000000000000000000 
	Parameter P_LEN bound to: 8 - type: integer 
	Parameter P_LOCK bound to: 1 - type: integer 
	Parameter P_FAMILY bound to: zynq - type: string 
INFO: [Synth 8-6157] synthesizing module 'axi_crossbar_v2_1_23_crossbar_sasd' [/home/chethana/XILINX/New_IP_Accelerator/terrain_robot_hardware/terrain_robot_hardware.gen/sources_1/bd/design_1/ipshared/bc0a/hdl/axi_crossbar_v2_1_vl_rfs.v:1240]
	Parameter C_FAMILY bound to: zynq - type: string 
	Parameter C_NUM_SLAVE_SLOTS bound to: 2 - type: integer 
	Parameter C_NUM_MASTER_SLOTS bound to: 4 - type: integer 
	Parameter C_NUM_ADDR_RANGES bound to: 1 - type: integer 
	Parameter C_AXI_ID_WIDTH bound to: 1 - type: integer 
	Parameter C_AXI_ADDR_WIDTH bound to: 32 - type: integer 
	Parameter C_AXI_DATA_WIDTH bound to: 32 - type: integer 
	Parameter C_AXI_PROTOCOL bound to: 2 - type: integer 
	Parameter C_M_AXI_BASE_ADDR bound to: 256'b0000000000000000000000000000000001000000000000100000000000000000000000000000000000000000000000000100010010100000000000000000000000000000000000000000000000000000010000000000000100000000000000000000000000000000000000000000000001000000000000000000000000000000 
	Parameter C_M_AXI_HIGH_ADDR bound to: 256'b0000000000000000000000000000000001000000000000101111111111111111000000000000000000000000000000000100010010100000111111111111111100000000000000000000000000000000010000000000000111111111111111110000000000000000000000000000000001000000000000001111111111111111 
	Parameter C_S_AXI_BASE_ID bound to: 128'b00000000000000000000000000000000000000000000000000000000000000000000000000000000000000000000000000000000000000000000000000000000 
	Parameter C_S_AXI_HIGH_ID bound to: 128'b00000000000000000000000000000000000000000000000000000000000000010000000000000000000000000000000000000000000000000000000000000001 
	Parameter C_AXI_SUPPORTS_USER_SIGNALS bound to: 0 - type: integer 
	Parameter C_AXI_AWUSER_WIDTH bound to: 1 - type: integer 
	Parameter C_AXI_ARUSER_WIDTH bound to: 1 - type: integer 
	Parameter C_AXI_WUSER_WIDTH bound to: 1 - type: integer 
	Parameter C_AXI_RUSER_WIDTH bound to: 1 - type: integer 
	Parameter C_AXI_BUSER_WIDTH bound to: 1 - type: integer 
	Parameter C_S_AXI_SUPPORTS_WRITE bound to: 2'b11 
	Parameter C_S_AXI_SUPPORTS_READ bound to: 2'b11 
	Parameter C_M_AXI_SUPPORTS_WRITE bound to: 4'b1111 
	Parameter C_M_AXI_SUPPORTS_READ bound to: 4'b1111 
	Parameter C_S_AXI_ARB_PRIORITY bound to: 64'b0000000000000000000000000000000000000000000000000000000000000000 
	Parameter C_M_AXI_SECURE bound to: 128'b00000000000000000000000000000000000000000000000000000000000000000000000000000000000000000000000000000000000000000000000000000000 
	Parameter C_M_AXI_ERR_MODE bound to: 128'b00000000000000000000000000000000000000000000000000000000000000000000000000000000000000000000000000000000000000000000000000000000 
	Parameter C_R_REGISTER bound to: 1 - type: integer 
	Parameter C_RANGE_CHECK bound to: 1 - type: integer 
	Parameter C_ADDR_DECODE bound to: 1 - type: integer 
	Parameter C_DEBUG bound to: 1 - type: integer 
	Parameter P_AXI4 bound to: 0 - type: integer 
	Parameter P_AXI3 bound to: 1 - type: integer 
	Parameter P_AXILITE bound to: 2 - type: integer 
	Parameter P_NUM_MASTER_SLOTS_DE bound to: 5 - type: integer 
	Parameter P_NUM_MASTER_SLOTS_LOG bound to: 2 - type: integer 
	Parameter P_NUM_MASTER_SLOTS_DE_LOG bound to: 3 - type: integer 
	Parameter P_NUM_SLAVE_SLOTS_LOG bound to: 1 - type: integer 
	Parameter P_AXI_AUSER_WIDTH bound to: 1 - type: integer 
	Parameter P_AXI_WID_WIDTH bound to: 1 - type: integer 
	Parameter P_AMESG_WIDTH bound to: 64 - type: integer 
	Parameter P_BMESG_WIDTH bound to: 3 - type: integer 
	Parameter P_RMESG_WIDTH bound to: 36 - type: integer 
	Parameter P_WMESG_WIDTH bound to: 39 - type: integer 
	Parameter P_AXILITE_ERRMODE bound to: 1 - type: integer 
	Parameter P_NONSECURE_BIT bound to: 1 - type: integer 
	Parameter P_M_SECURE_MASK bound to: 4'b0000 
	Parameter P_M_AXILITE_MASK bound to: 4'b0000 
	Parameter P_FIXED bound to: 2'b00 
	Parameter P_BYPASS bound to: 0 - type: integer 
	Parameter P_LIGHTWT bound to: 7 - type: integer 
	Parameter P_FULLY_REG bound to: 1 - type: integer 
	Parameter P_R_REG_CONFIG bound to: 1 - type: integer 
	Parameter P_DECERR bound to: 2'b11 
INFO: [Synth 8-6157] synthesizing module 'axi_crossbar_v2_1_23_addr_decoder' [/home/chethana/XILINX/New_IP_Accelerator/terrain_robot_hardware/terrain_robot_hardware.gen/sources_1/bd/design_1/ipshared/bc0a/hdl/axi_crossbar_v2_1_vl_rfs.v:794]
	Parameter C_FAMILY bound to: zynq - type: string 
	Parameter C_NUM_TARGETS bound to: 4 - type: integer 
	Parameter C_NUM_TARGETS_LOG bound to: 2 - type: integer 
	Parameter C_NUM_RANGES bound to: 1 - type: integer 
	Parameter C_ADDR_WIDTH bound to: 32 - type: integer 
	Parameter C_TARGET_ENC bound to: 1 - type: integer 
	Parameter C_TARGET_HOT bound to: 1 - type: integer 
	Parameter C_REGION_ENC bound to: 1 - type: integer 
	Parameter C_BASE_ADDR bound to: 256'b0000000000000000000000000000000001000000000000100000000000000000000000000000000000000000000000000100010010100000000000000000000000000000000000000000000000000000010000000000000100000000000000000000000000000000000000000000000001000000000000000000000000000000 
	Parameter C_HIGH_ADDR bound to: 256'b0000000000000000000000000000000001000000000000101111111111111111000000000000000000000000000000000100010010100000111111111111111100000000000000000000000000000000010000000000000111111111111111110000000000000000000000000000000001000000000000001111111111111111 
	Parameter C_TARGET_QUAL bound to: 5'b01111 
	Parameter C_RESOLUTION bound to: 2 - type: integer 
	Parameter C_COMPARATOR_THRESHOLD bound to: 6 - type: integer 
INFO: [Synth 8-6157] synthesizing module 'generic_baseblocks_v2_1_0_comparator_static' [/home/chethana/XILINX/New_IP_Accelerator/terrain_robot_hardware/terrain_robot_hardware.gen/sources_1/bd/design_1/ipshared/b752/hdl/generic_baseblocks_v2_1_vl_rfs.v:2133]
	Parameter C_FAMILY bound to: rtl - type: string 
	Parameter C_VALUE bound to: 30'b010000000000000000000000000000 
	Parameter C_DATA_WIDTH bound to: 30 - type: integer 
	Parameter C_BITS_PER_LUT bound to: 6 - type: integer 
	Parameter C_NUM_LUT bound to: 5 - type: integer 
	Parameter C_FIX_DATA_WIDTH bound to: 30 - type: integer 
INFO: [Synth 8-6157] synthesizing module 'generic_baseblocks_v2_1_0_carry_and' [/home/chethana/XILINX/New_IP_Accelerator/terrain_robot_hardware/terrain_robot_hardware.gen/sources_1/bd/design_1/ipshared/b752/hdl/generic_baseblocks_v2_1_vl_rfs.v:62]
	Parameter C_FAMILY bound to: rtl - type: string 
INFO: [Synth 8-6155] done synthesizing module 'generic_baseblocks_v2_1_0_carry_and' (142#1) [/home/chethana/XILINX/New_IP_Accelerator/terrain_robot_hardware/terrain_robot_hardware.gen/sources_1/bd/design_1/ipshared/b752/hdl/generic_baseblocks_v2_1_vl_rfs.v:62]
INFO: [Synth 8-6155] done synthesizing module 'generic_baseblocks_v2_1_0_comparator_static' (143#1) [/home/chethana/XILINX/New_IP_Accelerator/terrain_robot_hardware/terrain_robot_hardware.gen/sources_1/bd/design_1/ipshared/b752/hdl/generic_baseblocks_v2_1_vl_rfs.v:2133]
INFO: [Synth 8-6157] synthesizing module 'generic_baseblocks_v2_1_0_comparator_static__parameterized0' [/home/chethana/XILINX/New_IP_Accelerator/terrain_robot_hardware/terrain_robot_hardware.gen/sources_1/bd/design_1/ipshared/b752/hdl/generic_baseblocks_v2_1_vl_rfs.v:2133]
	Parameter C_FAMILY bound to: rtl - type: string 
	Parameter C_VALUE bound to: 30'b010000000000000100000000000000 
	Parameter C_DATA_WIDTH bound to: 30 - type: integer 
	Parameter C_BITS_PER_LUT bound to: 6 - type: integer 
	Parameter C_NUM_LUT bound to: 5 - type: integer 
	Parameter C_FIX_DATA_WIDTH bound to: 30 - type: integer 
INFO: [Synth 8-6155] done synthesizing module 'generic_baseblocks_v2_1_0_comparator_static__parameterized0' (143#1) [/home/chethana/XILINX/New_IP_Accelerator/terrain_robot_hardware/terrain_robot_hardware.gen/sources_1/bd/design_1/ipshared/b752/hdl/generic_baseblocks_v2_1_vl_rfs.v:2133]
INFO: [Synth 8-6157] synthesizing module 'generic_baseblocks_v2_1_0_comparator_static__parameterized1' [/home/chethana/XILINX/New_IP_Accelerator/terrain_robot_hardware/terrain_robot_hardware.gen/sources_1/bd/design_1/ipshared/b752/hdl/generic_baseblocks_v2_1_vl_rfs.v:2133]
	Parameter C_FAMILY bound to: rtl - type: string 
	Parameter C_VALUE bound to: 30'b010001001010000000000000000000 
	Parameter C_DATA_WIDTH bound to: 30 - type: integer 
	Parameter C_BITS_PER_LUT bound to: 6 - type: integer 
	Parameter C_NUM_LUT bound to: 5 - type: integer 
	Parameter C_FIX_DATA_WIDTH bound to: 30 - type: integer 
INFO: [Synth 8-6155] done synthesizing module 'generic_baseblocks_v2_1_0_comparator_static__parameterized1' (143#1) [/home/chethana/XILINX/New_IP_Accelerator/terrain_robot_hardware/terrain_robot_hardware.gen/sources_1/bd/design_1/ipshared/b752/hdl/generic_baseblocks_v2_1_vl_rfs.v:2133]
INFO: [Synth 8-6157] synthesizing module 'generic_baseblocks_v2_1_0_comparator_static__parameterized2' [/home/chethana/XILINX/New_IP_Accelerator/terrain_robot_hardware/terrain_robot_hardware.gen/sources_1/bd/design_1/ipshared/b752/hdl/generic_baseblocks_v2_1_vl_rfs.v:2133]
	Parameter C_FAMILY bound to: rtl - type: string 
	Parameter C_VALUE bound to: 30'b010000000000001000000000000000 
	Parameter C_DATA_WIDTH bound to: 30 - type: integer 
	Parameter C_BITS_PER_LUT bound to: 6 - type: integer 
	Parameter C_NUM_LUT bound to: 5 - type: integer 
	Parameter C_FIX_DATA_WIDTH bound to: 30 - type: integer 
INFO: [Synth 8-6155] done synthesizing module 'generic_baseblocks_v2_1_0_comparator_static__parameterized2' (143#1) [/home/chethana/XILINX/New_IP_Accelerator/terrain_robot_hardware/terrain_robot_hardware.gen/sources_1/bd/design_1/ipshared/b752/hdl/generic_baseblocks_v2_1_vl_rfs.v:2133]
INFO: [Synth 8-6155] done synthesizing module 'axi_crossbar_v2_1_23_addr_decoder' (144#1) [/home/chethana/XILINX/New_IP_Accelerator/terrain_robot_hardware/terrain_robot_hardware.gen/sources_1/bd/design_1/ipshared/bc0a/hdl/axi_crossbar_v2_1_vl_rfs.v:794]
INFO: [Synth 8-6157] synthesizing module 'generic_baseblocks_v2_1_0_mux_enc' [/home/chethana/XILINX/New_IP_Accelerator/terrain_robot_hardware/terrain_robot_hardware.gen/sources_1/bd/design_1/ipshared/b752/hdl/generic_baseblocks_v2_1_vl_rfs.v:2452]
	Parameter C_FAMILY bound to: rtl - type: string 
	Parameter C_RATIO bound to: 2 - type: integer 
	Parameter C_SEL_WIDTH bound to: 1 - type: integer 
	Parameter C_DATA_WIDTH bound to: 1 - type: integer 
INFO: [Synth 8-6155] done synthesizing module 'generic_baseblocks_v2_1_0_mux_enc' (145#1) [/home/chethana/XILINX/New_IP_Accelerator/terrain_robot_hardware/terrain_robot_hardware.gen/sources_1/bd/design_1/ipshared/b752/hdl/generic_baseblocks_v2_1_vl_rfs.v:2452]
INFO: [Synth 8-6157] synthesizing module 'generic_baseblocks_v2_1_0_mux_enc__parameterized0' [/home/chethana/XILINX/New_IP_Accelerator/terrain_robot_hardware/terrain_robot_hardware.gen/sources_1/bd/design_1/ipshared/b752/hdl/generic_baseblocks_v2_1_vl_rfs.v:2452]
	Parameter C_FAMILY bound to: rtl - type: string 
	Parameter C_RATIO bound to: 2 - type: integer 
	Parameter C_SEL_WIDTH bound to: 1 - type: integer 
	Parameter C_DATA_WIDTH bound to: 39 - type: integer 
INFO: [Synth 8-6155] done synthesizing module 'generic_baseblocks_v2_1_0_mux_enc__parameterized0' (145#1) [/home/chethana/XILINX/New_IP_Accelerator/terrain_robot_hardware/terrain_robot_hardware.gen/sources_1/bd/design_1/ipshared/b752/hdl/generic_baseblocks_v2_1_vl_rfs.v:2452]
INFO: [Synth 8-6157] synthesizing module 'axi_crossbar_v2_1_23_decerr_slave' [/home/chethana/XILINX/New_IP_Accelerator/terrain_robot_hardware/terrain_robot_hardware.gen/sources_1/bd/design_1/ipshared/bc0a/hdl/axi_crossbar_v2_1_vl_rfs.v:3501]
INFO: [Common 17-14] Message 'Synth 8-6157' appears 100 times and further instances of the messages will be disabled. Use the Tcl command set_msg_config to change the current settings.
	Parameter C_AXI_ID_WIDTH bound to: 1 - type: integer 
	Parameter C_AXI_DATA_WIDTH bound to: 32 - type: integer 
	Parameter C_AXI_BUSER_WIDTH bound to: 1 - type: integer 
	Parameter C_AXI_RUSER_WIDTH bound to: 1 - type: integer 
	Parameter C_AXI_PROTOCOL bound to: 2 - type: integer 
	Parameter C_RESP bound to: 3 - type: integer 
	Parameter P_WRITE_IDLE bound to: 2'b00 
	Parameter P_WRITE_DATA bound to: 2'b01 
	Parameter P_WRITE_RESP bound to: 2'b10 
	Parameter P_READ_IDLE bound to: 1'b0 
	Parameter P_READ_DATA bound to: 1'b1 
	Parameter P_AXI4 bound to: 0 - type: integer 
	Parameter P_AXI3 bound to: 1 - type: integer 
	Parameter P_AXILITE bound to: 2 - type: integer 
INFO: [Synth 8-6155] done synthesizing module 'axi_crossbar_v2_1_23_decerr_slave' (146#1) [/home/chethana/XILINX/New_IP_Accelerator/terrain_robot_hardware/terrain_robot_hardware.gen/sources_1/bd/design_1/ipshared/bc0a/hdl/axi_crossbar_v2_1_vl_rfs.v:3501]
	Parameter C_FAMILY bound to: zynq - type: string 
	Parameter C_NUM_S bound to: 2 - type: integer 
	Parameter C_NUM_S_LOG bound to: 1 - type: integer 
	Parameter C_AMESG_WIDTH bound to: 64 - type: integer 
	Parameter C_GRANT_ENC bound to: 1 - type: integer 
	Parameter C_ARB_PRIORITY bound to: 64'b0000000000000000000000000000000000000000000000000000000000000000 
	Parameter P_PRIO_MASK bound to: 2'b00 
	Parameter C_FAMILY bound to: rtl - type: string 
	Parameter C_RATIO bound to: 2 - type: integer 
	Parameter C_SEL_WIDTH bound to: 1 - type: integer 
	Parameter C_DATA_WIDTH bound to: 64 - type: integer 
INFO: [Synth 8-6155] done synthesizing module 'generic_baseblocks_v2_1_0_mux_enc__parameterized1' (146#1) [/home/chethana/XILINX/New_IP_Accelerator/terrain_robot_hardware/terrain_robot_hardware.gen/sources_1/bd/design_1/ipshared/b752/hdl/generic_baseblocks_v2_1_vl_rfs.v:2452]
INFO: [Synth 8-6155] done synthesizing module 'axi_crossbar_v2_1_23_addr_arbiter_sasd' (147#1) [/home/chethana/XILINX/New_IP_Accelerator/terrain_robot_hardware/terrain_robot_hardware.gen/sources_1/bd/design_1/ipshared/bc0a/hdl/axi_crossbar_v2_1_vl_rfs.v:65]
	Parameter C_NUM_M bound to: 3 - type: integer 
INFO: [Synth 8-6155] done synthesizing module 'axi_crossbar_v2_1_23_splitter' (148#1) [/home/chethana/XILINX/New_IP_Accelerator/terrain_robot_hardware/terrain_robot_hardware.gen/sources_1/bd/design_1/ipshared/bc0a/hdl/axi_crossbar_v2_1_vl_rfs.v:4461]
	Parameter C_NUM_M bound to: 2 - type: integer 
INFO: [Synth 8-6155] done synthesizing module 'axi_crossbar_v2_1_23_splitter__parameterized0' (148#1) [/home/chethana/XILINX/New_IP_Accelerator/terrain_robot_hardware/terrain_robot_hardware.gen/sources_1/bd/design_1/ipshared/bc0a/hdl/axi_crossbar_v2_1_vl_rfs.v:4461]
	Parameter C_FAMILY bound to: rtl - type: string 
	Parameter C_RATIO bound to: 5 - type: integer 
	Parameter C_SEL_WIDTH bound to: 3 - type: integer 
	Parameter C_DATA_WIDTH bound to: 1 - type: integer 
INFO: [Synth 8-6155] done synthesizing module 'generic_baseblocks_v2_1_0_mux_enc__parameterized2' (148#1) [/home/chethana/XILINX/New_IP_Accelerator/terrain_robot_hardware/terrain_robot_hardware.gen/sources_1/bd/design_1/ipshared/b752/hdl/generic_baseblocks_v2_1_vl_rfs.v:2452]
	Parameter C_FAMILY bound to: rtl - type: string 
	Parameter C_RATIO bound to: 5 - type: integer 
	Parameter C_SEL_WIDTH bound to: 3 - type: integer 
	Parameter C_DATA_WIDTH bound to: 36 - type: integer 
INFO: [Synth 8-6155] done synthesizing module 'generic_baseblocks_v2_1_0_mux_enc__parameterized3' (148#1) [/home/chethana/XILINX/New_IP_Accelerator/terrain_robot_hardware/terrain_robot_hardware.gen/sources_1/bd/design_1/ipshared/b752/hdl/generic_baseblocks_v2_1_vl_rfs.v:2452]
INFO: [Common 17-14] Message 'Synth 8-6155' appears 100 times and further instances of the messages will be disabled. Use the Tcl command set_msg_config to change the current settings.
	Parameter C_FAMILY bound to: zynq - type: string 
	Parameter C_DATA_WIDTH bound to: 36 - type: integer 
	Parameter C_REG_CONFIG bound to: 1 - type: integer 
	Parameter C_FAMILY bound to: rtl - type: string 
	Parameter C_RATIO bound to: 5 - type: integer 
	Parameter C_SEL_WIDTH bound to: 3 - type: integer 
	Parameter C_DATA_WIDTH bound to: 3 - type: integer 
WARNING: [Synth 8-7071] port 'm_axi_awprot' of module 'design_1_xbar_0' is unconnected for instance 'xbar' [/home/chethana/XILINX/New_IP_Accelerator/terrain_robot_hardware/terrain_robot_hardware.gen/sources_1/bd/design_1/synth/design_1.v:1606]
WARNING: [Synth 8-7071] port 'm_axi_arprot' of module 'design_1_xbar_0' is unconnected for instance 'xbar' [/home/chethana/XILINX/New_IP_Accelerator/terrain_robot_hardware/terrain_robot_hardware.gen/sources_1/bd/design_1/synth/design_1.v:1606]
WARNING: [Synth 8-7023] instance 'xbar' of module 'design_1_xbar_0' has 40 connections declared, but only 38 given [/home/chethana/XILINX/New_IP_Accelerator/terrain_robot_hardware/terrain_robot_hardware.gen/sources_1/bd/design_1/synth/design_1.v:1606]
INFO: [Synth 8-638] synthesizing module 'design_1_rst_ps7_0_50M_1' [/home/chethana/XILINX/New_IP_Accelerator/terrain_robot_hardware/terrain_robot_hardware.gen/sources_1/bd/design_1/ip/design_1_rst_ps7_0_50M_1/synth/design_1_rst_ps7_0_50M_1.vhd:74]
	Parameter C_FAMILY bound to: zynq - type: string 
	Parameter C_EXT_RST_WIDTH bound to: 4 - type: integer 
	Parameter C_AUX_RST_WIDTH bound to: 4 - type: integer 
	Parameter C_EXT_RESET_HIGH bound to: 1'b0 
	Parameter C_AUX_RESET_HIGH bound to: 1'b0 
	Parameter C_NUM_BUS_RST bound to: 1 - type: integer 
	Parameter C_NUM_PERP_RST bound to: 1 - type: integer 
	Parameter C_NUM_INTERCONNECT_ARESETN bound to: 1 - type: integer 
	Parameter C_NUM_PERP_ARESETN bound to: 1 - type: integer 
INFO: [Synth 8-3491] module 'proc_sys_reset' declared at '/home/chethana/XILINX/New_IP_Accelerator/terrain_robot_hardware/terrain_robot_hardware.gen/sources_1/bd/design_1/ipshared/8842/hdl/proc_sys_reset_v5_0_vh_rfs.vhd:1264' bound to instance 'U0' of component 'proc_sys_reset' [/home/chethana/XILINX/New_IP_Accelerator/terrain_robot_hardware/terrain_robot_hardware.gen/sources_1/bd/design_1/ip/design_1_rst_ps7_0_50M_1/synth/design_1_rst_ps7_0_50M_1.vhd:129]
INFO: [Synth 8-638] synthesizing module 'proc_sys_reset' [/home/chethana/XILINX/New_IP_Accelerator/terrain_robot_hardware/terrain_robot_hardware.gen/sources_1/bd/design_1/ipshared/8842/hdl/proc_sys_reset_v5_0_vh_rfs.vhd:1323]
	Parameter C_FAMILY bound to: zynq - type: string 
	Parameter C_EXT_RST_WIDTH bound to: 4 - type: integer 
	Parameter C_AUX_RST_WIDTH bound to: 4 - type: integer 
	Parameter C_EXT_RESET_HIGH bound to: 1'b0 
	Parameter C_AUX_RESET_HIGH bound to: 1'b0 
	Parameter C_NUM_BUS_RST bound to: 1 - type: integer 
	Parameter C_NUM_PERP_RST bound to: 1 - type: integer 
	Parameter C_NUM_INTERCONNECT_ARESETN bound to: 1 - type: integer 
	Parameter C_NUM_PERP_ARESETN bound to: 1 - type: integer 
	Parameter INIT bound to: 1'b1 
	Parameter IS_C_INVERTED bound to: 1'b0 
	Parameter IS_D_INVERTED bound to: 1'b0 
	Parameter IS_R_INVERTED bound to: 1'b0 
	Parameter INIT bound to: 1'b1 
	Parameter IS_C_INVERTED bound to: 1'b0 
	Parameter IS_D_INVERTED bound to: 1'b0 
	Parameter IS_R_INVERTED bound to: 1'b0 
	Parameter INIT bound to: 1'b0 
	Parameter IS_C_INVERTED bound to: 1'b0 
	Parameter IS_D_INVERTED bound to: 1'b0 
	Parameter IS_R_INVERTED bound to: 1'b0 
	Parameter INIT bound to: 1'b1 
	Parameter IS_C_INVERTED bound to: 1'b0 
	Parameter IS_D_INVERTED bound to: 1'b0 
	Parameter IS_R_INVERTED bound to: 1'b0 
	Parameter INIT bound to: 1'b0 
	Parameter IS_C_INVERTED bound to: 1'b0 
	Parameter IS_D_INVERTED bound to: 1'b0 
	Parameter IS_R_INVERTED bound to: 1'b0 
INFO: [Synth 8-638] synthesizing module 'lpf' [/home/chethana/XILINX/New_IP_Accelerator/terrain_robot_hardware/terrain_robot_hardware.gen/sources_1/bd/design_1/ipshared/8842/hdl/proc_sys_reset_v5_0_vh_rfs.vhd:816]
	Parameter C_EXT_RST_WIDTH bound to: 4 - type: integer 
	Parameter C_AUX_RST_WIDTH bound to: 4 - type: integer 
	Parameter C_EXT_RESET_HIGH bound to: 1'b0 
	Parameter C_AUX_RESET_HIGH bound to: 1'b0 
INFO: [Synth 8-3491] module 'SRL16' declared at '/tools/Xilinx/Vivado/2020.2/scripts/rt/data/unisim_comp.v:78018' bound to instance 'POR_SRL_I' of component 'SRL16' [/home/chethana/XILINX/New_IP_Accelerator/terrain_robot_hardware/terrain_robot_hardware.gen/sources_1/bd/design_1/ipshared/8842/hdl/proc_sys_reset_v5_0_vh_rfs.vhd:868]
	Parameter INIT bound to: 16'b0000000000000000 
INFO: [Synth 8-638] synthesizing module 'cdc_sync__parameterized1' [/home/chethana/XILINX/New_IP_Accelerator/terrain_robot_hardware/terrain_robot_hardware.gen/sources_1/bd/design_1/ipshared/ef1e/hdl/lib_cdc_v1_0_rfs.vhd:106]
	Parameter C_CDC_TYPE bound to: 1 - type: integer 
	Parameter C_RESET_STATE bound to: 0 - type: integer 
	Parameter C_SINGLE_BIT bound to: 1 - type: integer 
	Parameter C_FLOP_INPUT bound to: 0 - type: integer 
	Parameter C_VECTOR_WIDTH bound to: 2 - type: integer 
	Parameter C_MTBF_STAGES bound to: 4 - type: integer 
	Parameter INIT bound to: 1'b0 
	Parameter INIT bound to: 1'b0 
	Parameter INIT bound to: 1'b0 
	Parameter INIT bound to: 1'b0 
	Parameter INIT bound to: 1'b0 
	Parameter INIT bound to: 1'b0 
INFO: [Synth 8-256] done synthesizing module 'cdc_sync__parameterized1' (153#1) [/home/chethana/XILINX/New_IP_Accelerator/terrain_robot_hardware/terrain_robot_hardware.gen/sources_1/bd/design_1/ipshared/ef1e/hdl/lib_cdc_v1_0_rfs.vhd:106]
INFO: [Synth 8-256] done synthesizing module 'lpf' (154#1) [/home/chethana/XILINX/New_IP_Accelerator/terrain_robot_hardware/terrain_robot_hardware.gen/sources_1/bd/design_1/ipshared/8842/hdl/proc_sys_reset_v5_0_vh_rfs.vhd:816]
INFO: [Synth 8-638] synthesizing module 'sequence_psr' [/home/chethana/XILINX/New_IP_Accelerator/terrain_robot_hardware/terrain_robot_hardware.gen/sources_1/bd/design_1/ipshared/8842/hdl/proc_sys_reset_v5_0_vh_rfs.vhd:301]
INFO: [Synth 8-638] synthesizing module 'upcnt_n' [/home/chethana/XILINX/New_IP_Accelerator/terrain_robot_hardware/terrain_robot_hardware.gen/sources_1/bd/design_1/ipshared/8842/hdl/proc_sys_reset_v5_0_vh_rfs.vhd:125]
	Parameter C_SIZE bound to: 6 - type: integer 
INFO: [Synth 8-256] done synthesizing module 'upcnt_n' (155#1) [/home/chethana/XILINX/New_IP_Accelerator/terrain_robot_hardware/terrain_robot_hardware.gen/sources_1/bd/design_1/ipshared/8842/hdl/proc_sys_reset_v5_0_vh_rfs.vhd:125]
INFO: [Synth 8-256] done synthesizing module 'sequence_psr' (156#1) [/home/chethana/XILINX/New_IP_Accelerator/terrain_robot_hardware/terrain_robot_hardware.gen/sources_1/bd/design_1/ipshared/8842/hdl/proc_sys_reset_v5_0_vh_rfs.vhd:301]
INFO: [Synth 8-256] done synthesizing module 'proc_sys_reset' (157#1) [/home/chethana/XILINX/New_IP_Accelerator/terrain_robot_hardware/terrain_robot_hardware.gen/sources_1/bd/design_1/ipshared/8842/hdl/proc_sys_reset_v5_0_vh_rfs.vhd:1323]
INFO: [Synth 8-256] done synthesizing module 'design_1_rst_ps7_0_50M_1' (158#1) [/home/chethana/XILINX/New_IP_Accelerator/terrain_robot_hardware/terrain_robot_hardware.gen/sources_1/bd/design_1/ip/design_1_rst_ps7_0_50M_1/synth/design_1_rst_ps7_0_50M_1.vhd:74]
WARNING: [Synth 8-7071] port 'mb_reset' of module 'design_1_rst_ps7_0_50M_1' is unconnected for instance 'rst_ps7_0_50M' [/home/chethana/XILINX/New_IP_Accelerator/terrain_robot_hardware/terrain_robot_hardware.gen/sources_1/bd/design_1/synth/design_1.v:584]
WARNING: [Synth 8-7071] port 'bus_struct_reset' of module 'design_1_rst_ps7_0_50M_1' is unconnected for instance 'rst_ps7_0_50M' [/home/chethana/XILINX/New_IP_Accelerator/terrain_robot_hardware/terrain_robot_hardware.gen/sources_1/bd/design_1/synth/design_1.v:584]
WARNING: [Synth 8-7071] port 'peripheral_reset' of module 'design_1_rst_ps7_0_50M_1' is unconnected for instance 'rst_ps7_0_50M' [/home/chethana/XILINX/New_IP_Accelerator/terrain_robot_hardware/terrain_robot_hardware.gen/sources_1/bd/design_1/synth/design_1.v:584]
WARNING: [Synth 8-7071] port 'interconnect_aresetn' of module 'design_1_rst_ps7_0_50M_1' is unconnected for instance 'rst_ps7_0_50M' [/home/chethana/XILINX/New_IP_Accelerator/terrain_robot_hardware/terrain_robot_hardware.gen/sources_1/bd/design_1/synth/design_1.v:584]
WARNING: [Synth 8-7023] instance 'rst_ps7_0_50M' of module 'design_1_rst_ps7_0_50M_1' has 10 connections declared, but only 6 given [/home/chethana/XILINX/New_IP_Accelerator/terrain_robot_hardware/terrain_robot_hardware.gen/sources_1/bd/design_1/synth/design_1.v:584]
	Parameter ap_ST_fsm_state1 bound to: 92'b00000000000000000000000000000000000000000000000000000000000000000000000000000000000000000001 
	Parameter ap_ST_fsm_state2 bound to: 92'b00000000000000000000000000000000000000000000000000000000000000000000000000000000000000000010 
	Parameter ap_ST_fsm_state3 bound to: 92'b00000000000000000000000000000000000000000000000000000000000000000000000000000000000000000100 
	Parameter ap_ST_fsm_state4 bound to: 92'b00000000000000000000000000000000000000000000000000000000000000000000000000000000000000001000 
	Parameter ap_ST_fsm_state5 bound to: 92'b00000000000000000000000000000000000000000000000000000000000000000000000000000000000000010000 
	Parameter ap_ST_fsm_state6 bound to: 92'b00000000000000000000000000000000000000000000000000000000000000000000000000000000000000100000 
	Parameter ap_ST_fsm_state7 bound to: 92'b00000000000000000000000000000000000000000000000000000000000000000000000000000000000001000000 
	Parameter ap_ST_fsm_state8 bound to: 92'b00000000000000000000000000000000000000000000000000000000000000000000000000000000000010000000 
	Parameter ap_ST_fsm_state9 bound to: 92'b00000000000000000000000000000000000000000000000000000000000000000000000000000000000100000000 
	Parameter ap_ST_fsm_state10 bound to: 92'b00000000000000000000000000000000000000000000000000000000000000000000000000000000001000000000 
	Parameter ap_ST_fsm_state11 bound to: 92'b00000000000000000000000000000000000000000000000000000000000000000000000000000000010000000000 
	Parameter ap_ST_fsm_state12 bound to: 92'b00000000000000000000000000000000000000000000000000000000000000000000000000000000100000000000 
	Parameter ap_ST_fsm_state13 bound to: 92'b00000000000000000000000000000000000000000000000000000000000000000000000000000001000000000000 
	Parameter ap_ST_fsm_state14 bound to: 92'b00000000000000000000000000000000000000000000000000000000000000000000000000000010000000000000 
	Parameter ap_ST_fsm_state15 bound to: 92'b00000000000000000000000000000000000000000000000000000000000000000000000000000100000000000000 
	Parameter ap_ST_fsm_state16 bound to: 92'b00000000000000000000000000000000000000000000000000000000000000000000000000001000000000000000 
	Parameter ap_ST_fsm_state17 bound to: 92'b00000000000000000000000000000000000000000000000000000000000000000000000000010000000000000000 
	Parameter ap_ST_fsm_state18 bound to: 92'b00000000000000000000000000000000000000000000000000000000000000000000000000100000000000000000 
	Parameter ap_ST_fsm_state19 bound to: 92'b00000000000000000000000000000000000000000000000000000000000000000000000001000000000000000000 
	Parameter ap_ST_fsm_state20 bound to: 92'b00000000000000000000000000000000000000000000000000000000000000000000000010000000000000000000 
	Parameter ap_ST_fsm_state21 bound to: 92'b00000000000000000000000000000000000000000000000000000000000000000000000100000000000000000000 
	Parameter ap_ST_fsm_state22 bound to: 92'b00000000000000000000000000000000000000000000000000000000000000000000001000000000000000000000 
	Parameter ap_ST_fsm_state23 bound to: 92'b00000000000000000000000000000000000000000000000000000000000000000000010000000000000000000000 
	Parameter ap_ST_fsm_state24 bound to: 92'b00000000000000000000000000000000000000000000000000000000000000000000100000000000000000000000 
	Parameter ap_ST_fsm_state25 bound to: 92'b00000000000000000000000000000000000000000000000000000000000000000001000000000000000000000000 
	Parameter ap_ST_fsm_state26 bound to: 92'b00000000000000000000000000000000000000000000000000000000000000000010000000000000000000000000 
	Parameter ap_ST_fsm_state27 bound to: 92'b00000000000000000000000000000000000000000000000000000000000000000100000000000000000000000000 
	Parameter ap_ST_fsm_state28 bound to: 92'b00000000000000000000000000000000000000000000000000000000000000001000000000000000000000000000 
	Parameter ap_ST_fsm_state29 bound to: 92'b00000000000000000000000000000000000000000000000000000000000000010000000000000000000000000000 
	Parameter ap_ST_fsm_state30 bound to: 92'b00000000000000000000000000000000000000000000000000000000000000100000000000000000000000000000 
	Parameter ap_ST_fsm_state31 bound to: 92'b00000000000000000000000000000000000000000000000000000000000001000000000000000000000000000000 
	Parameter ap_ST_fsm_state32 bound to: 92'b00000000000000000000000000000000000000000000000000000000000010000000000000000000000000000000 
	Parameter ap_ST_fsm_state33 bound to: 92'b00000000000000000000000000000000000000000000000000000000000100000000000000000000000000000000 
	Parameter ap_ST_fsm_state34 bound to: 92'b00000000000000000000000000000000000000000000000000000000001000000000000000000000000000000000 
	Parameter ap_ST_fsm_state35 bound to: 92'b00000000000000000000000000000000000000000000000000000000010000000000000000000000000000000000 
	Parameter ap_ST_fsm_state36 bound to: 92'b00000000000000000000000000000000000000000000000000000000100000000000000000000000000000000000 
	Parameter ap_ST_fsm_state37 bound to: 92'b00000000000000000000000000000000000000000000000000000001000000000000000000000000000000000000 
	Parameter ap_ST_fsm_state38 bound to: 92'b00000000000000000000000000000000000000000000000000000010000000000000000000000000000000000000 
	Parameter ap_ST_fsm_state39 bound to: 92'b00000000000000000000000000000000000000000000000000000100000000000000000000000000000000000000 
	Parameter ap_ST_fsm_state40 bound to: 92'b00000000000000000000000000000000000000000000000000001000000000000000000000000000000000000000 
	Parameter ap_ST_fsm_state41 bound to: 92'b00000000000000000000000000000000000000000000000000010000000000000000000000000000000000000000 
	Parameter ap_ST_fsm_state42 bound to: 92'b00000000000000000000000000000000000000000000000000100000000000000000000000000000000000000000 
	Parameter ap_ST_fsm_state43 bound to: 92'b00000000000000000000000000000000000000000000000001000000000000000000000000000000000000000000 
	Parameter ap_ST_fsm_state44 bound to: 92'b00000000000000000000000000000000000000000000000010000000000000000000000000000000000000000000 
	Parameter ap_ST_fsm_state45 bound to: 92'b00000000000000000000000000000000000000000000000100000000000000000000000000000000000000000000 
	Parameter ap_ST_fsm_state46 bound to: 92'b00000000000000000000000000000000000000000000001000000000000000000000000000000000000000000000 
	Parameter ap_ST_fsm_state47 bound to: 92'b00000000000000000000000000000000000000000000010000000000000000000000000000000000000000000000 
	Parameter ap_ST_fsm_state48 bound to: 92'b00000000000000000000000000000000000000000000100000000000000000000000000000000000000000000000 
	Parameter ap_ST_fsm_state49 bound to: 92'b00000000000000000000000000000000000000000001000000000000000000000000000000000000000000000000 
	Parameter ap_ST_fsm_state50 bound to: 92'b00000000000000000000000000000000000000000010000000000000000000000000000000000000000000000000 
	Parameter ap_ST_fsm_state51 bound to: 92'b00000000000000000000000000000000000000000100000000000000000000000000000000000000000000000000 
	Parameter ap_ST_fsm_state52 bound to: 92'b00000000000000000000000000000000000000001000000000000000000000000000000000000000000000000000 
	Parameter ap_ST_fsm_state53 bound to: 92'b00000000000000000000000000000000000000010000000000000000000000000000000000000000000000000000 
	Parameter ap_ST_fsm_state54 bound to: 92'b00000000000000000000000000000000000000100000000000000000000000000000000000000000000000000000 
	Parameter ap_ST_fsm_state55 bound to: 92'b00000000000000000000000000000000000001000000000000000000000000000000000000000000000000000000 
	Parameter ap_ST_fsm_state56 bound to: 92'b00000000000000000000000000000000000010000000000000000000000000000000000000000000000000000000 
	Parameter ap_ST_fsm_state57 bound to: 92'b00000000000000000000000000000000000100000000000000000000000000000000000000000000000000000000 
	Parameter ap_ST_fsm_state58 bound to: 92'b00000000000000000000000000000000001000000000000000000000000000000000000000000000000000000000 
	Parameter ap_ST_fsm_state59 bound to: 92'b00000000000000000000000000000000010000000000000000000000000000000000000000000000000000000000 
	Parameter ap_ST_fsm_state60 bound to: 92'b00000000000000000000000000000000100000000000000000000000000000000000000000000000000000000000 
	Parameter ap_ST_fsm_state61 bound to: 92'b00000000000000000000000000000001000000000000000000000000000000000000000000000000000000000000 
	Parameter ap_ST_fsm_state62 bound to: 92'b00000000000000000000000000000010000000000000000000000000000000000000000000000000000000000000 
	Parameter ap_ST_fsm_state63 bound to: 92'b00000000000000000000000000000100000000000000000000000000000000000000000000000000000000000000 
	Parameter ap_ST_fsm_state64 bound to: 92'b00000000000000000000000000001000000000000000000000000000000000000000000000000000000000000000 
	Parameter ap_ST_fsm_state65 bound to: 92'b00000000000000000000000000010000000000000000000000000000000000000000000000000000000000000000 
	Parameter ap_ST_fsm_state66 bound to: 92'b00000000000000000000000000100000000000000000000000000000000000000000000000000000000000000000 
	Parameter ap_ST_fsm_state67 bound to: 92'b00000000000000000000000001000000000000000000000000000000000000000000000000000000000000000000 
	Parameter ap_ST_fsm_state68 bound to: 92'b00000000000000000000000010000000000000000000000000000000000000000000000000000000000000000000 
	Parameter ap_ST_fsm_state69 bound to: 92'b00000000000000000000000100000000000000000000000000000000000000000000000000000000000000000000 
	Parameter ap_ST_fsm_state70 bound to: 92'b00000000000000000000001000000000000000000000000000000000000000000000000000000000000000000000 
	Parameter ap_ST_fsm_state71 bound to: 92'b00000000000000000000010000000000000000000000000000000000000000000000000000000000000000000000 
	Parameter ap_ST_fsm_state72 bound to: 92'b00000000000000000000100000000000000000000000000000000000000000000000000000000000000000000000 
	Parameter ap_ST_fsm_state73 bound to: 92'b00000000000000000001000000000000000000000000000000000000000000000000000000000000000000000000 
	Parameter ap_ST_fsm_state74 bound to: 92'b00000000000000000010000000000000000000000000000000000000000000000000000000000000000000000000 
	Parameter ap_ST_fsm_state75 bound to: 92'b00000000000000000100000000000000000000000000000000000000000000000000000000000000000000000000 
	Parameter ap_ST_fsm_state76 bound to: 92'b00000000000000001000000000000000000000000000000000000000000000000000000000000000000000000000 
	Parameter ap_ST_fsm_state77 bound to: 92'b00000000000000010000000000000000000000000000000000000000000000000000000000000000000000000000 
	Parameter ap_ST_fsm_state78 bound to: 92'b00000000000000100000000000000000000000000000000000000000000000000000000000000000000000000000 
	Parameter ap_ST_fsm_state79 bound to: 92'b00000000000001000000000000000000000000000000000000000000000000000000000000000000000000000000 
	Parameter ap_ST_fsm_state80 bound to: 92'b00000000000010000000000000000000000000000000000000000000000000000000000000000000000000000000 
	Parameter ap_ST_fsm_state81 bound to: 92'b00000000000100000000000000000000000000000000000000000000000000000000000000000000000000000000 
	Parameter ap_ST_fsm_state82 bound to: 92'b00000000001000000000000000000000000000000000000000000000000000000000000000000000000000000000 
	Parameter ap_ST_fsm_state83 bound to: 92'b00000000010000000000000000000000000000000000000000000000000000000000000000000000000000000000 
	Parameter ap_ST_fsm_state84 bound to: 92'b00000000100000000000000000000000000000000000000000000000000000000000000000000000000000000000 
	Parameter ap_ST_fsm_state85 bound to: 92'b00000001000000000000000000000000000000000000000000000000000000000000000000000000000000000000 
	Parameter ap_ST_fsm_state86 bound to: 92'b00000010000000000000000000000000000000000000000000000000000000000000000000000000000000000000 
	Parameter ap_ST_fsm_state87 bound to: 92'b00000100000000000000000000000000000000000000000000000000000000000000000000000000000000000000 
	Parameter ap_ST_fsm_state88 bound to: 92'b00001000000000000000000000000000000000000000000000000000000000000000000000000000000000000000 
	Parameter ap_ST_fsm_state89 bound to: 92'b00010000000000000000000000000000000000000000000000000000000000000000000000000000000000000000 
	Parameter ap_ST_fsm_state90 bound to: 92'b00100000000000000000000000000000000000000000000000000000000000000000000000000000000000000000 
	Parameter ap_ST_fsm_state91 bound to: 92'b01000000000000000000000000000000000000000000000000000000000000000000000000000000000000000000 
	Parameter ap_ST_fsm_state92 bound to: 92'b10000000000000000000000000000000000000000000000000000000000000000000000000000000000000000000 
	Parameter C_S_AXI_CONTROL_DATA_WIDTH bound to: 32 - type: integer 
	Parameter C_S_AXI_CONTROL_ADDR_WIDTH bound to: 15 - type: integer 
	Parameter C_S_AXI_DATA_WIDTH bound to: 32 - type: integer 
	Parameter C_S_AXI_CONTROL_WSTRB_WIDTH bound to: 4 - type: integer 
	Parameter C_S_AXI_WSTRB_WIDTH bound to: 4 - type: integer 
	Parameter DataWidth bound to: 32 - type: integer 
	Parameter AddressRange bound to: 16 - type: integer 
	Parameter AddressWidth bound to: 4 - type: integer 
	Parameter DWIDTH bound to: 32 - type: integer 
	Parameter AWIDTH bound to: 4 - type: integer 
	Parameter MEM_SIZE bound to: 16 - type: integer 
INFO: [Synth 8-3876] $readmem data file './terrain_classifier_v2_conv1_b_rom.dat' is read successfully [/home/chethana/XILINX/New_IP_Accelerator/terrain_robot_hardware/terrain_robot_hardware.gen/sources_1/bd/design_1/ipshared/b327/hdl/verilog/terrain_classifier_v2_conv1_b.v:21]
	Parameter DataWidth bound to: 32 - type: integer 
	Parameter AddressRange bound to: 144 - type: integer 
	Parameter AddressWidth bound to: 8 - type: integer 
	Parameter DWIDTH bound to: 32 - type: integer 
	Parameter AWIDTH bound to: 8 - type: integer 
	Parameter MEM_SIZE bound to: 144 - type: integer 
INFO: [Synth 8-3876] $readmem data file './terrain_classifier_v2_conv1_w_rom.dat' is read successfully [/home/chethana/XILINX/New_IP_Accelerator/terrain_robot_hardware/terrain_robot_hardware.gen/sources_1/bd/design_1/ipshared/b327/hdl/verilog/terrain_classifier_v2_conv1_w.v:21]
	Parameter DataWidth bound to: 16 - type: integer 
	Parameter AddressRange bound to: 65536 - type: integer 
	Parameter AddressWidth bound to: 16 - type: integer 
	Parameter DWIDTH bound to: 16 - type: integer 
	Parameter AWIDTH bound to: 16 - type: integer 
	Parameter MEM_SIZE bound to: 65536 - type: integer 
INFO: [Synth 8-3876] $readmem data file './terrain_classifier_v2_conv1_out_V_ram.dat' is read successfully [/home/chethana/XILINX/New_IP_Accelerator/terrain_robot_hardware/terrain_robot_hardware.gen/sources_1/bd/design_1/ipshared/b327/hdl/verilog/terrain_classifier_v2_conv1_out_V.v:25]
	Parameter DataWidth bound to: 16 - type: integer 
	Parameter AddressRange bound to: 16384 - type: integer 
	Parameter AddressWidth bound to: 14 - type: integer 
	Parameter DWIDTH bound to: 16 - type: integer 
	Parameter AWIDTH bound to: 14 - type: integer 
	Parameter MEM_SIZE bound to: 16384 - type: integer 
INFO: [Synth 8-3876] $readmem data file './terrain_classifier_v2_pool1_out_V_ram.dat' is read successfully [/home/chethana/XILINX/New_IP_Accelerator/terrain_robot_hardware/terrain_robot_hardware.gen/sources_1/bd/design_1/ipshared/b327/hdl/verilog/terrain_classifier_v2_pool1_out_V.v:22]
	Parameter DataWidth bound to: 32 - type: integer 
	Parameter AddressRange bound to: 32 - type: integer 
	Parameter AddressWidth bound to: 5 - type: integer 
	Parameter DWIDTH bound to: 32 - type: integer 
	Parameter AWIDTH bound to: 5 - type: integer 
	Parameter MEM_SIZE bound to: 32 - type: integer 
INFO: [Synth 8-3876] $readmem data file './terrain_classifier_v2_conv2_b_rom.dat' is read successfully [/home/chethana/XILINX/New_IP_Accelerator/terrain_robot_hardware/terrain_robot_hardware.gen/sources_1/bd/design_1/ipshared/b327/hdl/verilog/terrain_classifier_v2_conv2_b.v:21]
	Parameter DataWidth bound to: 32 - type: integer 
	Parameter AddressRange bound to: 4608 - type: integer 
	Parameter AddressWidth bound to: 13 - type: integer 
	Parameter DWIDTH bound to: 32 - type: integer 
	Parameter AWIDTH bound to: 13 - type: integer 
	Parameter MEM_SIZE bound to: 4608 - type: integer 
INFO: [Synth 8-3876] $readmem data file './terrain_classifier_v2_conv2_w_rom.dat' is read successfully [/home/chethana/XILINX/New_IP_Accelerator/terrain_robot_hardware/terrain_robot_hardware.gen/sources_1/bd/design_1/ipshared/b327/hdl/verilog/terrain_classifier_v2_conv2_w.v:21]
	Parameter DataWidth bound to: 16 - type: integer 
	Parameter AddressRange bound to: 32768 - type: integer 
	Parameter AddressWidth bound to: 15 - type: integer 
	Parameter DWIDTH bound to: 16 - type: integer 
	Parameter AWIDTH bound to: 15 - type: integer 
	Parameter MEM_SIZE bound to: 32768 - type: integer 
INFO: [Synth 8-3876] $readmem data file './terrain_classifier_v2_conv2_out_V_ram.dat' is read successfully [/home/chethana/XILINX/New_IP_Accelerator/terrain_robot_hardware/terrain_robot_hardware.gen/sources_1/bd/design_1/ipshared/b327/hdl/verilog/terrain_classifier_v2_conv2_out_V.v:25]
	Parameter DataWidth bound to: 16 - type: integer 
	Parameter AddressRange bound to: 8192 - type: integer 
	Parameter AddressWidth bound to: 13 - type: integer 
	Parameter DWIDTH bound to: 16 - type: integer 
	Parameter AWIDTH bound to: 13 - type: integer 
	Parameter MEM_SIZE bound to: 8192 - type: integer 
INFO: [Synth 8-3876] $readmem data file './terrain_classifier_v2_pool2_out_V_ram.dat' is read successfully [/home/chethana/XILINX/New_IP_Accelerator/terrain_robot_hardware/terrain_robot_hardware.gen/sources_1/bd/design_1/ipshared/b327/hdl/verilog/terrain_classifier_v2_pool2_out_V.v:22]
	Parameter DataWidth bound to: 32 - type: integer 
	Parameter AddressRange bound to: 64 - type: integer 
	Parameter AddressWidth bound to: 6 - type: integer 
	Parameter DWIDTH bound to: 32 - type: integer 
	Parameter AWIDTH bound to: 6 - type: integer 
	Parameter MEM_SIZE bound to: 64 - type: integer 
INFO: [Synth 8-3876] $readmem data file './terrain_classifier_v2_conv3_b_rom.dat' is read successfully [/home/chethana/XILINX/New_IP_Accelerator/terrain_robot_hardware/terrain_robot_hardware.gen/sources_1/bd/design_1/ipshared/b327/hdl/verilog/terrain_classifier_v2_conv3_b.v:21]
	Parameter DataWidth bound to: 32 - type: integer 
	Parameter AddressRange bound to: 18432 - type: integer 
	Parameter AddressWidth bound to: 15 - type: integer 
	Parameter DWIDTH bound to: 32 - type: integer 
	Parameter AWIDTH bound to: 15 - type: integer 
	Parameter MEM_SIZE bound to: 18432 - type: integer 
INFO: [Synth 8-3876] $readmem data file './terrain_classifier_v2_conv3_w_rom.dat' is read successfully [/home/chethana/XILINX/New_IP_Accelerator/terrain_robot_hardware/terrain_robot_hardware.gen/sources_1/bd/design_1/ipshared/b327/hdl/verilog/terrain_classifier_v2_conv3_w.v:21]
	Parameter DataWidth bound to: 16 - type: integer 
	Parameter AddressRange bound to: 16384 - type: integer 
	Parameter AddressWidth bound to: 14 - type: integer 
	Parameter DWIDTH bound to: 16 - type: integer 
	Parameter AWIDTH bound to: 14 - type: integer 
	Parameter MEM_SIZE bound to: 16384 - type: integer 
INFO: [Synth 8-3876] $readmem data file './terrain_classifier_v2_conv3_out_V_ram.dat' is read successfully [/home/chethana/XILINX/New_IP_Accelerator/terrain_robot_hardware/terrain_robot_hardware.gen/sources_1/bd/design_1/ipshared/b327/hdl/verilog/terrain_classifier_v2_conv3_out_V.v:25]
	Parameter DataWidth bound to: 16 - type: integer 
	Parameter AddressRange bound to: 4096 - type: integer 
	Parameter AddressWidth bound to: 12 - type: integer 
	Parameter DWIDTH bound to: 16 - type: integer 
	Parameter AWIDTH bound to: 12 - type: integer 
	Parameter MEM_SIZE bound to: 4096 - type: integer 
INFO: [Synth 8-3876] $readmem data file './terrain_classifier_v2_pool3_out_V_ram.dat' is read successfully [/home/chethana/XILINX/New_IP_Accelerator/terrain_robot_hardware/terrain_robot_hardware.gen/sources_1/bd/design_1/ipshared/b327/hdl/verilog/terrain_classifier_v2_pool3_out_V.v:22]
	Parameter DataWidth bound to: 16 - type: integer 
	Parameter AddressRange bound to: 64 - type: integer 
	Parameter AddressWidth bound to: 6 - type: integer 
	Parameter DWIDTH bound to: 16 - type: integer 
	Parameter AWIDTH bound to: 6 - type: integer 
	Parameter MEM_SIZE bound to: 64 - type: integer 
INFO: [Synth 8-3876] $readmem data file './terrain_classifier_v2_gap_out_V_ram.dat' is read successfully [/home/chethana/XILINX/New_IP_Accelerator/terrain_robot_hardware/terrain_robot_hardware.gen/sources_1/bd/design_1/ipshared/b327/hdl/verilog/terrain_classifier_v2_gap_out_V.v:22]
	Parameter DataWidth bound to: 32 - type: integer 
	Parameter AddressRange bound to: 192 - type: integer 
	Parameter AddressWidth bound to: 8 - type: integer 
	Parameter DWIDTH bound to: 32 - type: integer 
	Parameter AWIDTH bound to: 8 - type: integer 
	Parameter MEM_SIZE bound to: 192 - type: integer 
INFO: [Synth 8-3876] $readmem data file './terrain_classifier_v2_dense1_w_rom.dat' is read successfully [/home/chethana/XILINX/New_IP_Accelerator/terrain_robot_hardware/terrain_robot_hardware.gen/sources_1/bd/design_1/ipshared/b327/hdl/verilog/terrain_classifier_v2_dense1_w.v:21]
	Parameter C_S_AXI_ADDR_WIDTH bound to: 15 - type: integer 
	Parameter C_S_AXI_DATA_WIDTH bound to: 32 - type: integer 
	Parameter ADDR_AP_CTRL bound to: 15'b000000000000000 
	Parameter ADDR_GIE bound to: 15'b000000000000100 
	Parameter ADDR_IER bound to: 15'b000000000001000 
	Parameter ADDR_ISR bound to: 15'b000000000001100 
	Parameter ADDR_OUTPUT_PREDICTIONS_BASE bound to: 15'b000000000010000 
	Parameter ADDR_OUTPUT_PREDICTIONS_HIGH bound to: 15'b000000000011111 
	Parameter ADDR_INPUT_IMAGE_BASE bound to: 15'b100000000000000 
	Parameter ADDR_INPUT_IMAGE_HIGH bound to: 15'b111111111111111 
	Parameter WRIDLE bound to: 2'b00 
	Parameter WRDATA bound to: 2'b01 
	Parameter WRRESP bound to: 2'b10 
	Parameter WRRESET bound to: 2'b11 
	Parameter RDIDLE bound to: 2'b00 
	Parameter RDDATA bound to: 2'b01 
	Parameter RDRESET bound to: 2'b10 
	Parameter ADDR_BITS bound to: 15 - type: integer 
	Parameter BYTES bound to: 4 - type: integer 
	Parameter DEPTH bound to: 3 - type: integer 
	Parameter AWIDTH bound to: 2 - type: integer 
	Parameter BYTES bound to: 4 - type: integer 
	Parameter DEPTH bound to: 4096 - type: integer 
	Parameter AWIDTH bound to: 12 - type: integer 
INFO: [Synth 8-155] case statement is not full and has no default [/home/chethana/XILINX/New_IP_Accelerator/terrain_robot_hardware/terrain_robot_hardware.gen/sources_1/bd/design_1/ipshared/b327/hdl/verilog/terrain_classifier_v2_control_s_axi.v:271]
	Parameter ID bound to: 1 - type: integer 
	Parameter NUM_STAGE bound to: 2 - type: integer 
	Parameter din0_WIDTH bound to: 32 - type: integer 
	Parameter dout_WIDTH bound to: 64 - type: integer 
	Parameter ID bound to: 1 - type: integer 
	Parameter NUM_STAGE bound to: 4 - type: integer 
	Parameter din0_WIDTH bound to: 16 - type: integer 
	Parameter din1_WIDTH bound to: 16 - type: integer 
	Parameter din2_WIDTH bound to: 32 - type: integer 
	Parameter dout_WIDTH bound to: 32 - type: integer 
INFO: [Synth 8-6071] Mark debug on the nets applies keep_hierarchy on instance 'terrain_classifier_v2_0'. This will prevent further optimization [/home/chethana/XILINX/New_IP_Accelerator/terrain_robot_hardware/terrain_robot_hardware.gen/sources_1/bd/design_1/synth/design_1.v:591]
INFO: [Synth 8-6071] Mark debug on the nets applies keep_hierarchy on instance 'ila_0'. This will prevent further optimization [/home/chethana/XILINX/New_IP_Accelerator/terrain_robot_hardware/terrain_robot_hardware.gen/sources_1/bd/design_1/synth/design_1.v:317]
INFO: [Synth 8-6071] Mark debug on the nets applies keep_hierarchy on instance 'axi_gpio_1'. This will prevent further optimization [/home/chethana/XILINX/New_IP_Accelerator/terrain_robot_hardware/terrain_robot_hardware.gen/sources_1/bd/design_1/synth/design_1.v:268]
---------------------------------------------------------------------------------
Finished RTL Elaboration : Time (s): cpu = 00:00:30 ; elapsed = 00:01:18 . Memory (MB): peak = 2992.590 ; gain = 622.199 ; free physical = 4108 ; free virtual = 14008
---------------------------------------------------------------------------------
---------------------------------------------------------------------------------
Start Handling Custom Attributes
---------------------------------------------------------------------------------
---------------------------------------------------------------------------------
Finished Handling Custom Attributes : Time (s): cpu = 00:00:32 ; elapsed = 00:01:20 . Memory (MB): peak = 2992.590 ; gain = 622.199 ; free physical = 4165 ; free virtual = 14064
---------------------------------------------------------------------------------
---------------------------------------------------------------------------------
Finished RTL Optimization Phase 1 : Time (s): cpu = 00:00:32 ; elapsed = 00:01:20 . Memory (MB): peak = 2992.590 ; gain = 622.199 ; free physical = 4165 ; free virtual = 14064
---------------------------------------------------------------------------------
Netlist sorting complete. Time (s): cpu = 00:00:00.27 ; elapsed = 00:00:00.26 . Memory (MB): peak = 2992.590 ; gain = 0.000 ; free physical = 4092 ; free virtual = 13996
INFO: [Netlist 29-17] Analyzing 463 Unisim elements for replacement
INFO: [Netlist 29-28] Unisim Transformation completed in 0 CPU seconds
INFO: [Project 1-570] Preparing netlist for logic optimization

Processing XDC Constraints
Initializing timing engine
Parsing XDC File [/home/chethana/XILINX/New_IP_Accelerator/terrain_robot_hardware/terrain_robot_hardware.gen/sources_1/bd/design_1/ip/design_1_processing_system7_0_0/design_1_processing_system7_0_0.xdc] for cell 'design_1_i/processing_system7_0/inst'
Finished Parsing XDC File [/home/chethana/XILINX/New_IP_Accelerator/terrain_robot_hardware/terrain_robot_hardware.gen/sources_1/bd/design_1/ip/design_1_processing_system7_0_0/design_1_processing_system7_0_0.xdc] for cell 'design_1_i/processing_system7_0/inst'
INFO: [Project 1-236] Implementation specific constraints were found while reading constraint file [/home/chethana/XILINX/New_IP_Accelerator/terrain_robot_hardware/terrain_robot_hardware.gen/sources_1/bd/design_1/ip/design_1_processing_system7_0_0/design_1_processing_system7_0_0.xdc]. These constraints will be ignored for synthesis but will be used in implementation. Impacted constraints are listed in the file [.Xil/design_1_wrapper_propImpl.xdc].
Resolution: To avoid this warning, move constraints listed in [.Xil/design_1_wrapper_propImpl.xdc] to another XDC file and exclude this new file from synthesis with the used_in_synthesis property (File Properties dialog in GUI) and re-run elaboration/synthesis.
Parsing XDC File [/home/chethana/XILINX/New_IP_Accelerator/terrain_robot_hardware/terrain_robot_hardware.gen/sources_1/bd/design_1/ip/design_1_rst_ps7_0_50M_1/design_1_rst_ps7_0_50M_1_board.xdc] for cell 'design_1_i/rst_ps7_0_50M/U0'
Finished Parsing XDC File [/home/chethana/XILINX/New_IP_Accelerator/terrain_robot_hardware/terrain_robot_hardware.gen/sources_1/bd/design_1/ip/design_1_rst_ps7_0_50M_1/design_1_rst_ps7_0_50M_1_board.xdc] for cell 'design_1_i/rst_ps7_0_50M/U0'
Parsing XDC File [/home/chethana/XILINX/New_IP_Accelerator/terrain_robot_hardware/terrain_robot_hardware.gen/sources_1/bd/design_1/ip/design_1_rst_ps7_0_50M_1/design_1_rst_ps7_0_50M_1.xdc] for cell 'design_1_i/rst_ps7_0_50M/U0'
Finished Parsing XDC File [/home/chethana/XILINX/New_IP_Accelerator/terrain_robot_hardware/terrain_robot_hardware.gen/sources_1/bd/design_1/ip/design_1_rst_ps7_0_50M_1/design_1_rst_ps7_0_50M_1.xdc] for cell 'design_1_i/rst_ps7_0_50M/U0'
Parsing XDC File [/home/chethana/XILINX/New_IP_Accelerator/terrain_robot_hardware/terrain_robot_hardware.gen/sources_1/bd/design_1/ip/design_1_axi_gpio_0_0/design_1_axi_gpio_0_0_board.xdc] for cell 'design_1_i/GPIO_1_tri_o/U0'
Finished Parsing XDC File [/home/chethana/XILINX/New_IP_Accelerator/terrain_robot_hardware/terrain_robot_hardware.gen/sources_1/bd/design_1/ip/design_1_axi_gpio_0_0/design_1_axi_gpio_0_0_board.xdc] for cell 'design_1_i/GPIO_1_tri_o/U0'
Parsing XDC File [/home/chethana/XILINX/New_IP_Accelerator/terrain_robot_hardware/terrain_robot_hardware.gen/sources_1/bd/design_1/ip/design_1_axi_gpio_0_0/design_1_axi_gpio_0_0.xdc] for cell 'design_1_i/GPIO_1_tri_o/U0'
Finished Parsing XDC File [/home/chethana/XILINX/New_IP_Accelerator/terrain_robot_hardware/terrain_robot_hardware.gen/sources_1/bd/design_1/ip/design_1_axi_gpio_0_0/design_1_axi_gpio_0_0.xdc] for cell 'design_1_i/GPIO_1_tri_o/U0'
Parsing XDC File [/home/chethana/XILINX/New_IP_Accelerator/terrain_robot_hardware/terrain_robot_hardware.gen/sources_1/bd/design_1/ip/design_1_axi_quad_spi_0_0/design_1_axi_quad_spi_0_0_board.xdc] for cell 'design_1_i/axi_quad_spi_0/U0'
Finished Parsing XDC File [/home/chethana/XILINX/New_IP_Accelerator/terrain_robot_hardware/terrain_robot_hardware.gen/sources_1/bd/design_1/ip/design_1_axi_quad_spi_0_0/design_1_axi_quad_spi_0_0_board.xdc] for cell 'design_1_i/axi_quad_spi_0/U0'
Parsing XDC File [/home/chethana/XILINX/New_IP_Accelerator/terrain_robot_hardware/terrain_robot_hardware.gen/sources_1/bd/design_1/ip/design_1_axi_quad_spi_0_0/design_1_axi_quad_spi_0_0.xdc] for cell 'design_1_i/axi_quad_spi_0/U0'
Finished Parsing XDC File [/home/chethana/XILINX/New_IP_Accelerator/terrain_robot_hardware/terrain_robot_hardware.gen/sources_1/bd/design_1/ip/design_1_axi_quad_spi_0_0/design_1_axi_quad_spi_0_0.xdc] for cell 'design_1_i/axi_quad_spi_0/U0'
Parsing XDC File [/home/chethana/XILINX/New_IP_Accelerator/terrain_robot_hardware/terrain_robot_hardware.gen/sources_1/bd/design_1/ip/design_1_axi_gpio_0_1/design_1_axi_gpio_0_1_board.xdc] for cell 'design_1_i/axi_gpio_1/U0'
Finished Parsing XDC File [/home/chethana/XILINX/New_IP_Accelerator/terrain_robot_hardware/terrain_robot_hardware.gen/sources_1/bd/design_1/ip/design_1_axi_gpio_0_1/design_1_axi_gpio_0_1_board.xdc] for cell 'design_1_i/axi_gpio_1/U0'
Parsing XDC File [/home/chethana/XILINX/New_IP_Accelerator/terrain_robot_hardware/terrain_robot_hardware.gen/sources_1/bd/design_1/ip/design_1_axi_gpio_0_1/design_1_axi_gpio_0_1.xdc] for cell 'design_1_i/axi_gpio_1/U0'
Finished Parsing XDC File [/home/chethana/XILINX/New_IP_Accelerator/terrain_robot_hardware/terrain_robot_hardware.gen/sources_1/bd/design_1/ip/design_1_axi_gpio_0_1/design_1_axi_gpio_0_1.xdc] for cell 'design_1_i/axi_gpio_1/U0'
Parsing XDC File [/home/chethana/XILINX/New_IP_Accelerator/terrain_robot_hardware/terrain_robot_hardware.gen/sources_1/bd/design_1/ip/design_1_jtag_axi_0_0/constraints/jtag_axi.xdc] for cell 'design_1_i/jtag_axi_0/inst'
Finished Parsing XDC File [/home/chethana/XILINX/New_IP_Accelerator/terrain_robot_hardware/terrain_robot_hardware.gen/sources_1/bd/design_1/ip/design_1_jtag_axi_0_0/constraints/jtag_axi.xdc] for cell 'design_1_i/jtag_axi_0/inst'
Parsing XDC File [/home/chethana/XILINX/New_IP_Accelerator/terrain_robot_hardware/terrain_robot_hardware.gen/sources_1/bd/design_1/ip/design_1_ila_0_0/ila_v6_2/constraints/ila.xdc] for cell 'design_1_i/ila_0/inst'
Finished Parsing XDC File [/home/chethana/XILINX/New_IP_Accelerator/terrain_robot_hardware/terrain_robot_hardware.gen/sources_1/bd/design_1/ip/design_1_ila_0_0/ila_v6_2/constraints/ila.xdc] for cell 'design_1_i/ila_0/inst'
Parsing XDC File [/home/chethana/XILINX/New_IP_Accelerator/terrain_robot_hardware/terrain_robot_hardware.srcs/constrs_1/new/pins.xdc]
WARNING: [Vivado 12-584] No ports matched 'arduino_cmd_tri_o[0]'. [/home/chethana/XILINX/New_IP_Accelerator/terrain_robot_hardware/terrain_robot_hardware.srcs/constrs_1/new/pins.xdc:34]
WARNING: [Vivado 12-584] No ports matched 'arduino_cmd_tri_o[0]'. [/home/chethana/XILINX/New_IP_Accelerator/terrain_robot_hardware/terrain_robot_hardware.srcs/constrs_1/new/pins.xdc:35]
WARNING: [Vivado 12-584] No ports matched 'arduino_cmd_tri_o[1]'. [/home/chethana/XILINX/New_IP_Accelerator/terrain_robot_hardware/terrain_robot_hardware.srcs/constrs_1/new/pins.xdc:37]
WARNING: [Vivado 12-584] No ports matched 'arduino_cmd_tri_o[1]'. [/home/chethana/XILINX/New_IP_Accelerator/terrain_robot_hardware/terrain_robot_hardware.srcs/constrs_1/new/pins.xdc:38]
WARNING: [Vivado 12-584] No ports matched 'arduino_cmd_tri_o[2]'. [/home/chethana/XILINX/New_IP_Accelerator/terrain_robot_hardware/terrain_robot_hardware.srcs/constrs_1/new/pins.xdc:40]
WARNING: [Vivado 12-584] No ports matched 'arduino_cmd_tri_o[2]'. [/home/chethana/XILINX/New_IP_Accelerator/terrain_robot_hardware/terrain_robot_hardware.srcs/constrs_1/new/pins.xdc:41]
Finished Parsing XDC File [/home/chethana/XILINX/New_IP_Accelerator/terrain_robot_hardware/terrain_robot_hardware.srcs/constrs_1/new/pins.xdc]
WARNING: [Project 1-498] One or more constraints failed evaluation while reading constraint file [/home/chethana/XILINX/New_IP_Accelerator/terrain_robot_hardware/terrain_robot_hardware.srcs/constrs_1/new/pins.xdc] and the design contains unresolved black boxes. These constraints will be read post-synthesis (as long as their source constraint file is marked as used_in_implementation) and should be applied correctly then. You should review the constraints listed in the file [.Xil/design_1_wrapper_propImpl.xdc] and check the run log file to verify that these constraints were correctly applied.
INFO: [Project 1-236] Implementation specific constraints were found while reading constraint file [/home/chethana/XILINX/New_IP_Accelerator/terrain_robot_hardware/terrain_robot_hardware.srcs/constrs_1/new/pins.xdc]. These constraints will be ignored for synthesis but will be used in implementation. Impacted constraints are listed in the file [.Xil/design_1_wrapper_propImpl.xdc].
Resolution: To avoid this warning, move constraints listed in [.Xil/design_1_wrapper_propImpl.xdc] to another XDC file and exclude this new file from synthesis with the used_in_synthesis property (File Properties dialog in GUI) and re-run elaboration/synthesis.
Parsing XDC File [/home/chethana/XILINX/New_IP_Accelerator/terrain_robot_hardware/terrain_robot_hardware.runs/synth_1/dont_touch.xdc]
Finished Parsing XDC File [/home/chethana/XILINX/New_IP_Accelerator/terrain_robot_hardware/terrain_robot_hardware.runs/synth_1/dont_touch.xdc]
INFO: [Project 1-236] Implementation specific constraints were found while reading constraint file [/home/chethana/XILINX/New_IP_Accelerator/terrain_robot_hardware/terrain_robot_hardware.runs/synth_1/dont_touch.xdc]. These constraints will be ignored for synthesis but will be used in implementation. Impacted constraints are listed in the file [.Xil/design_1_wrapper_propImpl.xdc].
Resolution: To avoid this warning, move constraints listed in [.Xil/design_1_wrapper_propImpl.xdc] to another XDC file and exclude this new file from synthesis with the used_in_synthesis property (File Properties dialog in GUI) and re-run elaboration/synthesis.
Parsing XDC File [/home/chethana/XILINX/New_IP_Accelerator/terrain_robot_hardware/terrain_robot_hardware.gen/sources_1/bd/design_1/ip/design_1_axi_quad_spi_0_0/design_1_axi_quad_spi_0_0_clocks.xdc] for cell 'design_1_i/axi_quad_spi_0/U0'
Finished Parsing XDC File [/home/chethana/XILINX/New_IP_Accelerator/terrain_robot_hardware/terrain_robot_hardware.gen/sources_1/bd/design_1/ip/design_1_axi_quad_spi_0_0/design_1_axi_quad_spi_0_0_clocks.xdc] for cell 'design_1_i/axi_quad_spi_0/U0'
INFO: [Vivado 12-3272] Current instance is the top level cell 'design_1_i/axi_quad_spi_0/U0/NO_DUAL_QUAD_MODE.QSPI_NORMAL/QSPI_LEGACY_MD_GEN.QSPI_CORE_INTERFACE_I/FIFO_EXISTS.RX_FIFO_II/gnuram_async_fifo.xpm_fifo_base_inst/gen_cdc_pntr.rd_pntr_cdc_inst' of design 'preSynthElab_1' [/tools/Xilinx/Vivado/2020.2/data/ip/xpm/xpm_cdc/tcl/xpm_cdc_gray.tcl:16]
WARNING: [XPM_CDC_GRAY: TCL-1000] The source and destination clocks are the same. 
     Instance: design_1_i/axi_quad_spi_0/U0/NO_DUAL_QUAD_MODE.QSPI_NORMAL/QSPI_LEGACY_MD_GEN.QSPI_CORE_INTERFACE_I/FIFO_EXISTS.RX_FIFO_II/gnuram_async_fifo.xpm_fifo_base_inst/gen_cdc_pntr.rd_pntr_cdc_inst 
  This will add unnecessary latency to the design. Please check the design for the following: 
 1) Manually instantiated XPM_CDC modules: Xilinx recommends that you remove these modules. 
 2) Xilinx IP that contains XPM_CDC modules: Verify the connections to the IP to determine whether you can safely ignore this message.
 [/tools/Xilinx/Vivado/2020.2/data/ip/xpm/xpm_cdc/tcl/xpm_cdc_gray.tcl:16]
INFO: [Vivado 12-3272] Current instance is the top level cell 'design_1_i/axi_quad_spi_0/U0/NO_DUAL_QUAD_MODE.QSPI_NORMAL/QSPI_LEGACY_MD_GEN.QSPI_CORE_INTERFACE_I/FIFO_EXISTS.RX_FIFO_II/gnuram_async_fifo.xpm_fifo_base_inst/gen_cdc_pntr.wr_pntr_cdc_inst' of design 'preSynthElab_1' [/tools/Xilinx/Vivado/2020.2/data/ip/xpm/xpm_cdc/tcl/xpm_cdc_gray.tcl:16]
WARNING: [XPM_CDC_GRAY: TCL-1000] The source and destination clocks are the same. 
     Instance: design_1_i/axi_quad_spi_0/U0/NO_DUAL_QUAD_MODE.QSPI_NORMAL/QSPI_LEGACY_MD_GEN.QSPI_CORE_INTERFACE_I/FIFO_EXISTS.RX_FIFO_II/gnuram_async_fifo.xpm_fifo_base_inst/gen_cdc_pntr.wr_pntr_cdc_inst 
  This will add unnecessary latency to the design. Please check the design for the following: 
 1) Manually instantiated XPM_CDC modules: Xilinx recommends that you remove these modules. 
 2) Xilinx IP that contains XPM_CDC modules: Verify the connections to the IP to determine whether you can safely ignore this message.
 [/tools/Xilinx/Vivado/2020.2/data/ip/xpm/xpm_cdc/tcl/xpm_cdc_gray.tcl:16]
INFO: [Vivado 12-3272] Current instance is the top level cell 'design_1_i/axi_quad_spi_0/U0/NO_DUAL_QUAD_MODE.QSPI_NORMAL/QSPI_LEGACY_MD_GEN.QSPI_CORE_INTERFACE_I/FIFO_EXISTS.TX_FIFO_II/xpm_fifo_instance.xpm_fifo_async_inst/gnuram_async_fifo.xpm_fifo_base_inst/gen_cdc_pntr.rd_pntr_cdc_inst' of design 'preSynthElab_1' [/tools/Xilinx/Vivado/2020.2/data/ip/xpm/xpm_cdc/tcl/xpm_cdc_gray.tcl:16]
WARNING: [XPM_CDC_GRAY: TCL-1000] The source and destination clocks are the same. 
     Instance: design_1_i/axi_quad_spi_0/U0/NO_DUAL_QUAD_MODE.QSPI_NORMAL/QSPI_LEGACY_MD_GEN.QSPI_CORE_INTERFACE_I/FIFO_EXISTS.TX_FIFO_II/xpm_fifo_instance.xpm_fifo_async_inst/gnuram_async_fifo.xpm_fifo_base_inst/gen_cdc_pntr.rd_pntr_cdc_inst 
  This will add unnecessary latency to the design. Please check the design for the following: 
 1) Manually instantiated XPM_CDC modules: Xilinx recommends that you remove these modules. 
 2) Xilinx IP that contains XPM_CDC modules: Verify the connections to the IP to determine whether you can safely ignore this message.
 [/tools/Xilinx/Vivado/2020.2/data/ip/xpm/xpm_cdc/tcl/xpm_cdc_gray.tcl:16]
INFO: [Vivado 12-3272] Current instance is the top level cell 'design_1_i/axi_quad_spi_0/U0/NO_DUAL_QUAD_MODE.QSPI_NORMAL/QSPI_LEGACY_MD_GEN.QSPI_CORE_INTERFACE_I/FIFO_EXISTS.TX_FIFO_II/xpm_fifo_instance.xpm_fifo_async_inst/gnuram_async_fifo.xpm_fifo_base_inst/gen_cdc_pntr.wr_pntr_cdc_inst' of design 'preSynthElab_1' [/tools/Xilinx/Vivado/2020.2/data/ip/xpm/xpm_cdc/tcl/xpm_cdc_gray.tcl:16]
WARNING: [XPM_CDC_GRAY: TCL-1000] The source and destination clocks are the same. 
     Instance: design_1_i/axi_quad_spi_0/U0/NO_DUAL_QUAD_MODE.QSPI_NORMAL/QSPI_LEGACY_MD_GEN.QSPI_CORE_INTERFACE_I/FIFO_EXISTS.TX_FIFO_II/xpm_fifo_instance.xpm_fifo_async_inst/gnuram_async_fifo.xpm_fifo_base_inst/gen_cdc_pntr.wr_pntr_cdc_inst 
  This will add unnecessary latency to the design. Please check the design for the following: 
 1) Manually instantiated XPM_CDC modules: Xilinx recommends that you remove these modules. 
 2) Xilinx IP that contains XPM_CDC modules: Verify the connections to the IP to determine whether you can safely ignore this message.
 [/tools/Xilinx/Vivado/2020.2/data/ip/xpm/xpm_cdc/tcl/xpm_cdc_gray.tcl:16]
INFO: [Vivado 12-3272] Current instance is the top level cell 'design_1_i/axi_quad_spi_0/U0/NO_DUAL_QUAD_MODE.QSPI_NORMAL/QSPI_LEGACY_MD_GEN.QSPI_CORE_INTERFACE_I/FIFO_EXISTS.RX_FIFO_II/gnuram_async_fifo.xpm_fifo_base_inst/gen_cdc_pntr.wr_pntr_cdc_dc_inst' of design 'preSynthElab_1' [/tools/Xilinx/Vivado/2020.2/data/ip/xpm/xpm_cdc/tcl/xpm_cdc_gray.tcl:16]
WARNING: [XPM_CDC_GRAY: TCL-1000] The source and destination clocks are the same. 
     Instance: design_1_i/axi_quad_spi_0/U0/NO_DUAL_QUAD_MODE.QSPI_NORMAL/QSPI_LEGACY_MD_GEN.QSPI_CORE_INTERFACE_I/FIFO_EXISTS.RX_FIFO_II/gnuram_async_fifo.xpm_fifo_base_inst/gen_cdc_pntr.wr_pntr_cdc_dc_inst 
  This will add unnecessary latency to the design. Please check the design for the following: 
 1) Manually instantiated XPM_CDC modules: Xilinx recommends that you remove these modules. 
 2) Xilinx IP that contains XPM_CDC modules: Verify the connections to the IP to determine whether you can safely ignore this message.
 [/tools/Xilinx/Vivado/2020.2/data/ip/xpm/xpm_cdc/tcl/xpm_cdc_gray.tcl:16]
INFO: [Vivado 12-3272] Current instance is the top level cell 'design_1_i/axi_quad_spi_0/U0/NO_DUAL_QUAD_MODE.QSPI_NORMAL/QSPI_LEGACY_MD_GEN.QSPI_CORE_INTERFACE_I/FIFO_EXISTS.TX_FIFO_II/xpm_fifo_instance.xpm_fifo_async_inst/gnuram_async_fifo.xpm_fifo_base_inst/gen_cdc_pntr.wr_pntr_cdc_dc_inst' of design 'preSynthElab_1' [/tools/Xilinx/Vivado/2020.2/data/ip/xpm/xpm_cdc/tcl/xpm_cdc_gray.tcl:16]
WARNING: [XPM_CDC_GRAY: TCL-1000] The source and destination clocks are the same. 
     Instance: design_1_i/axi_quad_spi_0/U0/NO_DUAL_QUAD_MODE.QSPI_NORMAL/QSPI_LEGACY_MD_GEN.QSPI_CORE_INTERFACE_I/FIFO_EXISTS.TX_FIFO_II/xpm_fifo_instance.xpm_fifo_async_inst/gnuram_async_fifo.xpm_fifo_base_inst/gen_cdc_pntr.wr_pntr_cdc_dc_inst 
  This will add unnecessary latency to the design. Please check the design for the following: 
 1) Manually instantiated XPM_CDC modules: Xilinx recommends that you remove these modules. 
 2) Xilinx IP that contains XPM_CDC modules: Verify the connections to the IP to determine whether you can safely ignore this message.
 [/tools/Xilinx/Vivado/2020.2/data/ip/xpm/xpm_cdc/tcl/xpm_cdc_gray.tcl:16]
INFO: [Vivado 12-3272] Current instance is the top level cell 'design_1_i/axi_quad_spi_0/U0/NO_DUAL_QUAD_MODE.QSPI_NORMAL/QSPI_LEGACY_MD_GEN.QSPI_CORE_INTERFACE_I/FIFO_EXISTS.RX_FIFO_II/gnuram_async_fifo.xpm_fifo_base_inst/gen_cdc_pntr.rd_pntr_cdc_dc_inst' of design 'preSynthElab_1' [/tools/Xilinx/Vivado/2020.2/data/ip/xpm/xpm_cdc/tcl/xpm_cdc_gray.tcl:16]
WARNING: [XPM_CDC_GRAY: TCL-1000] The source and destination clocks are the same. 
     Instance: design_1_i/axi_quad_spi_0/U0/NO_DUAL_QUAD_MODE.QSPI_NORMAL/QSPI_LEGACY_MD_GEN.QSPI_CORE_INTERFACE_I/FIFO_EXISTS.RX_FIFO_II/gnuram_async_fifo.xpm_fifo_base_inst/gen_cdc_pntr.rd_pntr_cdc_dc_inst 
  This will add unnecessary latency to the design. Please check the design for the following: 
 1) Manually instantiated XPM_CDC modules: Xilinx recommends that you remove these modules. 
 2) Xilinx IP that contains XPM_CDC modules: Verify the connections to the IP to determine whether you can safely ignore this message.
 [/tools/Xilinx/Vivado/2020.2/data/ip/xpm/xpm_cdc/tcl/xpm_cdc_gray.tcl:16]
INFO: [Vivado 12-3272] Current instance is the top level cell 'design_1_i/axi_quad_spi_0/U0/NO_DUAL_QUAD_MODE.QSPI_NORMAL/QSPI_LEGACY_MD_GEN.QSPI_CORE_INTERFACE_I/FIFO_EXISTS.TX_FIFO_II/xpm_fifo_instance.xpm_fifo_async_inst/gnuram_async_fifo.xpm_fifo_base_inst/gen_cdc_pntr.rd_pntr_cdc_dc_inst' of design 'preSynthElab_1' [/tools/Xilinx/Vivado/2020.2/data/ip/xpm/xpm_cdc/tcl/xpm_cdc_gray.tcl:16]
WARNING: [XPM_CDC_GRAY: TCL-1000] The source and destination clocks are the same. 
     Instance: design_1_i/axi_quad_spi_0/U0/NO_DUAL_QUAD_MODE.QSPI_NORMAL/QSPI_LEGACY_MD_GEN.QSPI_CORE_INTERFACE_I/FIFO_EXISTS.TX_FIFO_II/xpm_fifo_instance.xpm_fifo_async_inst/gnuram_async_fifo.xpm_fifo_base_inst/gen_cdc_pntr.rd_pntr_cdc_dc_inst 
  This will add unnecessary latency to the design. Please check the design for the following: 
 1) Manually instantiated XPM_CDC modules: Xilinx recommends that you remove these modules. 
 2) Xilinx IP that contains XPM_CDC modules: Verify the connections to the IP to determine whether you can safely ignore this message.
 [/tools/Xilinx/Vivado/2020.2/data/ip/xpm/xpm_cdc/tcl/xpm_cdc_gray.tcl:16]
INFO: [Project 1-236] Implementation specific constraints were found while reading constraint file [/tools/Xilinx/Vivado/2020.2/data/ip/xpm/xpm_cdc/tcl/xpm_cdc_gray.tcl]. These constraints will be ignored for synthesis but will be used in implementation. Impacted constraints are listed in the file [.Xil/design_1_wrapper_propImpl.xdc].
Resolution: To avoid this warning, move constraints listed in [.Xil/design_1_wrapper_propImpl.xdc] to another XDC file and exclude this new file from synthesis with the used_in_synthesis property (File Properties dialog in GUI) and re-run elaboration/synthesis.
INFO: [Project 1-236] Implementation specific constraints were found while reading constraint file [/tools/Xilinx/Vivado/2020.2/data/ip/xpm/xpm_fifo/tcl/xpm_fifo_rst.tcl]. These constraints will be ignored for synthesis but will be used in implementation. Impacted constraints are listed in the file [.Xil/design_1_wrapper_propImpl.xdc].
Resolution: To avoid this warning, move constraints listed in [.Xil/design_1_wrapper_propImpl.xdc] to another XDC file and exclude this new file from synthesis with the used_in_synthesis property (File Properties dialog in GUI) and re-run elaboration/synthesis.
INFO: [Project 1-1715] 3 XPM XDC files have been applied to the design.
Completed Processing XDC Constraints

Netlist sorting complete. Time (s): cpu = 00:00:00 ; elapsed = 00:00:00.01 . Memory (MB): peak = 3056.621 ; gain = 0.000 ; free physical = 3931 ; free virtual = 13838
INFO: [Project 1-111] Unisim Transformation Summary:
  A total of 368 instances were transformed.
  CFGLUT5 => CFGLUT5 (SRL16E, SRLC32E): 172 instances
  CFGLUT5 => SRLC32E: 40 instances
  FD => FDRE: 11 instances
  FDR => FDRE: 127 instances
  FDRSE => FDRSE (FDRE, LUT4, VCC): 17 instances
  SRL16 => SRL16E: 1 instance 

Constraint Validation Runtime : Time (s): cpu = 00:00:00.14 ; elapsed = 00:00:00.15 . Memory (MB): peak = 3056.621 ; gain = 0.000 ; free physical = 3931 ; free virtual = 13839
---------------------------------------------------------------------------------
Finished Constraint Validation : Time (s): cpu = 00:00:41 ; elapsed = 00:01:30 . Memory (MB): peak = 3056.621 ; gain = 686.230 ; free physical = 4112 ; free virtual = 14020
---------------------------------------------------------------------------------
---------------------------------------------------------------------------------
Start Loading Part and Timing Information
---------------------------------------------------------------------------------
Loading part: xc7z020clg400-2
---------------------------------------------------------------------------------
Finished Loading Part and Timing Information : Time (s): cpu = 00:00:41 ; elapsed = 00:01:30 . Memory (MB): peak = 3056.621 ; gain = 686.230 ; free physical = 4112 ; free virtual = 14020
---------------------------------------------------------------------------------
---------------------------------------------------------------------------------
Start Applying 'set_property' XDC Constraints
---------------------------------------------------------------------------------
Applied set_property KEEP_HIERARCHY = SOFT for design_1_i/processing_system7_0/inst. (constraint file  /home/chethana/XILINX/New_IP_Accelerator/terrain_robot_hardware/terrain_robot_hardware.runs/synth_1/dont_touch.xdc, line 46).
Applied set_property KEEP_HIERARCHY = SOFT for design_1_i/rst_ps7_0_50M/U0. (constraint file  /home/chethana/XILINX/New_IP_Accelerator/terrain_robot_hardware/terrain_robot_hardware.runs/synth_1/dont_touch.xdc, line 49).
Applied set_property KEEP_HIERARCHY = SOFT for design_1_i/GPIO_1_tri_o/U0. (constraint file  /home/chethana/XILINX/New_IP_Accelerator/terrain_robot_hardware/terrain_robot_hardware.runs/synth_1/dont_touch.xdc, line 57).
Applied set_property KEEP_HIERARCHY = SOFT for design_1_i/axi_quad_spi_0/U0. (constraint file  /home/chethana/XILINX/New_IP_Accelerator/terrain_robot_hardware/terrain_robot_hardware.runs/synth_1/dont_touch.xdc, line 65).
Applied set_property KEEP_HIERARCHY = SOFT for design_1_i/axi_gpio_1/U0. (constraint file  /home/chethana/XILINX/New_IP_Accelerator/terrain_robot_hardware/terrain_robot_hardware.runs/synth_1/dont_touch.xdc, line 76).
Applied set_property KEEP_HIERARCHY = SOFT for design_1_i/jtag_axi_0/inst. (constraint file  /home/chethana/XILINX/New_IP_Accelerator/terrain_robot_hardware/terrain_robot_hardware.runs/synth_1/dont_touch.xdc, line 84).
Applied set_property KEEP_HIERARCHY = SOFT for design_1_i/ila_0/inst. (constraint file  /home/chethana/XILINX/New_IP_Accelerator/terrain_robot_hardware/terrain_robot_hardware.runs/synth_1/dont_touch.xdc, line 87).
Applied set_property KEEP_HIERARCHY = SOFT for design_1_i. (constraint file  auto generated constraint).
Applied set_property KEEP_HIERARCHY = SOFT for design_1_i/processing_system7_0. (constraint file  auto generated constraint).
Applied set_property KEEP_HIERARCHY = SOFT for design_1_i/ps7_0_axi_periph/xbar. (constraint file  auto generated constraint).
Applied set_property KEEP_HIERARCHY = SOFT for design_1_i/ps7_0_axi_periph/s00_couplers/auto_pc. (constraint file  auto generated constraint).
Applied set_property KEEP_HIERARCHY = SOFT for design_1_i/ps7_0_axi_periph/s01_couplers/auto_pc. (constraint file  auto generated constraint).
Applied set_property KEEP_HIERARCHY = SOFT for design_1_i/ps7_0_axi_periph. (constraint file  auto generated constraint).
Applied set_property KEEP_HIERARCHY = SOFT for design_1_i/rst_ps7_0_50M. (constraint file  auto generated constraint).
Applied set_property KEEP_HIERARCHY = SOFT for design_1_i/terrain_classifier_v2_0. (constraint file  auto generated constraint).
Applied set_property KEEP_HIERARCHY = SOFT for design_1_i/GPIO_1_tri_o. (constraint file  auto generated constraint).
Applied set_property KEEP_HIERARCHY = SOFT for design_1_i/axi_quad_spi_0. (constraint file  auto generated constraint).
Applied set_property KEEP_HIERARCHY = SOFT for design_1_i/axi_gpio_1. (constraint file  auto generated constraint).
Applied set_property KEEP_HIERARCHY = SOFT for design_1_i/jtag_axi_0. (constraint file  auto generated constraint).
Applied set_property KEEP_HIERARCHY = SOFT for design_1_i/ila_0. (constraint file  auto generated constraint).
Applied set_property KEEP_HIERARCHY = SOFT for design_1_i/axi_quad_spi_0/U0/\NO_DUAL_QUAD_MODE.QSPI_NORMAL /\QSPI_LEGACY_MD_GEN.QSPI_CORE_INTERFACE_I /\FIFO_EXISTS.RX_FIFO_II /\gnuram_async_fifo.xpm_fifo_base_inst /\gen_cdc_pntr.rd_pntr_cdc_inst . (constraint file  auto generated constraint).
Applied set_property KEEP_HIERARCHY = SOFT for design_1_i/axi_quad_spi_0/U0/\NO_DUAL_QUAD_MODE.QSPI_NORMAL /\QSPI_LEGACY_MD_GEN.QSPI_CORE_INTERFACE_I /\FIFO_EXISTS.TX_FIFO_II /\xpm_fifo_instance.xpm_fifo_async_inst /\gnuram_async_fifo.xpm_fifo_base_inst /\gen_cdc_pntr.rd_pntr_cdc_inst . (constraint file  auto generated constraint).
Applied set_property KEEP_HIERARCHY = SOFT for design_1_i/axi_quad_spi_0/U0/\NO_DUAL_QUAD_MODE.QSPI_NORMAL /\QSPI_LEGACY_MD_GEN.QSPI_CORE_INTERFACE_I /\FIFO_EXISTS.RX_FIFO_II /\gnuram_async_fifo.xpm_fifo_base_inst /\gen_cdc_pntr.wr_pntr_cdc_inst . (constraint file  auto generated constraint).
Applied set_property KEEP_HIERARCHY = SOFT for design_1_i/axi_quad_spi_0/U0/\NO_DUAL_QUAD_MODE.QSPI_NORMAL /\QSPI_LEGACY_MD_GEN.QSPI_CORE_INTERFACE_I /\FIFO_EXISTS.TX_FIFO_II /\xpm_fifo_instance.xpm_fifo_async_inst /\gnuram_async_fifo.xpm_fifo_base_inst /\gen_cdc_pntr.wr_pntr_cdc_inst . (constraint file  auto generated constraint).
Applied set_property KEEP_HIERARCHY = SOFT for design_1_i/axi_quad_spi_0/U0/\NO_DUAL_QUAD_MODE.QSPI_NORMAL /\QSPI_LEGACY_MD_GEN.QSPI_CORE_INTERFACE_I /\FIFO_EXISTS.RX_FIFO_II /\gnuram_async_fifo.xpm_fifo_base_inst /\gen_cdc_pntr.rd_pntr_cdc_dc_inst . (constraint file  auto generated constraint).
Applied set_property KEEP_HIERARCHY = SOFT for design_1_i/axi_quad_spi_0/U0/\NO_DUAL_QUAD_MODE.QSPI_NORMAL /\QSPI_LEGACY_MD_GEN.QSPI_CORE_INTERFACE_I /\FIFO_EXISTS.TX_FIFO_II /\xpm_fifo_instance.xpm_fifo_async_inst /\gnuram_async_fifo.xpm_fifo_base_inst /\gen_cdc_pntr.rd_pntr_cdc_dc_inst . (constraint file  auto generated constraint).
Applied set_property KEEP_HIERARCHY = SOFT for design_1_i/axi_quad_spi_0/U0/\NO_DUAL_QUAD_MODE.QSPI_NORMAL /\QSPI_LEGACY_MD_GEN.QSPI_CORE_INTERFACE_I /\FIFO_EXISTS.RX_FIFO_II /\gnuram_async_fifo.xpm_fifo_base_inst /\gen_cdc_pntr.wr_pntr_cdc_dc_inst . (constraint file  auto generated constraint).
Applied set_property KEEP_HIERARCHY = SOFT for design_1_i/axi_quad_spi_0/U0/\NO_DUAL_QUAD_MODE.QSPI_NORMAL /\QSPI_LEGACY_MD_GEN.QSPI_CORE_INTERFACE_I /\FIFO_EXISTS.TX_FIFO_II /\xpm_fifo_instance.xpm_fifo_async_inst /\gnuram_async_fifo.xpm_fifo_base_inst /\gen_cdc_pntr.wr_pntr_cdc_dc_inst . (constraint file  auto generated constraint).
Applied set_property KEEP_HIERARCHY = SOFT for design_1_i/jtag_axi_0/inst/jtag_axi_engine_u/tx_fifo_i/inst_fifo_gen/\gconvfifo.rf /\grf.rf /\gntv_or_sync_fifo.gcx.clkx /rd_pntr_cdc_inst. (constraint file  auto generated constraint).
Applied set_property KEEP_HIERARCHY = SOFT for design_1_i/jtag_axi_0/inst/jtag_axi_engine_u/rx_fifo_i/inst_fifo_gen/\gconvfifo.rf /\grf.rf /\gntv_or_sync_fifo.gcx.clkx /rd_pntr_cdc_inst. (constraint file  auto generated constraint).
Applied set_property KEEP_HIERARCHY = SOFT for design_1_i/jtag_axi_0/inst/jtag_axi_engine_u/tx_fifo_i/inst_fifo_gen/\gconvfifo.rf /\grf.rf /\gntv_or_sync_fifo.gcx.clkx /wr_pntr_cdc_inst. (constraint file  auto generated constraint).
Applied set_property KEEP_HIERARCHY = SOFT for design_1_i/jtag_axi_0/inst/jtag_axi_engine_u/rx_fifo_i/inst_fifo_gen/\gconvfifo.rf /\grf.rf /\gntv_or_sync_fifo.gcx.clkx /wr_pntr_cdc_inst. (constraint file  auto generated constraint).
Applied set_property KEEP_HIERARCHY = SOFT for design_1_i/jtag_axi_0/inst/jtag_axi_engine_u/wr_cmd_fifo_i/inst_fifo_gen/\gconvfifo.rf /\grf.rf /\gntv_or_sync_fifo.gcx.clkx /rd_pntr_cdc_inst. (constraint file  auto generated constraint).
Applied set_property KEEP_HIERARCHY = SOFT for design_1_i/jtag_axi_0/inst/jtag_axi_engine_u/rd_cmd_fifo_i/inst_fifo_gen/\gconvfifo.rf /\grf.rf /\gntv_or_sync_fifo.gcx.clkx /rd_pntr_cdc_inst. (constraint file  auto generated constraint).
Applied set_property KEEP_HIERARCHY = SOFT for design_1_i/jtag_axi_0/inst/jtag_axi_engine_u/wr_cmd_fifo_i/inst_fifo_gen/\gconvfifo.rf /\grf.rf /\gntv_or_sync_fifo.gcx.clkx /wr_pntr_cdc_inst. (constraint file  auto generated constraint).
Applied set_property KEEP_HIERARCHY = SOFT for design_1_i/jtag_axi_0/inst/jtag_axi_engine_u/rd_cmd_fifo_i/inst_fifo_gen/\gconvfifo.rf /\grf.rf /\gntv_or_sync_fifo.gcx.clkx /wr_pntr_cdc_inst. (constraint file  auto generated constraint).
Applied set_property KEEP_HIERARCHY = SOFT for design_1_i/axi_quad_spi_0/U0/\NO_DUAL_QUAD_MODE.QSPI_NORMAL /\QSPI_LEGACY_MD_GEN.QSPI_CORE_INTERFACE_I /\FIFO_EXISTS.RX_FIFO_II /\gnuram_async_fifo.xpm_fifo_base_inst /xpm_fifo_rst_inst/\gen_rst_ic.rrst_wr_inst . (constraint file  auto generated constraint).
Applied set_property KEEP_HIERARCHY = SOFT for design_1_i/axi_quad_spi_0/U0/\NO_DUAL_QUAD_MODE.QSPI_NORMAL /\QSPI_LEGACY_MD_GEN.QSPI_CORE_INTERFACE_I /\FIFO_EXISTS.TX_FIFO_II /\xpm_fifo_instance.xpm_fifo_async_inst /\gnuram_async_fifo.xpm_fifo_base_inst /xpm_fifo_rst_inst/\gen_rst_ic.rrst_wr_inst . (constraint file  auto generated constraint).
Applied set_property KEEP_HIERARCHY = SOFT for design_1_i/axi_quad_spi_0/U0/\NO_DUAL_QUAD_MODE.QSPI_NORMAL /\QSPI_LEGACY_MD_GEN.QSPI_CORE_INTERFACE_I /\FIFO_EXISTS.RX_FIFO_II /\gnuram_async_fifo.xpm_fifo_base_inst /xpm_fifo_rst_inst/\gen_rst_ic.wrst_rd_inst . (constraint file  auto generated constraint).
Applied set_property KEEP_HIERARCHY = SOFT for design_1_i/axi_quad_spi_0/U0/\NO_DUAL_QUAD_MODE.QSPI_NORMAL /\QSPI_LEGACY_MD_GEN.QSPI_CORE_INTERFACE_I /\FIFO_EXISTS.TX_FIFO_II /\xpm_fifo_instance.xpm_fifo_async_inst /\gnuram_async_fifo.xpm_fifo_base_inst /xpm_fifo_rst_inst/\gen_rst_ic.wrst_rd_inst . (constraint file  auto generated constraint).
Applied set_property KEEP_HIERARCHY = SOFT for design_1_i/axi_quad_spi_0/U0/\NO_DUAL_QUAD_MODE.QSPI_NORMAL /\QSPI_LEGACY_MD_GEN.QSPI_CORE_INTERFACE_I /\FIFO_EXISTS.RX_FIFO_II . (constraint file  auto generated constraint).
Applied set_property KEEP_HIERARCHY = SOFT for design_1_i/axi_quad_spi_0/U0/\NO_DUAL_QUAD_MODE.QSPI_NORMAL /\QSPI_LEGACY_MD_GEN.QSPI_CORE_INTERFACE_I /\FIFO_EXISTS.TX_FIFO_II /\xpm_fifo_instance.xpm_fifo_async_inst . (constraint file  auto generated constraint).
---------------------------------------------------------------------------------
Finished applying 'set_property' XDC Constraints : Time (s): cpu = 00:00:41 ; elapsed = 00:01:30 . Memory (MB): peak = 3056.621 ; gain = 686.230 ; free physical = 4112 ; free virtual = 14021
---------------------------------------------------------------------------------
INFO: [Synth 8-3971] The signal "terrain_classifier_v2_control_s_axi_ram:/gen_write[1].mem_reg" was recognized as a true dual port RAM template.
INFO: [Synth 8-3971] The signal "terrain_classifier_v2_control_s_axi_ram__parameterized0:/gen_write[1].mem_reg" was recognized as a true dual port RAM template.
---------------------------------------------------------------------------------
Finished RTL Optimization Phase 2 : Time (s): cpu = 00:00:47 ; elapsed = 00:01:38 . Memory (MB): peak = 3056.621 ; gain = 686.230 ; free physical = 4062 ; free virtual = 13976
---------------------------------------------------------------------------------
---------------------------------------------------------------------------------
Start RTL Component Statistics 
---------------------------------------------------------------------------------
---------------------------------------------------------------------------------
Finished RTL Component Statistics 
---------------------------------------------------------------------------------
---------------------------------------------------------------------------------
Start Part Resource Summary
---------------------------------------------------------------------------------
Part Resources:
DSPs: 220 (col length:60)
BRAMs: 280 (col length: RAMB18 60 RAMB36 30)
---------------------------------------------------------------------------------
Finished Part Resource Summary
---------------------------------------------------------------------------------
---------------------------------------------------------------------------------
Start Cross Boundary and Area Optimization
---------------------------------------------------------------------------------
INFO: [Synth 8-3971] The signal "design_1_i/terrain_classifier_v2_0/inst/control_s_axi_U/int_output_predictions/gen_write[1].mem_reg" was recognized as a true dual port RAM template.
INFO: [Synth 8-3971] The signal "design_1_i/terrain_classifier_v2_0/inst/control_s_axi_U/int_input_image/gen_write[1].mem_reg" was recognized as a true dual port RAM template.
---------------------------------------------------------------------------------
Finished Cross Boundary and Area Optimization : Time (s): cpu = 00:01:13 ; elapsed = 00:02:08 . Memory (MB): peak = 3056.621 ; gain = 686.230 ; free physical = 3944 ; free virtual = 13907
---------------------------------------------------------------------------------
---------------------------------------------------------------------------------
Start Applying XDC Timing Constraints
---------------------------------------------------------------------------------
---------------------------------------------------------------------------------
Finished Applying XDC Timing Constraints : Time (s): cpu = 00:01:18 ; elapsed = 00:02:14 . Memory (MB): peak = 3056.621 ; gain = 686.230 ; free physical = 3641 ; free virtual = 13605
---------------------------------------------------------------------------------
---------------------------------------------------------------------------------
Start Technology Mapping
---------------------------------------------------------------------------------
INFO: [Synth 8-7052] The timing for the instance design_1_i/terrain_classifier_v2_0/inst/conv1_w_U/terrain_classifier_v2_conv1_w_rom_U/q0_reg (implemented as a Block RAM) might be sub-optimal as no optional output register could be merged into the ram block. Providing additional output register may help in improving timing.
INFO: [Synth 8-7052] The timing for the instance design_1_i/terrain_classifier_v2_0/inst/conv1_w_U/terrain_classifier_v2_conv1_w_rom_U/q0_reg (implemented as a Block RAM) might be sub-optimal as no optional output register could be merged into the ram block. Providing additional output register may help in improving timing.
INFO: [Synth 8-7052] The timing for the instance design_1_i/terrain_classifier_v2_0/inst/conv1_out_V_U/terrain_classifier_v2_conv1_out_V_ram_U/ram_reg_1_0 (implemented as a Block RAM) might be sub-optimal as no optional output register could be merged into the ram block. Providing additional output register may help in improving timing.
INFO: [Synth 8-7052] The timing for the instance design_1_i/terrain_classifier_v2_0/inst/conv1_out_V_U/terrain_classifier_v2_conv1_out_V_ram_U/ram_reg_1_0 (implemented as a Block RAM) might be sub-optimal as no optional output register could be merged into the ram block. Providing additional output register may help in improving timing.
INFO: [Synth 8-7052] The timing for the instance design_1_i/terrain_classifier_v2_0/inst/conv1_out_V_U/terrain_classifier_v2_conv1_out_V_ram_U/ram_reg_1_1 (implemented as a Block RAM) might be sub-optimal as no optional output register could be merged into the ram block. Providing additional output register may help in improving timing.
INFO: [Synth 8-7052] The timing for the instance design_1_i/terrain_classifier_v2_0/inst/conv1_out_V_U/terrain_classifier_v2_conv1_out_V_ram_U/ram_reg_1_1 (implemented as a Block RAM) might be sub-optimal as no optional output register could be merged into the ram block. Providing additional output register may help in improving timing.
INFO: [Synth 8-7052] The timing for the instance design_1_i/terrain_classifier_v2_0/inst/conv1_out_V_U/terrain_classifier_v2_conv1_out_V_ram_U/ram_reg_1_2 (implemented as a Block RAM) might be sub-optimal as no optional output register could be merged into the ram block. Providing additional output register may help in improving timing.
INFO: [Synth 8-7052] The timing for the instance design_1_i/terrain_classifier_v2_0/inst/conv1_out_V_U/terrain_classifier_v2_conv1_out_V_ram_U/ram_reg_1_2 (implemented as a Block RAM) might be sub-optimal as no optional output register could be merged into the ram block. Providing additional output register may help in improving timing.
INFO: [Synth 8-7052] The timing for the instance design_1_i/terrain_classifier_v2_0/inst/conv1_out_V_U/terrain_classifier_v2_conv1_out_V_ram_U/ram_reg_1_3 (implemented as a Block RAM) might be sub-optimal as no optional output register could be merged into the ram block. Providing additional output register may help in improving timing.
INFO: [Synth 8-7052] The timing for the instance design_1_i/terrain_classifier_v2_0/inst/conv1_out_V_U/terrain_classifier_v2_conv1_out_V_ram_U/ram_reg_1_3 (implemented as a Block RAM) might be sub-optimal as no optional output register could be merged into the ram block. Providing additional output register may help in improving timing.
INFO: [Synth 8-7052] The timing for the instance design_1_i/terrain_classifier_v2_0/inst/conv1_out_V_U/terrain_classifier_v2_conv1_out_V_ram_U/ram_reg_1_4 (implemented as a Block RAM) might be sub-optimal as no optional output register could be merged into the ram block. Providing additional output register may help in improving timing.
INFO: [Synth 8-7052] The timing for the instance design_1_i/terrain_classifier_v2_0/inst/conv1_out_V_U/terrain_classifier_v2_conv1_out_V_ram_U/ram_reg_1_4 (implemented as a Block RAM) might be sub-optimal as no optional output register could be merged into the ram block. Providing additional output register may help in improving timing.
INFO: [Synth 8-7052] The timing for the instance design_1_i/terrain_classifier_v2_0/inst/conv1_out_V_U/terrain_classifier_v2_conv1_out_V_ram_U/ram_reg_1_5 (implemented as a Block RAM) might be sub-optimal as no optional output register could be merged into the ram block. Providing additional output register may help in improving timing.
INFO: [Synth 8-7052] The timing for the instance design_1_i/terrain_classifier_v2_0/inst/conv1_out_V_U/terrain_classifier_v2_conv1_out_V_ram_U/ram_reg_1_5 (implemented as a Block RAM) might be sub-optimal as no optional output register could be merged into the ram block. Providing additional output register may help in improving timing.
INFO: [Synth 8-7052] The timing for the instance design_1_i/terrain_classifier_v2_0/inst/conv1_out_V_U/terrain_classifier_v2_conv1_out_V_ram_U/ram_reg_1_6 (implemented as a Block RAM) might be sub-optimal as no optional output register could be merged into the ram block. Providing additional output register may help in improving timing.
INFO: [Synth 8-7052] The timing for the instance design_1_i/terrain_classifier_v2_0/inst/conv1_out_V_U/terrain_classifier_v2_conv1_out_V_ram_U/ram_reg_1_6 (implemented as a Block RAM) might be sub-optimal as no optional output register could be merged into the ram block. Providing additional output register may help in improving timing.
INFO: [Synth 8-7052] The timing for the instance design_1_i/terrain_classifier_v2_0/inst/conv1_out_V_U/terrain_classifier_v2_conv1_out_V_ram_U/ram_reg_1_7 (implemented as a Block RAM) might be sub-optimal as no optional output register could be merged into the ram block. Providing additional output register may help in improving timing.
INFO: [Synth 8-7052] The timing for the instance design_1_i/terrain_classifier_v2_0/inst/conv1_out_V_U/terrain_classifier_v2_conv1_out_V_ram_U/ram_reg_1_7 (implemented as a Block RAM) might be sub-optimal as no optional output register could be merged into the ram block. Providing additional output register may help in improving timing.
INFO: [Synth 8-7052] The timing for the instance design_1_i/terrain_classifier_v2_0/inst/conv1_out_V_U/terrain_classifier_v2_conv1_out_V_ram_U/ram_reg_1_8 (implemented as a Block RAM) might be sub-optimal as no optional output register could be merged into the ram block. Providing additional output register may help in improving timing.
INFO: [Synth 8-7052] The timing for the instance design_1_i/terrain_classifier_v2_0/inst/conv1_out_V_U/terrain_classifier_v2_conv1_out_V_ram_U/ram_reg_1_8 (implemented as a Block RAM) might be sub-optimal as no optional output register could be merged into the ram block. Providing additional output register may help in improving timing.
INFO: [Synth 8-7052] The timing for the instance design_1_i/terrain_classifier_v2_0/inst/conv1_out_V_U/terrain_classifier_v2_conv1_out_V_ram_U/ram_reg_1_9 (implemented as a Block RAM) might be sub-optimal as no optional output register could be merged into the ram block. Providing additional output register may help in improving timing.
INFO: [Synth 8-7052] The timing for the instance design_1_i/terrain_classifier_v2_0/inst/conv1_out_V_U/terrain_classifier_v2_conv1_out_V_ram_U/ram_reg_1_9 (implemented as a Block RAM) might be sub-optimal as no optional output register could be merged into the ram block. Providing additional output register may help in improving timing.
INFO: [Synth 8-7052] The timing for the instance design_1_i/terrain_classifier_v2_0/inst/conv1_out_V_U/terrain_classifier_v2_conv1_out_V_ram_U/ram_reg_1_10 (implemented as a Block RAM) might be sub-optimal as no optional output register could be merged into the ram block. Providing additional output register may help in improving timing.
INFO: [Synth 8-7052] The timing for the instance design_1_i/terrain_classifier_v2_0/inst/conv1_out_V_U/terrain_classifier_v2_conv1_out_V_ram_U/ram_reg_1_10 (implemented as a Block RAM) might be sub-optimal as no optional output register could be merged into the ram block. Providing additional output register may help in improving timing.
INFO: [Synth 8-7052] The timing for the instance design_1_i/terrain_classifier_v2_0/inst/conv1_out_V_U/terrain_classifier_v2_conv1_out_V_ram_U/ram_reg_1_11 (implemented as a Block RAM) might be sub-optimal as no optional output register could be merged into the ram block. Providing additional output register may help in improving timing.
INFO: [Synth 8-7052] The timing for the instance design_1_i/terrain_classifier_v2_0/inst/conv1_out_V_U/terrain_classifier_v2_conv1_out_V_ram_U/ram_reg_1_11 (implemented as a Block RAM) might be sub-optimal as no optional output register could be merged into the ram block. Providing additional output register may help in improving timing.
INFO: [Synth 8-7052] The timing for the instance design_1_i/terrain_classifier_v2_0/inst/conv1_out_V_U/terrain_classifier_v2_conv1_out_V_ram_U/ram_reg_1_12 (implemented as a Block RAM) might be sub-optimal as no optional output register could be merged into the ram block. Providing additional output register may help in improving timing.
INFO: [Synth 8-7052] The timing for the instance design_1_i/terrain_classifier_v2_0/inst/conv1_out_V_U/terrain_classifier_v2_conv1_out_V_ram_U/ram_reg_1_12 (implemented as a Block RAM) might be sub-optimal as no optional output register could be merged into the ram block. Providing additional output register may help in improving timing.
INFO: [Synth 8-7052] The timing for the instance design_1_i/terrain_classifier_v2_0/inst/conv1_out_V_U/terrain_classifier_v2_conv1_out_V_ram_U/ram_reg_1_13 (implemented as a Block RAM) might be sub-optimal as no optional output register could be merged into the ram block. Providing additional output register may help in improving timing.
INFO: [Synth 8-7052] The timing for the instance design_1_i/terrain_classifier_v2_0/inst/conv1_out_V_U/terrain_classifier_v2_conv1_out_V_ram_U/ram_reg_1_13 (implemented as a Block RAM) might be sub-optimal as no optional output register could be merged into the ram block. Providing additional output register may help in improving timing.
INFO: [Synth 8-7052] The timing for the instance design_1_i/terrain_classifier_v2_0/inst/conv1_out_V_U/terrain_classifier_v2_conv1_out_V_ram_U/ram_reg_1_14 (implemented as a Block RAM) might be sub-optimal as no optional output register could be merged into the ram block. Providing additional output register may help in improving timing.
INFO: [Synth 8-7052] The timing for the instance design_1_i/terrain_classifier_v2_0/inst/conv1_out_V_U/terrain_classifier_v2_conv1_out_V_ram_U/ram_reg_1_14 (implemented as a Block RAM) might be sub-optimal as no optional output register could be merged into the ram block. Providing additional output register may help in improving timing.
INFO: [Synth 8-7052] The timing for the instance design_1_i/terrain_classifier_v2_0/inst/conv1_out_V_U/terrain_classifier_v2_conv1_out_V_ram_U/ram_reg_1_15 (implemented as a Block RAM) might be sub-optimal as no optional output register could be merged into the ram block. Providing additional output register may help in improving timing.
INFO: [Synth 8-7052] The timing for the instance design_1_i/terrain_classifier_v2_0/inst/conv1_out_V_U/terrain_classifier_v2_conv1_out_V_ram_U/ram_reg_1_15 (implemented as a Block RAM) might be sub-optimal as no optional output register could be merged into the ram block. Providing additional output register may help in improving timing.
INFO: [Synth 8-7052] The timing for the instance design_1_i/terrain_classifier_v2_0/inst/pool1_out_V_U/terrain_classifier_v2_pool1_out_V_ram_U/ram_reg_0 (implemented as a Block RAM) might be sub-optimal as no optional output register could be merged into the ram block. Providing additional output register may help in improving timing.
INFO: [Synth 8-7052] The timing for the instance design_1_i/terrain_classifier_v2_0/inst/pool1_out_V_U/terrain_classifier_v2_pool1_out_V_ram_U/ram_reg_1 (implemented as a Block RAM) might be sub-optimal as no optional output register could be merged into the ram block. Providing additional output register may help in improving timing.
INFO: [Synth 8-7052] The timing for the instance design_1_i/terrain_classifier_v2_0/inst/pool1_out_V_U/terrain_classifier_v2_pool1_out_V_ram_U/ram_reg_2 (implemented as a Block RAM) might be sub-optimal as no optional output register could be merged into the ram block. Providing additional output register may help in improving timing.
INFO: [Synth 8-7052] The timing for the instance design_1_i/terrain_classifier_v2_0/inst/pool1_out_V_U/terrain_classifier_v2_pool1_out_V_ram_U/ram_reg_3 (implemented as a Block RAM) might be sub-optimal as no optional output register could be merged into the ram block. Providing additional output register may help in improving timing.
INFO: [Synth 8-7052] The timing for the instance design_1_i/terrain_classifier_v2_0/inst/pool1_out_V_U/terrain_classifier_v2_pool1_out_V_ram_U/ram_reg_4 (implemented as a Block RAM) might be sub-optimal as no optional output register could be merged into the ram block. Providing additional output register may help in improving timing.
INFO: [Synth 8-7052] The timing for the instance design_1_i/terrain_classifier_v2_0/inst/pool1_out_V_U/terrain_classifier_v2_pool1_out_V_ram_U/ram_reg_5 (implemented as a Block RAM) might be sub-optimal as no optional output register could be merged into the ram block. Providing additional output register may help in improving timing.
INFO: [Synth 8-7052] The timing for the instance design_1_i/terrain_classifier_v2_0/inst/pool1_out_V_U/terrain_classifier_v2_pool1_out_V_ram_U/ram_reg_6 (implemented as a Block RAM) might be sub-optimal as no optional output register could be merged into the ram block. Providing additional output register may help in improving timing.
INFO: [Synth 8-7052] The timing for the instance design_1_i/terrain_classifier_v2_0/inst/pool1_out_V_U/terrain_classifier_v2_pool1_out_V_ram_U/ram_reg_7 (implemented as a Block RAM) might be sub-optimal as no optional output register could be merged into the ram block. Providing additional output register may help in improving timing.
INFO: [Synth 8-7052] The timing for the instance design_1_i/terrain_classifier_v2_0/inst/conv2_w_U/terrain_classifier_v2_conv2_w_rom_U/q0_reg_0 (implemented as a Block RAM) might be sub-optimal as no optional output register could be merged into the ram block. Providing additional output register may help in improving timing.
INFO: [Synth 8-7052] The timing for the instance design_1_i/terrain_classifier_v2_0/inst/conv2_w_U/terrain_classifier_v2_conv2_w_rom_U/q0_reg_1 (implemented as a Block RAM) might be sub-optimal as no optional output register could be merged into the ram block. Providing additional output register may help in improving timing.
INFO: [Synth 8-7052] The timing for the instance design_1_i/terrain_classifier_v2_0/inst/conv2_w_U/terrain_classifier_v2_conv2_w_rom_U/q0_reg_2 (implemented as a Block RAM) might be sub-optimal as no optional output register could be merged into the ram block. Providing additional output register may help in improving timing.
INFO: [Synth 8-7052] The timing for the instance design_1_i/terrain_classifier_v2_0/inst/conv2_w_U/terrain_classifier_v2_conv2_w_rom_U/q0_reg_3 (implemented as a Block RAM) might be sub-optimal as no optional output register could be merged into the ram block. Providing additional output register may help in improving timing.
INFO: [Synth 8-7052] The timing for the instance design_1_i/terrain_classifier_v2_0/inst/conv2_w_U/terrain_classifier_v2_conv2_w_rom_U/q0_reg_4 (implemented as a Block RAM) might be sub-optimal as no optional output register could be merged into the ram block. Providing additional output register may help in improving timing.
INFO: [Synth 8-7052] The timing for the instance design_1_i/terrain_classifier_v2_0/inst/conv2_w_U/terrain_classifier_v2_conv2_w_rom_U/q0_reg_5 (implemented as a Block RAM) might be sub-optimal as no optional output register could be merged into the ram block. Providing additional output register may help in improving timing.
INFO: [Synth 8-7052] The timing for the instance design_1_i/terrain_classifier_v2_0/inst/conv2_w_U/terrain_classifier_v2_conv2_w_rom_U/q0_reg_6 (implemented as a Block RAM) might be sub-optimal as no optional output register could be merged into the ram block. Providing additional output register may help in improving timing.
INFO: [Synth 8-7052] The timing for the instance design_1_i/terrain_classifier_v2_0/inst/conv2_w_U/terrain_classifier_v2_conv2_w_rom_U/q0_reg_7 (implemented as a Block RAM) might be sub-optimal as no optional output register could be merged into the ram block. Providing additional output register may help in improving timing.
INFO: [Synth 8-7052] The timing for the instance design_1_i/terrain_classifier_v2_0/inst/conv2_out_V_U/terrain_classifier_v2_conv2_out_V_ram_U/ram_reg_0_0 (implemented as a Block RAM) might be sub-optimal as no optional output register could be merged into the ram block. Providing additional output register may help in improving timing.
INFO: [Synth 8-7052] The timing for the instance design_1_i/terrain_classifier_v2_0/inst/conv2_out_V_U/terrain_classifier_v2_conv2_out_V_ram_U/ram_reg_0_0 (implemented as a Block RAM) might be sub-optimal as no optional output register could be merged into the ram block. Providing additional output register may help in improving timing.
INFO: [Synth 8-7052] The timing for the instance design_1_i/terrain_classifier_v2_0/inst/conv2_out_V_U/terrain_classifier_v2_conv2_out_V_ram_U/ram_reg_0_1 (implemented as a Block RAM) might be sub-optimal as no optional output register could be merged into the ram block. Providing additional output register may help in improving timing.
INFO: [Synth 8-7052] The timing for the instance design_1_i/terrain_classifier_v2_0/inst/conv2_out_V_U/terrain_classifier_v2_conv2_out_V_ram_U/ram_reg_0_1 (implemented as a Block RAM) might be sub-optimal as no optional output register could be merged into the ram block. Providing additional output register may help in improving timing.
INFO: [Synth 8-7052] The timing for the instance design_1_i/terrain_classifier_v2_0/inst/conv2_out_V_U/terrain_classifier_v2_conv2_out_V_ram_U/ram_reg_0_2 (implemented as a Block RAM) might be sub-optimal as no optional output register could be merged into the ram block. Providing additional output register may help in improving timing.
INFO: [Synth 8-7052] The timing for the instance design_1_i/terrain_classifier_v2_0/inst/conv2_out_V_U/terrain_classifier_v2_conv2_out_V_ram_U/ram_reg_0_2 (implemented as a Block RAM) might be sub-optimal as no optional output register could be merged into the ram block. Providing additional output register may help in improving timing.
INFO: [Synth 8-7052] The timing for the instance design_1_i/terrain_classifier_v2_0/inst/conv2_out_V_U/terrain_classifier_v2_conv2_out_V_ram_U/ram_reg_0_3 (implemented as a Block RAM) might be sub-optimal as no optional output register could be merged into the ram block. Providing additional output register may help in improving timing.
INFO: [Synth 8-7052] The timing for the instance design_1_i/terrain_classifier_v2_0/inst/conv2_out_V_U/terrain_classifier_v2_conv2_out_V_ram_U/ram_reg_0_3 (implemented as a Block RAM) might be sub-optimal as no optional output register could be merged into the ram block. Providing additional output register may help in improving timing.
INFO: [Synth 8-7052] The timing for the instance design_1_i/terrain_classifier_v2_0/inst/conv2_out_V_U/terrain_classifier_v2_conv2_out_V_ram_U/ram_reg_0_4 (implemented as a Block RAM) might be sub-optimal as no optional output register could be merged into the ram block. Providing additional output register may help in improving timing.
INFO: [Synth 8-7052] The timing for the instance design_1_i/terrain_classifier_v2_0/inst/conv2_out_V_U/terrain_classifier_v2_conv2_out_V_ram_U/ram_reg_0_4 (implemented as a Block RAM) might be sub-optimal as no optional output register could be merged into the ram block. Providing additional output register may help in improving timing.
INFO: [Synth 8-7052] The timing for the instance design_1_i/terrain_classifier_v2_0/inst/conv2_out_V_U/terrain_classifier_v2_conv2_out_V_ram_U/ram_reg_0_5 (implemented as a Block RAM) might be sub-optimal as no optional output register could be merged into the ram block. Providing additional output register may help in improving timing.
INFO: [Synth 8-7052] The timing for the instance design_1_i/terrain_classifier_v2_0/inst/conv2_out_V_U/terrain_classifier_v2_conv2_out_V_ram_U/ram_reg_0_5 (implemented as a Block RAM) might be sub-optimal as no optional output register could be merged into the ram block. Providing additional output register may help in improving timing.
INFO: [Synth 8-7052] The timing for the instance design_1_i/terrain_classifier_v2_0/inst/conv2_out_V_U/terrain_classifier_v2_conv2_out_V_ram_U/ram_reg_0_6 (implemented as a Block RAM) might be sub-optimal as no optional output register could be merged into the ram block. Providing additional output register may help in improving timing.
INFO: [Synth 8-7052] The timing for the instance design_1_i/terrain_classifier_v2_0/inst/conv2_out_V_U/terrain_classifier_v2_conv2_out_V_ram_U/ram_reg_0_6 (implemented as a Block RAM) might be sub-optimal as no optional output register could be merged into the ram block. Providing additional output register may help in improving timing.
INFO: [Synth 8-7052] The timing for the instance design_1_i/terrain_classifier_v2_0/inst/conv2_out_V_U/terrain_classifier_v2_conv2_out_V_ram_U/ram_reg_0_7 (implemented as a Block RAM) might be sub-optimal as no optional output register could be merged into the ram block. Providing additional output register may help in improving timing.
INFO: [Synth 8-7052] The timing for the instance design_1_i/terrain_classifier_v2_0/inst/conv2_out_V_U/terrain_classifier_v2_conv2_out_V_ram_U/ram_reg_0_7 (implemented as a Block RAM) might be sub-optimal as no optional output register could be merged into the ram block. Providing additional output register may help in improving timing.
INFO: [Synth 8-7052] The timing for the instance design_1_i/terrain_classifier_v2_0/inst/conv2_out_V_U/terrain_classifier_v2_conv2_out_V_ram_U/ram_reg_0_8 (implemented as a Block RAM) might be sub-optimal as no optional output register could be merged into the ram block. Providing additional output register may help in improving timing.
INFO: [Synth 8-7052] The timing for the instance design_1_i/terrain_classifier_v2_0/inst/conv2_out_V_U/terrain_classifier_v2_conv2_out_V_ram_U/ram_reg_0_8 (implemented as a Block RAM) might be sub-optimal as no optional output register could be merged into the ram block. Providing additional output register may help in improving timing.
INFO: [Synth 8-7052] The timing for the instance design_1_i/terrain_classifier_v2_0/inst/conv2_out_V_U/terrain_classifier_v2_conv2_out_V_ram_U/ram_reg_0_9 (implemented as a Block RAM) might be sub-optimal as no optional output register could be merged into the ram block. Providing additional output register may help in improving timing.
INFO: [Synth 8-7052] The timing for the instance design_1_i/terrain_classifier_v2_0/inst/conv2_out_V_U/terrain_classifier_v2_conv2_out_V_ram_U/ram_reg_0_9 (implemented as a Block RAM) might be sub-optimal as no optional output register could be merged into the ram block. Providing additional output register may help in improving timing.
INFO: [Synth 8-7052] The timing for the instance design_1_i/terrain_classifier_v2_0/inst/conv2_out_V_U/terrain_classifier_v2_conv2_out_V_ram_U/ram_reg_0_10 (implemented as a Block RAM) might be sub-optimal as no optional output register could be merged into the ram block. Providing additional output register may help in improving timing.
INFO: [Synth 8-7052] The timing for the instance design_1_i/terrain_classifier_v2_0/inst/conv2_out_V_U/terrain_classifier_v2_conv2_out_V_ram_U/ram_reg_0_10 (implemented as a Block RAM) might be sub-optimal as no optional output register could be merged into the ram block. Providing additional output register may help in improving timing.
INFO: [Synth 8-7052] The timing for the instance design_1_i/terrain_classifier_v2_0/inst/conv2_out_V_U/terrain_classifier_v2_conv2_out_V_ram_U/ram_reg_0_11 (implemented as a Block RAM) might be sub-optimal as no optional output register could be merged into the ram block. Providing additional output register may help in improving timing.
INFO: [Synth 8-7052] The timing for the instance design_1_i/terrain_classifier_v2_0/inst/conv2_out_V_U/terrain_classifier_v2_conv2_out_V_ram_U/ram_reg_0_11 (implemented as a Block RAM) might be sub-optimal as no optional output register could be merged into the ram block. Providing additional output register may help in improving timing.
INFO: [Synth 8-7052] The timing for the instance design_1_i/terrain_classifier_v2_0/inst/conv2_out_V_U/terrain_classifier_v2_conv2_out_V_ram_U/ram_reg_0_12 (implemented as a Block RAM) might be sub-optimal as no optional output register could be merged into the ram block. Providing additional output register may help in improving timing.
INFO: [Synth 8-7052] The timing for the instance design_1_i/terrain_classifier_v2_0/inst/conv2_out_V_U/terrain_classifier_v2_conv2_out_V_ram_U/ram_reg_0_12 (implemented as a Block RAM) might be sub-optimal as no optional output register could be merged into the ram block. Providing additional output register may help in improving timing.
INFO: [Synth 8-7052] The timing for the instance design_1_i/terrain_classifier_v2_0/inst/conv2_out_V_U/terrain_classifier_v2_conv2_out_V_ram_U/ram_reg_0_13 (implemented as a Block RAM) might be sub-optimal as no optional output register could be merged into the ram block. Providing additional output register may help in improving timing.
INFO: [Synth 8-7052] The timing for the instance design_1_i/terrain_classifier_v2_0/inst/conv2_out_V_U/terrain_classifier_v2_conv2_out_V_ram_U/ram_reg_0_13 (implemented as a Block RAM) might be sub-optimal as no optional output register could be merged into the ram block. Providing additional output register may help in improving timing.
INFO: [Synth 8-7052] The timing for the instance design_1_i/terrain_classifier_v2_0/inst/conv2_out_V_U/terrain_classifier_v2_conv2_out_V_ram_U/ram_reg_0_14 (implemented as a Block RAM) might be sub-optimal as no optional output register could be merged into the ram block. Providing additional output register may help in improving timing.
INFO: [Synth 8-7052] The timing for the instance design_1_i/terrain_classifier_v2_0/inst/conv2_out_V_U/terrain_classifier_v2_conv2_out_V_ram_U/ram_reg_0_14 (implemented as a Block RAM) might be sub-optimal as no optional output register could be merged into the ram block. Providing additional output register may help in improving timing.
INFO: [Synth 8-7052] The timing for the instance design_1_i/terrain_classifier_v2_0/inst/conv2_out_V_U/terrain_classifier_v2_conv2_out_V_ram_U/ram_reg_0_15 (implemented as a Block RAM) might be sub-optimal as no optional output register could be merged into the ram block. Providing additional output register may help in improving timing.
INFO: [Synth 8-7052] The timing for the instance design_1_i/terrain_classifier_v2_0/inst/conv2_out_V_U/terrain_classifier_v2_conv2_out_V_ram_U/ram_reg_0_15 (implemented as a Block RAM) might be sub-optimal as no optional output register could be merged into the ram block. Providing additional output register may help in improving timing.
INFO: [Synth 8-7052] The timing for the instance design_1_i/terrain_classifier_v2_0/inst/pool2_out_V_U/terrain_classifier_v2_pool2_out_V_ram_U/ram_reg_0 (implemented as a Block RAM) might be sub-optimal as no optional output register could be merged into the ram block. Providing additional output register may help in improving timing.
INFO: [Synth 8-7052] The timing for the instance design_1_i/terrain_classifier_v2_0/inst/pool2_out_V_U/terrain_classifier_v2_pool2_out_V_ram_U/ram_reg_1 (implemented as a Block RAM) might be sub-optimal as no optional output register could be merged into the ram block. Providing additional output register may help in improving timing.
INFO: [Synth 8-7052] The timing for the instance design_1_i/terrain_classifier_v2_0/inst/pool2_out_V_U/terrain_classifier_v2_pool2_out_V_ram_U/ram_reg_2 (implemented as a Block RAM) might be sub-optimal as no optional output register could be merged into the ram block. Providing additional output register may help in improving timing.
INFO: [Synth 8-7052] The timing for the instance design_1_i/terrain_classifier_v2_0/inst/pool2_out_V_U/terrain_classifier_v2_pool2_out_V_ram_U/ram_reg_3 (implemented as a Block RAM) might be sub-optimal as no optional output register could be merged into the ram block. Providing additional output register may help in improving timing.
INFO: [Synth 8-7052] The timing for the instance design_1_i/terrain_classifier_v2_0/inst/conv3_b_U/terrain_classifier_v2_conv3_b_rom_U/q0_reg (implemented as a Block RAM) might be sub-optimal as no optional output register could be merged into the ram block. Providing additional output register may help in improving timing.
INFO: [Synth 8-7052] The timing for the instance design_1_i/terrain_classifier_v2_0/inst/conv3_b_U/terrain_classifier_v2_conv3_b_rom_U/q0_reg (implemented as a Block RAM) might be sub-optimal as no optional output register could be merged into the ram block. Providing additional output register may help in improving timing.
INFO: [Synth 8-7052] The timing for the instance design_1_i/terrain_classifier_v2_0/inst/conv3_w_U/terrain_classifier_v2_conv3_w_rom_U/q0_reg_0_0 (implemented as a Block RAM) might be sub-optimal as no optional output register could be merged into the ram block. Providing additional output register may help in improving timing.
INFO: [Synth 8-7052] The timing for the instance design_1_i/terrain_classifier_v2_0/inst/conv3_w_U/terrain_classifier_v2_conv3_w_rom_U/q0_reg_0_1 (implemented as a Block RAM) might be sub-optimal as no optional output register could be merged into the ram block. Providing additional output register may help in improving timing.
INFO: [Synth 8-7052] The timing for the instance design_1_i/terrain_classifier_v2_0/inst/conv3_w_U/terrain_classifier_v2_conv3_w_rom_U/q0_reg_0_2 (implemented as a Block RAM) might be sub-optimal as no optional output register could be merged into the ram block. Providing additional output register may help in improving timing.
INFO: [Synth 8-7052] The timing for the instance design_1_i/terrain_classifier_v2_0/inst/conv3_w_U/terrain_classifier_v2_conv3_w_rom_U/q0_reg_0_3 (implemented as a Block RAM) might be sub-optimal as no optional output register could be merged into the ram block. Providing additional output register may help in improving timing.
INFO: [Synth 8-7052] The timing for the instance design_1_i/terrain_classifier_v2_0/inst/conv3_w_U/terrain_classifier_v2_conv3_w_rom_U/q0_reg_0_4 (implemented as a Block RAM) might be sub-optimal as no optional output register could be merged into the ram block. Providing additional output register may help in improving timing.
INFO: [Synth 8-7052] The timing for the instance design_1_i/terrain_classifier_v2_0/inst/conv3_w_U/terrain_classifier_v2_conv3_w_rom_U/q0_reg_0_5 (implemented as a Block RAM) might be sub-optimal as no optional output register could be merged into the ram block. Providing additional output register may help in improving timing.
INFO: [Synth 8-7052] The timing for the instance design_1_i/terrain_classifier_v2_0/inst/conv3_w_U/terrain_classifier_v2_conv3_w_rom_U/q0_reg_0_6 (implemented as a Block RAM) might be sub-optimal as no optional output register could be merged into the ram block. Providing additional output register may help in improving timing.
INFO: [Synth 8-7052] The timing for the instance design_1_i/terrain_classifier_v2_0/inst/conv3_w_U/terrain_classifier_v2_conv3_w_rom_U/q0_reg_0_7 (implemented as a Block RAM) might be sub-optimal as no optional output register could be merged into the ram block. Providing additional output register may help in improving timing.
INFO: [Synth 8-7052] The timing for the instance design_1_i/terrain_classifier_v2_0/inst/conv3_w_U/terrain_classifier_v2_conv3_w_rom_U/q0_reg_0_8 (implemented as a Block RAM) might be sub-optimal as no optional output register could be merged into the ram block. Providing additional output register may help in improving timing.
INFO: [Synth 8-7052] The timing for the instance design_1_i/terrain_classifier_v2_0/inst/conv3_w_U/terrain_classifier_v2_conv3_w_rom_U/q0_reg_0_9 (implemented as a Block RAM) might be sub-optimal as no optional output register could be merged into the ram block. Providing additional output register may help in improving timing.
INFO: [Synth 8-7052] The timing for the instance design_1_i/terrain_classifier_v2_0/inst/conv3_w_U/terrain_classifier_v2_conv3_w_rom_U/q0_reg_0_10 (implemented as a Block RAM) might be sub-optimal as no optional output register could be merged into the ram block. Providing additional output register may help in improving timing.
INFO: [Synth 8-7052] The timing for the instance design_1_i/terrain_classifier_v2_0/inst/conv3_w_U/terrain_classifier_v2_conv3_w_rom_U/q0_reg_0_11 (implemented as a Block RAM) might be sub-optimal as no optional output register could be merged into the ram block. Providing additional output register may help in improving timing.
INFO: [Common 17-14] Message 'Synth 8-7052' appears 100 times and further instances of the messages will be disabled. Use the Tcl command set_msg_config to change the current settings.
---------------------------------------------------------------------------------
Finished Technology Mapping : Time (s): cpu = 00:01:26 ; elapsed = 00:02:30 . Memory (MB): peak = 3056.621 ; gain = 686.230 ; free physical = 3667 ; free virtual = 13633
---------------------------------------------------------------------------------
---------------------------------------------------------------------------------
Start IO Insertion
---------------------------------------------------------------------------------
---------------------------------------------------------------------------------
Start Final Netlist Cleanup
---------------------------------------------------------------------------------
---------------------------------------------------------------------------------
Finished Final Netlist Cleanup
---------------------------------------------------------------------------------
WARNING: [Synth 8-3295] tying undriven pin wr_cmd_fifowren_axi_ff_inferred:in0 to constant 0
WARNING: [Synth 8-3295] tying undriven pin rd_cmd_fifowren_axi_ff_inferred:in0 to constant 0
WARNING: [Synth 8-3295] tying undriven pin wr_cmd_fifowren_axi_ff3_inferred:in0 to constant 0
WARNING: [Synth 8-3295] tying undriven pin rd_cmd_fifowren_axi_ff3_inferred:in0 to constant 0
WARNING: [Synth 8-3295] tying undriven pin inst:sl_iport0[36] to constant 0
WARNING: [Synth 8-3295] tying undriven pin inst:sl_iport0[35] to constant 0
WARNING: [Synth 8-3295] tying undriven pin inst:sl_iport0[34] to constant 0
WARNING: [Synth 8-3295] tying undriven pin inst:sl_iport0[33] to constant 0
WARNING: [Synth 8-3295] tying undriven pin inst:sl_iport0[32] to constant 0
WARNING: [Synth 8-3295] tying undriven pin inst:sl_iport0[31] to constant 0
WARNING: [Synth 8-3295] tying undriven pin inst:sl_iport0[30] to constant 0
WARNING: [Synth 8-3295] tying undriven pin inst:sl_iport0[29] to constant 0
WARNING: [Synth 8-3295] tying undriven pin inst:sl_iport0[28] to constant 0
WARNING: [Synth 8-3295] tying undriven pin inst:sl_iport0[27] to constant 0
WARNING: [Synth 8-3295] tying undriven pin inst:sl_iport0[26] to constant 0
WARNING: [Synth 8-3295] tying undriven pin inst:sl_iport0[25] to constant 0
WARNING: [Synth 8-3295] tying undriven pin inst:sl_iport0[24] to constant 0
WARNING: [Synth 8-3295] tying undriven pin inst:sl_iport0[23] to constant 0
WARNING: [Synth 8-3295] tying undriven pin inst:sl_iport0[22] to constant 0
WARNING: [Synth 8-3295] tying undriven pin inst:sl_iport0[21] to constant 0
WARNING: [Synth 8-3295] tying undriven pin inst:sl_iport0[20] to constant 0
WARNING: [Synth 8-3295] tying undriven pin inst:sl_iport0[19] to constant 0
WARNING: [Synth 8-3295] tying undriven pin inst:sl_iport0[18] to constant 0
WARNING: [Synth 8-3295] tying undriven pin inst:sl_iport0[17] to constant 0
WARNING: [Synth 8-3295] tying undriven pin inst:sl_iport0[16] to constant 0
WARNING: [Synth 8-3295] tying undriven pin inst:sl_iport0[15] to constant 0
WARNING: [Synth 8-3295] tying undriven pin inst:sl_iport0[14] to constant 0
WARNING: [Synth 8-3295] tying undriven pin inst:sl_iport0[13] to constant 0
WARNING: [Synth 8-3295] tying undriven pin inst:sl_iport0[12] to constant 0
WARNING: [Synth 8-3295] tying undriven pin inst:sl_iport0[11] to constant 0
WARNING: [Synth 8-3295] tying undriven pin inst:sl_iport0[10] to constant 0
WARNING: [Synth 8-3295] tying undriven pin inst:sl_iport0[9] to constant 0
WARNING: [Synth 8-3295] tying undriven pin inst:sl_iport0[8] to constant 0
WARNING: [Synth 8-3295] tying undriven pin inst:sl_iport0[7] to constant 0
WARNING: [Synth 8-3295] tying undriven pin inst:sl_iport0[6] to constant 0
WARNING: [Synth 8-3295] tying undriven pin inst:sl_iport0[5] to constant 0
WARNING: [Synth 8-3295] tying undriven pin inst:sl_iport0[4] to constant 0
WARNING: [Synth 8-3295] tying undriven pin inst:sl_iport0[3] to constant 0
WARNING: [Synth 8-3295] tying undriven pin inst:sl_iport0[2] to constant 0
WARNING: [Synth 8-3295] tying undriven pin inst:sl_iport0[1] to constant 0
WARNING: [Synth 8-3295] tying undriven pin inst:sl_iport0[0] to constant 0
WARNING: [Synth 8-3295] tying undriven pin dummy_inferred:in0 to constant 0
WARNING: [Synth 8-3295] tying undriven pin inst:sl_iport0[36] to constant 0
WARNING: [Synth 8-3295] tying undriven pin inst:sl_iport0[35] to constant 0
WARNING: [Synth 8-3295] tying undriven pin inst:sl_iport0[34] to constant 0
WARNING: [Synth 8-3295] tying undriven pin inst:sl_iport0[33] to constant 0
WARNING: [Synth 8-3295] tying undriven pin inst:sl_iport0[32] to constant 0
WARNING: [Synth 8-3295] tying undriven pin inst:sl_iport0[31] to constant 0
WARNING: [Synth 8-3295] tying undriven pin inst:sl_iport0[30] to constant 0
WARNING: [Synth 8-3295] tying undriven pin inst:sl_iport0[29] to constant 0
WARNING: [Synth 8-3295] tying undriven pin inst:sl_iport0[28] to constant 0
WARNING: [Synth 8-3295] tying undriven pin inst:sl_iport0[27] to constant 0
WARNING: [Synth 8-3295] tying undriven pin inst:sl_iport0[26] to constant 0
WARNING: [Synth 8-3295] tying undriven pin inst:sl_iport0[25] to constant 0
WARNING: [Synth 8-3295] tying undriven pin inst:sl_iport0[24] to constant 0
WARNING: [Synth 8-3295] tying undriven pin inst:sl_iport0[23] to constant 0
WARNING: [Synth 8-3295] tying undriven pin inst:sl_iport0[22] to constant 0
WARNING: [Synth 8-3295] tying undriven pin inst:sl_iport0[21] to constant 0
WARNING: [Synth 8-3295] tying undriven pin inst:sl_iport0[20] to constant 0
WARNING: [Synth 8-3295] tying undriven pin inst:sl_iport0[19] to constant 0
WARNING: [Synth 8-3295] tying undriven pin inst:sl_iport0[18] to constant 0
WARNING: [Synth 8-3295] tying undriven pin inst:sl_iport0[17] to constant 0
WARNING: [Synth 8-3295] tying undriven pin inst:sl_iport0[16] to constant 0
WARNING: [Synth 8-3295] tying undriven pin inst:sl_iport0[15] to constant 0
WARNING: [Synth 8-3295] tying undriven pin inst:sl_iport0[14] to constant 0
WARNING: [Synth 8-3295] tying undriven pin inst:sl_iport0[13] to constant 0
WARNING: [Synth 8-3295] tying undriven pin inst:sl_iport0[12] to constant 0
WARNING: [Synth 8-3295] tying undriven pin inst:sl_iport0[11] to constant 0
WARNING: [Synth 8-3295] tying undriven pin inst:sl_iport0[10] to constant 0
WARNING: [Synth 8-3295] tying undriven pin inst:sl_iport0[9] to constant 0
WARNING: [Synth 8-3295] tying undriven pin inst:sl_iport0[8] to constant 0
WARNING: [Synth 8-3295] tying undriven pin inst:sl_iport0[7] to constant 0
WARNING: [Synth 8-3295] tying undriven pin inst:sl_iport0[6] to constant 0
WARNING: [Synth 8-3295] tying undriven pin inst:sl_iport0[5] to constant 0
WARNING: [Synth 8-3295] tying undriven pin inst:sl_iport0[4] to constant 0
WARNING: [Synth 8-3295] tying undriven pin inst:sl_iport0[3] to constant 0
WARNING: [Synth 8-3295] tying undriven pin inst:sl_iport0[2] to constant 0
WARNING: [Synth 8-3295] tying undriven pin inst:sl_iport0[1] to constant 0
WARNING: [Synth 8-3295] tying undriven pin inst:sl_iport0[0] to constant 0
WARNING: [Synth 8-3295] tying undriven pin inst:trig_in to constant 0
WARNING: [Synth 8-3295] tying undriven pin inst:trig_out_ack to constant 0
WARNING: [Synth 8-5396] Clock pin C has keep related attribute (keep/mark_debug/dont_touch) which could create extra logic on its net [/tools/Xilinx/Vivado/2020.2/data/ip/xpm/xpm_cdc/hdl/xpm_cdc.sv:385]
WARNING: [Synth 8-5396] Clock pin C has keep related attribute (keep/mark_debug/dont_touch) which could create extra logic on its net [/tools/Xilinx/Vivado/2020.2/data/ip/xpm/xpm_cdc/hdl/xpm_cdc.sv:385]
WARNING: [Synth 8-5396] Clock pin C has keep related attribute (keep/mark_debug/dont_touch) which could create extra logic on its net [/tools/Xilinx/Vivado/2020.2/data/ip/xpm/xpm_cdc/hdl/xpm_cdc.sv:385]
WARNING: [Synth 8-5396] Clock pin C has keep related attribute (keep/mark_debug/dont_touch) which could create extra logic on its net [/tools/Xilinx/Vivado/2020.2/data/ip/xpm/xpm_cdc/hdl/xpm_cdc.sv:385]
WARNING: [Synth 8-5396] Clock pin C has keep related attribute (keep/mark_debug/dont_touch) which could create extra logic on its net [/tools/Xilinx/Vivado/2020.2/data/ip/xpm/xpm_cdc/hdl/xpm_cdc.sv:379]
WARNING: [Synth 8-5396] Clock pin C has keep related attribute (keep/mark_debug/dont_touch) which could create extra logic on its net [/tools/Xilinx/Vivado/2020.2/data/ip/xpm/xpm_cdc/hdl/xpm_cdc.sv:379]
WARNING: [Synth 8-5396] Clock pin C has keep related attribute (keep/mark_debug/dont_touch) which could create extra logic on its net [/tools/Xilinx/Vivado/2020.2/data/ip/xpm/xpm_cdc/hdl/xpm_cdc.sv:379]
WARNING: [Synth 8-5396] Clock pin C has keep related attribute (keep/mark_debug/dont_touch) which could create extra logic on its net [/tools/Xilinx/Vivado/2020.2/data/ip/xpm/xpm_cdc/hdl/xpm_cdc.sv:379]
WARNING: [Synth 8-5396] Clock pin C has keep related attribute (keep/mark_debug/dont_touch) which could create extra logic on its net [/tools/Xilinx/Vivado/2020.2/data/ip/xpm/xpm_cdc/hdl/xpm_cdc.sv:379]
WARNING: [Synth 8-5396] Clock pin C has keep related attribute (keep/mark_debug/dont_touch) which could create extra logic on its net [/tools/Xilinx/Vivado/2020.2/data/ip/xpm/xpm_cdc/hdl/xpm_cdc.sv:379]
WARNING: [Synth 8-5396] Clock pin C has keep related attribute (keep/mark_debug/dont_touch) which could create extra logic on its net [/tools/Xilinx/Vivado/2020.2/data/ip/xpm/xpm_cdc/hdl/xpm_cdc.sv:379]
WARNING: [Synth 8-5396] Clock pin C has keep related attribute (keep/mark_debug/dont_touch) which could create extra logic on its net [/tools/Xilinx/Vivado/2020.2/data/ip/xpm/xpm_cdc/hdl/xpm_cdc.sv:379]
WARNING: [Synth 8-5396] Clock pin C has keep related attribute (keep/mark_debug/dont_touch) which could create extra logic on its net [/tools/Xilinx/Vivado/2020.2/data/ip/xpm/xpm_cdc/hdl/xpm_cdc.sv:399]
WARNING: [Synth 8-5396] Clock pin C has keep related attribute (keep/mark_debug/dont_touch) which could create extra logic on its net [/tools/Xilinx/Vivado/2020.2/data/ip/xpm/xpm_cdc/hdl/xpm_cdc.sv:399]
WARNING: [Synth 8-5396] Clock pin C has keep related attribute (keep/mark_debug/dont_touch) which could create extra logic on its net [/tools/Xilinx/Vivado/2020.2/data/ip/xpm/xpm_cdc/hdl/xpm_cdc.sv:399]
WARNING: [Synth 8-5396] Clock pin C has keep related attribute (keep/mark_debug/dont_touch) which could create extra logic on its net [/tools/Xilinx/Vivado/2020.2/data/ip/xpm/xpm_cdc/hdl/xpm_cdc.sv:399]
WARNING: [Synth 8-5396] Clock pin C has keep related attribute (keep/mark_debug/dont_touch) which could create extra logic on its net [/tools/Xilinx/Vivado/2020.2/data/ip/xpm/xpm_cdc/hdl/xpm_cdc.sv:385]
WARNING: [Synth 8-5396] Clock pin C has keep related attribute (keep/mark_debug/dont_touch) which could create extra logic on its net [/tools/Xilinx/Vivado/2020.2/data/ip/xpm/xpm_cdc/hdl/xpm_cdc.sv:385]
WARNING: [Synth 8-5396] Clock pin C has keep related attribute (keep/mark_debug/dont_touch) which could create extra logic on its net [/tools/Xilinx/Vivado/2020.2/data/ip/xpm/xpm_cdc/hdl/xpm_cdc.sv:385]
WARNING: [Synth 8-5396] Clock pin C has keep related attribute (keep/mark_debug/dont_touch) which could create extra logic on its net [/tools/Xilinx/Vivado/2020.2/data/ip/xpm/xpm_cdc/hdl/xpm_cdc.sv:385]
WARNING: [Synth 8-5396] Clock pin C has keep related attribute (keep/mark_debug/dont_touch) which could create extra logic on its net [/tools/Xilinx/Vivado/2020.2/data/ip/xpm/xpm_cdc/hdl/xpm_cdc.sv:379]
WARNING: [Synth 8-5396] Clock pin C has keep related attribute (keep/mark_debug/dont_touch) which could create extra logic on its net [/tools/Xilinx/Vivado/2020.2/data/ip/xpm/xpm_cdc/hdl/xpm_cdc.sv:379]
WARNING: [Synth 8-5396] Clock pin C has keep related attribute (keep/mark_debug/dont_touch) which could create extra logic on its net [/tools/Xilinx/Vivado/2020.2/data/ip/xpm/xpm_cdc/hdl/xpm_cdc.sv:379]
WARNING: [Synth 8-5396] Clock pin C has keep related attribute (keep/mark_debug/dont_touch) which could create extra logic on its net [/tools/Xilinx/Vivado/2020.2/data/ip/xpm/xpm_cdc/hdl/xpm_cdc.sv:379]
WARNING: [Synth 8-5396] Clock pin C has keep related attribute (keep/mark_debug/dont_touch) which could create extra logic on its net [/tools/Xilinx/Vivado/2020.2/data/ip/xpm/xpm_cdc/hdl/xpm_cdc.sv:379]
WARNING: [Synth 8-5396] Clock pin C has keep related attribute (keep/mark_debug/dont_touch) which could create extra logic on its net [/tools/Xilinx/Vivado/2020.2/data/ip/xpm/xpm_cdc/hdl/xpm_cdc.sv:379]
WARNING: [Synth 8-5396] Clock pin C has keep related attribute (keep/mark_debug/dont_touch) which could create extra logic on its net [/tools/Xilinx/Vivado/2020.2/data/ip/xpm/xpm_cdc/hdl/xpm_cdc.sv:379]
WARNING: [Synth 8-5396] Clock pin C has keep related attribute (keep/mark_debug/dont_touch) which could create extra logic on its net [/tools/Xilinx/Vivado/2020.2/data/ip/xpm/xpm_cdc/hdl/xpm_cdc.sv:379]
WARNING: [Synth 8-5396] Clock pin C has keep related attribute (keep/mark_debug/dont_touch) which could create extra logic on its net [/tools/Xilinx/Vivado/2020.2/data/ip/xpm/xpm_cdc/hdl/xpm_cdc.sv:399]
WARNING: [Synth 8-5396] Clock pin C has keep related attribute (keep/mark_debug/dont_touch) which could create extra logic on its net [/tools/Xilinx/Vivado/2020.2/data/ip/xpm/xpm_cdc/hdl/xpm_cdc.sv:399]
WARNING: [Synth 8-5396] Clock pin C has keep related attribute (keep/mark_debug/dont_touch) which could create extra logic on its net [/tools/Xilinx/Vivado/2020.2/data/ip/xpm/xpm_cdc/hdl/xpm_cdc.sv:399]
WARNING: [Synth 8-5396] Clock pin C has keep related attribute (keep/mark_debug/dont_touch) which could create extra logic on its net [/tools/Xilinx/Vivado/2020.2/data/ip/xpm/xpm_cdc/hdl/xpm_cdc.sv:399]
WARNING: [Synth 8-5396] Clock pin C has keep related attribute (keep/mark_debug/dont_touch) which could create extra logic on its net [/tools/Xilinx/Vivado/2020.2/data/ip/xpm/xpm_cdc/hdl/xpm_cdc.sv:385]
WARNING: [Synth 8-5396] Clock pin C has keep related attribute (keep/mark_debug/dont_touch) which could create extra logic on its net [/tools/Xilinx/Vivado/2020.2/data/ip/xpm/xpm_cdc/hdl/xpm_cdc.sv:385]
WARNING: [Synth 8-5396] Clock pin C has keep related attribute (keep/mark_debug/dont_touch) which could create extra logic on its net [/tools/Xilinx/Vivado/2020.2/data/ip/xpm/xpm_cdc/hdl/xpm_cdc.sv:385]
WARNING: [Synth 8-5396] Clock pin C has keep related attribute (keep/mark_debug/dont_touch) which could create extra logic on its net [/tools/Xilinx/Vivado/2020.2/data/ip/xpm/xpm_cdc/hdl/xpm_cdc.sv:385]
WARNING: [Synth 8-5396] Clock pin C has keep related attribute (keep/mark_debug/dont_touch) which could create extra logic on its net [/tools/Xilinx/Vivado/2020.2/data/ip/xpm/xpm_cdc/hdl/xpm_cdc.sv:385]
WARNING: [Synth 8-5396] Clock pin C has keep related attribute (keep/mark_debug/dont_touch) which could create extra logic on its net [/tools/Xilinx/Vivado/2020.2/data/ip/xpm/xpm_cdc/hdl/xpm_cdc.sv:385]
WARNING: [Synth 8-5396] Clock pin C has keep related attribute (keep/mark_debug/dont_touch) which could create extra logic on its net [/tools/Xilinx/Vivado/2020.2/data/ip/xpm/xpm_cdc/hdl/xpm_cdc.sv:385]
WARNING: [Synth 8-5396] Clock pin C has keep related attribute (keep/mark_debug/dont_touch) which could create extra logic on its net [/tools/Xilinx/Vivado/2020.2/data/ip/xpm/xpm_cdc/hdl/xpm_cdc.sv:385]
WARNING: [Synth 8-5396] Clock pin C has keep related attribute (keep/mark_debug/dont_touch) which could create extra logic on its net [/tools/Xilinx/Vivado/2020.2/data/ip/xpm/xpm_cdc/hdl/xpm_cdc.sv:379]
WARNING: [Synth 8-5396] Clock pin C has keep related attribute (keep/mark_debug/dont_touch) which could create extra logic on its net [/tools/Xilinx/Vivado/2020.2/data/ip/xpm/xpm_cdc/hdl/xpm_cdc.sv:379]
WARNING: [Synth 8-5396] Clock pin C has keep related attribute (keep/mark_debug/dont_touch) which could create extra logic on its net [/tools/Xilinx/Vivado/2020.2/data/ip/xpm/xpm_cdc/hdl/xpm_cdc.sv:379]
WARNING: [Synth 8-5396] Clock pin C has keep related attribute (keep/mark_debug/dont_touch) which could create extra logic on its net [/tools/Xilinx/Vivado/2020.2/data/ip/xpm/xpm_cdc/hdl/xpm_cdc.sv:379]
WARNING: [Synth 8-5396] Clock pin C has keep related attribute (keep/mark_debug/dont_touch) which could create extra logic on its net [/tools/Xilinx/Vivado/2020.2/data/ip/xpm/xpm_cdc/hdl/xpm_cdc.sv:379]
WARNING: [Synth 8-5396] Clock pin C has keep related attribute (keep/mark_debug/dont_touch) which could create extra logic on its net [/tools/Xilinx/Vivado/2020.2/data/ip/xpm/xpm_cdc/hdl/xpm_cdc.sv:379]
WARNING: [Synth 8-5396] Clock pin C has keep related attribute (keep/mark_debug/dont_touch) which could create extra logic on its net [/tools/Xilinx/Vivado/2020.2/data/ip/xpm/xpm_cdc/hdl/xpm_cdc.sv:379]
WARNING: [Synth 8-5396] Clock pin C has keep related attribute (keep/mark_debug/dont_touch) which could create extra logic on its net [/tools/Xilinx/Vivado/2020.2/data/ip/xpm/xpm_cdc/hdl/xpm_cdc.sv:379]
WARNING: [Synth 8-5396] Clock pin C has keep related attribute (keep/mark_debug/dont_touch) which could create extra logic on its net [/tools/Xilinx/Vivado/2020.2/data/ip/xpm/xpm_cdc/hdl/xpm_cdc.sv:379]
WARNING: [Synth 8-5396] Clock pin C has keep related attribute (keep/mark_debug/dont_touch) which could create extra logic on its net [/tools/Xilinx/Vivado/2020.2/data/ip/xpm/xpm_cdc/hdl/xpm_cdc.sv:379]
WARNING: [Synth 8-5396] Clock pin C has keep related attribute (keep/mark_debug/dont_touch) which could create extra logic on its net [/tools/Xilinx/Vivado/2020.2/data/ip/xpm/xpm_cdc/hdl/xpm_cdc.sv:379]
WARNING: [Synth 8-5396] Clock pin C has keep related attribute (keep/mark_debug/dont_touch) which could create extra logic on its net [/tools/Xilinx/Vivado/2020.2/data/ip/xpm/xpm_cdc/hdl/xpm_cdc.sv:379]
WARNING: [Synth 8-5396] Clock pin C has keep related attribute (keep/mark_debug/dont_touch) which could create extra logic on its net [/tools/Xilinx/Vivado/2020.2/data/ip/xpm/xpm_cdc/hdl/xpm_cdc.sv:379]
WARNING: [Synth 8-5396] Clock pin C has keep related attribute (keep/mark_debug/dont_touch) which could create extra logic on its net [/tools/Xilinx/Vivado/2020.2/data/ip/xpm/xpm_cdc/hdl/xpm_cdc.sv:379]
WARNING: [Synth 8-5396] Clock pin C has keep related attribute (keep/mark_debug/dont_touch) which could create extra logic on its net [/tools/Xilinx/Vivado/2020.2/data/ip/xpm/xpm_cdc/hdl/xpm_cdc.sv:379]
WARNING: [Synth 8-5396] Clock pin C has keep related attribute (keep/mark_debug/dont_touch) which could create extra logic on its net [/tools/Xilinx/Vivado/2020.2/data/ip/xpm/xpm_cdc/hdl/xpm_cdc.sv:379]
WARNING: [Synth 8-5396] Clock pin C has keep related attribute (keep/mark_debug/dont_touch) which could create extra logic on its net [/tools/Xilinx/Vivado/2020.2/data/ip/xpm/xpm_cdc/hdl/xpm_cdc.sv:399]
WARNING: [Synth 8-5396] Clock pin C has keep related attribute (keep/mark_debug/dont_touch) which could create extra logic on its net [/tools/Xilinx/Vivado/2020.2/data/ip/xpm/xpm_cdc/hdl/xpm_cdc.sv:399]
WARNING: [Synth 8-5396] Clock pin C has keep related attribute (keep/mark_debug/dont_touch) which could create extra logic on its net [/tools/Xilinx/Vivado/2020.2/data/ip/xpm/xpm_cdc/hdl/xpm_cdc.sv:399]
WARNING: [Synth 8-5396] Clock pin C has keep related attribute (keep/mark_debug/dont_touch) which could create extra logic on its net [/tools/Xilinx/Vivado/2020.2/data/ip/xpm/xpm_cdc/hdl/xpm_cdc.sv:399]
WARNING: [Synth 8-5396] Clock pin C has keep related attribute (keep/mark_debug/dont_touch) which could create extra logic on its net [/tools/Xilinx/Vivado/2020.2/data/ip/xpm/xpm_cdc/hdl/xpm_cdc.sv:399]
WARNING: [Synth 8-5396] Clock pin C has keep related attribute (keep/mark_debug/dont_touch) which could create extra logic on its net [/tools/Xilinx/Vivado/2020.2/data/ip/xpm/xpm_cdc/hdl/xpm_cdc.sv:399]
WARNING: [Synth 8-5396] Clock pin C has keep related attribute (keep/mark_debug/dont_touch) which could create extra logic on its net [/tools/Xilinx/Vivado/2020.2/data/ip/xpm/xpm_cdc/hdl/xpm_cdc.sv:399]
WARNING: [Synth 8-5396] Clock pin C has keep related attribute (keep/mark_debug/dont_touch) which could create extra logic on its net [/tools/Xilinx/Vivado/2020.2/data/ip/xpm/xpm_cdc/hdl/xpm_cdc.sv:399]
WARNING: [Synth 8-5396] Clock pin C has keep related attribute (keep/mark_debug/dont_touch) which could create extra logic on its net [/tools/Xilinx/Vivado/2020.2/data/ip/xpm/xpm_cdc/hdl/xpm_cdc.sv:379]
WARNING: [Synth 8-5396] Clock pin C has keep related attribute (keep/mark_debug/dont_touch) which could create extra logic on its net [/tools/Xilinx/Vivado/2020.2/data/ip/xpm/xpm_cdc/hdl/xpm_cdc.sv:379]
WARNING: [Synth 8-5396] Clock pin C has keep related attribute (keep/mark_debug/dont_touch) which could create extra logic on its net [/tools/Xilinx/Vivado/2020.2/data/ip/xpm/xpm_cdc/hdl/xpm_cdc.sv:379]
WARNING: [Synth 8-5396] Clock pin C has keep related attribute (keep/mark_debug/dont_touch) which could create extra logic on its net [/tools/Xilinx/Vivado/2020.2/data/ip/xpm/xpm_cdc/hdl/xpm_cdc.sv:379]
WARNING: [Synth 8-5396] Clock pin C has keep related attribute (keep/mark_debug/dont_touch) which could create extra logic on its net [/tools/Xilinx/Vivado/2020.2/data/ip/xpm/xpm_cdc/hdl/xpm_cdc.sv:379]
WARNING: [Synth 8-5396] Clock pin C has keep related attribute (keep/mark_debug/dont_touch) which could create extra logic on its net [/tools/Xilinx/Vivado/2020.2/data/ip/xpm/xpm_cdc/hdl/xpm_cdc.sv:379]
WARNING: [Synth 8-5396] Clock pin C has keep related attribute (keep/mark_debug/dont_touch) which could create extra logic on its net [/tools/Xilinx/Vivado/2020.2/data/ip/xpm/xpm_cdc/hdl/xpm_cdc.sv:379]
WARNING: [Synth 8-5396] Clock pin C has keep related attribute (keep/mark_debug/dont_touch) which could create extra logic on its net [/tools/Xilinx/Vivado/2020.2/data/ip/xpm/xpm_cdc/hdl/xpm_cdc.sv:379]
WARNING: [Synth 8-5396] Clock pin C has keep related attribute (keep/mark_debug/dont_touch) which could create extra logic on its net [/tools/Xilinx/Vivado/2020.2/data/ip/xpm/xpm_cdc/hdl/xpm_cdc.sv:379]
WARNING: [Synth 8-5396] Clock pin C has keep related attribute (keep/mark_debug/dont_touch) which could create extra logic on its net [/tools/Xilinx/Vivado/2020.2/data/ip/xpm/xpm_cdc/hdl/xpm_cdc.sv:379]
WARNING: [Synth 8-5396] Clock pin C has keep related attribute (keep/mark_debug/dont_touch) which could create extra logic on its net [/tools/Xilinx/Vivado/2020.2/data/ip/xpm/xpm_cdc/hdl/xpm_cdc.sv:379]
WARNING: [Synth 8-5396] Clock pin C has keep related attribute (keep/mark_debug/dont_touch) which could create extra logic on its net [/tools/Xilinx/Vivado/2020.2/data/ip/xpm/xpm_cdc/hdl/xpm_cdc.sv:379]
WARNING: [Synth 8-5396] Clock pin C has keep related attribute (keep/mark_debug/dont_touch) which could create extra logic on its net [/tools/Xilinx/Vivado/2020.2/data/ip/xpm/xpm_cdc/hdl/xpm_cdc.sv:379]
WARNING: [Synth 8-5396] Clock pin C has keep related attribute (keep/mark_debug/dont_touch) which could create extra logic on its net [/tools/Xilinx/Vivado/2020.2/data/ip/xpm/xpm_cdc/hdl/xpm_cdc.sv:379]
WARNING: [Synth 8-5396] Clock pin C has keep related attribute (keep/mark_debug/dont_touch) which could create extra logic on its net [/tools/Xilinx/Vivado/2020.2/data/ip/xpm/xpm_cdc/hdl/xpm_cdc.sv:379]
WARNING: [Synth 8-5396] Clock pin C has keep related attribute (keep/mark_debug/dont_touch) which could create extra logic on its net [/tools/Xilinx/Vivado/2020.2/data/ip/xpm/xpm_cdc/hdl/xpm_cdc.sv:379]
WARNING: [Synth 8-5396] Clock pin C has keep related attribute (keep/mark_debug/dont_touch) which could create extra logic on its net [/tools/Xilinx/Vivado/2020.2/data/ip/xpm/xpm_cdc/hdl/xpm_cdc.sv:399]
WARNING: [Synth 8-5396] Clock pin C has keep related attribute (keep/mark_debug/dont_touch) which could create extra logic on its net [/tools/Xilinx/Vivado/2020.2/data/ip/xpm/xpm_cdc/hdl/xpm_cdc.sv:399]
WARNING: [Synth 8-5396] Clock pin C has keep related attribute (keep/mark_debug/dont_touch) which could create extra logic on its net [/tools/Xilinx/Vivado/2020.2/data/ip/xpm/xpm_cdc/hdl/xpm_cdc.sv:399]
WARNING: [Synth 8-5396] Clock pin C has keep related attribute (keep/mark_debug/dont_touch) which could create extra logic on its net [/tools/Xilinx/Vivado/2020.2/data/ip/xpm/xpm_cdc/hdl/xpm_cdc.sv:399]
WARNING: [Synth 8-5396] Clock pin C has keep related attribute (keep/mark_debug/dont_touch) which could create extra logic on its net [/tools/Xilinx/Vivado/2020.2/data/ip/xpm/xpm_cdc/hdl/xpm_cdc.sv:399]
WARNING: [Synth 8-5396] Clock pin C has keep related attribute (keep/mark_debug/dont_touch) which could create extra logic on its net [/tools/Xilinx/Vivado/2020.2/data/ip/xpm/xpm_cdc/hdl/xpm_cdc.sv:399]
WARNING: [Synth 8-5396] Clock pin C has keep related attribute (keep/mark_debug/dont_touch) which could create extra logic on its net [/tools/Xilinx/Vivado/2020.2/data/ip/xpm/xpm_cdc/hdl/xpm_cdc.sv:399]
WARNING: [Synth 8-5396] Clock pin C has keep related attribute (keep/mark_debug/dont_touch) which could create extra logic on its net [/tools/Xilinx/Vivado/2020.2/data/ip/xpm/xpm_cdc/hdl/xpm_cdc.sv:399]
WARNING: [Synth 8-5396] Clock pin C has keep related attribute (keep/mark_debug/dont_touch) which could create extra logic on its net [/tools/Xilinx/Vivado/2020.2/data/ip/xpm/xpm_cdc/hdl/xpm_cdc.sv:385]
WARNING: [Synth 8-5396] Clock pin C has keep related attribute (keep/mark_debug/dont_touch) which could create extra logic on its net [/tools/Xilinx/Vivado/2020.2/data/ip/xpm/xpm_cdc/hdl/xpm_cdc.sv:385]
WARNING: [Synth 8-5396] Clock pin C has keep related attribute (keep/mark_debug/dont_touch) which could create extra logic on its net [/tools/Xilinx/Vivado/2020.2/data/ip/xpm/xpm_cdc/hdl/xpm_cdc.sv:385]
WARNING: [Synth 8-5396] Clock pin C has keep related attribute (keep/mark_debug/dont_touch) which could create extra logic on its net [/tools/Xilinx/Vivado/2020.2/data/ip/xpm/xpm_cdc/hdl/xpm_cdc.sv:385]
WARNING: [Synth 8-5396] Clock pin C has keep related attribute (keep/mark_debug/dont_touch) which could create extra logic on its net [/tools/Xilinx/Vivado/2020.2/data/ip/xpm/xpm_cdc/hdl/xpm_cdc.sv:385]
WARNING: [Synth 8-5396] Clock pin C has keep related attribute (keep/mark_debug/dont_touch) which could create extra logic on its net [/tools/Xilinx/Vivado/2020.2/data/ip/xpm/xpm_cdc/hdl/xpm_cdc.sv:385]
WARNING: [Synth 8-5396] Clock pin C has keep related attribute (keep/mark_debug/dont_touch) which could create extra logic on its net [/tools/Xilinx/Vivado/2020.2/data/ip/xpm/xpm_cdc/hdl/xpm_cdc.sv:385]
WARNING: [Synth 8-5396] Clock pin C has keep related attribute (keep/mark_debug/dont_touch) which could create extra logic on its net [/tools/Xilinx/Vivado/2020.2/data/ip/xpm/xpm_cdc/hdl/xpm_cdc.sv:385]
---------------------------------------------------------------------------------
Finished IO Insertion : Time (s): cpu = 00:01:28 ; elapsed = 00:02:32 . Memory (MB): peak = 3056.621 ; gain = 686.230 ; free physical = 3675 ; free virtual = 13641
---------------------------------------------------------------------------------
---------------------------------------------------------------------------------
Start Renaming Generated Instances
---------------------------------------------------------------------------------
---------------------------------------------------------------------------------
Finished Renaming Generated Instances : Time (s): cpu = 00:01:28 ; elapsed = 00:02:32 . Memory (MB): peak = 3056.621 ; gain = 686.230 ; free physical = 3675 ; free virtual = 13640
---------------------------------------------------------------------------------
---------------------------------------------------------------------------------
Start Handling Custom Attributes
---------------------------------------------------------------------------------
---------------------------------------------------------------------------------
Finished Handling Custom Attributes : Time (s): cpu = 00:01:28 ; elapsed = 00:02:33 . Memory (MB): peak = 3056.621 ; gain = 686.230 ; free physical = 3677 ; free virtual = 13642
---------------------------------------------------------------------------------
---------------------------------------------------------------------------------
Start Writing Synthesis Report
---------------------------------------------------------------------------------

Report BlackBoxes: 
+-+--------------+----------+
| |BlackBox name |Instances |
+-+--------------+----------+
+-+--------------+----------+

Report Cell Usage: 
+------+---------+------+
|      |Cell     |Count |
+------+---------+------+
|1     |BIBUF    |   130|
|2     |BUFG     |     1|
|3     |CARRY4   |   373|
|4     |CFGLUT5  |   212|
|5     |DSP48E1  |     4|
|6     |LUT1     |   513|
|7     |LUT2     |  1148|
|8     |LUT3     |  2587|
|9     |LUT4     |  1444|
|10    |LUT5     |  1358|
|11    |LUT6     |  2764|
|12    |MUXCY    |     8|
|13    |MUXF7    |    94|
|14    |MUXF8    |     2|
|15    |PS7      |     1|
|16    |RAM32M   |     6|
|17    |RAM64M   |    72|
|18    |RAM64X1D |     8|
|19    |RAMB18E1 |     6|
|25    |RAMB36E1 |   116|
|74    |SRL16    |     1|
|75    |SRL16E   |    50|
|76    |SRLC16E  |     2|
|77    |SRLC32E  |   100|
|78    |FD       |     2|
|79    |FDR      |    43|
|80    |FDRE     |  9354|
|81    |FDSE     |   171|
|82    |IBUF     |     1|
|83    |OBUF     |     6|
+------+---------+------+
---------------------------------------------------------------------------------
Finished Writing Synthesis Report : Time (s): cpu = 00:01:28 ; elapsed = 00:02:33 . Memory (MB): peak = 3056.621 ; gain = 686.230 ; free physical = 3677 ; free virtual = 13642
---------------------------------------------------------------------------------
Synthesis finished with 0 errors, 0 critical warnings and 177 warnings.
Synthesis Optimization Runtime : Time (s): cpu = 00:01:21 ; elapsed = 00:02:26 . Memory (MB): peak = 3056.621 ; gain = 622.199 ; free physical = 3745 ; free virtual = 13711
Synthesis Optimization Complete : Time (s): cpu = 00:01:28 ; elapsed = 00:02:33 . Memory (MB): peak = 3056.621 ; gain = 686.230 ; free physical = 3745 ; free virtual = 13711
INFO: [Project 1-571] Translating synthesized netlist
Netlist sorting complete. Time (s): cpu = 00:00:00.18 ; elapsed = 00:00:00.18 . Memory (MB): peak = 3056.621 ; gain = 0.000 ; free physical = 3830 ; free virtual = 13796
INFO: [Netlist 29-17] Analyzing 947 Unisim elements for replacement
INFO: [Netlist 29-28] Unisim Transformation completed in 0 CPU seconds
INFO: [Project 1-570] Preparing netlist for logic optimization
INFO: [Chipscope 16-324] Core: design_1_i/ila_0 UUID: be177176-557e-59fe-ace2-fe04795a2b22 
INFO: [Chipscope 16-324] Core: design_1_i/jtag_axi_0 UUID: 53e5f1c3-10b9-52d3-bb10-986c3375587a 
INFO: [Opt 31-138] Pushed 0 inverter(s) to 0 load pin(s).
Netlist sorting complete. Time (s): cpu = 00:00:00 ; elapsed = 00:00:00 . Memory (MB): peak = 3056.621 ; gain = 0.000 ; free physical = 3771 ; free virtual = 13736
INFO: [Project 1-111] Unisim Transformation Summary:
  A total of 346 instances were transformed.
  (MUXCY,XORCY) => CARRY4: 2 instances
  CFGLUT5 => CFGLUT5 (SRL16E, SRLC32E): 172 instances
  CFGLUT5 => SRLC32E: 40 instances
  FD => FDRE: 2 instances
  FDR => FDRE: 43 instances
  RAM32M => RAM32M (RAMD32(x6), RAMS32(x2)): 6 instances
  RAM64M => RAM64M (RAMD64E(x4)): 72 instances
  RAM64X1D => RAM64X1D (RAMD64E(x2)): 8 instances
  SRL16 => SRL16E: 1 instance 

INFO: [Common 17-83] Releasing license: Synthesis
609 Infos, 243 Warnings, 0 Critical Warnings and 0 Errors encountered.
synth_design completed successfully
synth_design: Time (s): cpu = 00:01:38 ; elapsed = 00:02:40 . Memory (MB): peak = 3056.621 ; gain = 686.230 ; free physical = 4096 ; free virtual = 14061
INFO: [Common 17-600] The following parameters have non-default value.
tcl.collectionResultDisplayLimit
INFO: [Common 17-1381] The checkpoint '/home/chethana/XILINX/New_IP_Accelerator/terrain_robot_hardware/terrain_robot_hardware.runs/synth_1/design_1_wrapper.dcp' has been generated.
INFO: [runtcl-4] Executing : report_utilization -file design_1_wrapper_utilization_synth.rpt -pb design_1_wrapper_utilization_synth.pb
INFO: [Common 17-206] Exiting Vivado at Tue Jun  9 19:43:24 2026...
